TransactionID,Date,CustomerID,ProductID,StoreID,Quantity,Discount,PaymentMethod
T00001,2024-06-18 00:00:00,C160,P014,S003,1,0.1,Bank Transfer
T00002,2023-11-02 00:00:00,C171,P030,S004,3,0.15,Bank Transfer
T00003,2024-03-28 00:00:00,C142,P002,S002,2,0.15,Mobile Money
T00004,2024-06-15 00:00:00,C174,P050,S002,5,0.1,Mobile Money
T00005,2024-08-29 00:00:00,C141,P036,S001,3,0.1,Credit Card
T00006,2025-03-28 00:00:00,C111,P036,S005,5,0.1,Mobile Money
T00007,2024-11-09 00:00:00,C114,P009,S004,2,0.15,Credit Card
T00008,2024-05-28 00:00:00,C169,P005,S001,3,0.1,Cash
T00009,2024-09-04 00:00:00,C193,P035,S002,3,0.05,Credit Card
T00010,2024-06-16 00:00:00,C038,P045,S001,1,0.05,Mobile Money
T00011,2025-03-09 00:00:00,C157,P022,S001,4,0.15,Credit Card
T00012,2024-06-06 00:00:00,C184,P042,S004,4,0.15,Credit Card
T00013,2023-10-02 00:00:00,C038,P048,S001,1,0.15,Credit Card
T00014,2024-10-28 00:00:00,C046,P034,S005,4,0,Credit Card
T00015,2025-03-23 00:00:00,C032,P016,S004,2,0.15,Bank Transfer
T00016,2023-12-14 00:00:00,C194,P024,S004,5,0.15,Mobile Money
T00017,2024-12-24 00:00:00,C041,P026,S004,4,0.1,Credit Card
T00018,2025-05-30 00:00:00,C164,P033,S003,5,0.15,Credit Card
T00019,2025-04-21 00:00:00,C071,P011,S004,1,0.1,Credit Card
T00020,2025-01-07 00:00:00,C070,P007,S003,3,0,Credit Card
T00021,2024-11-16 00:00:00,C039,P018,S002,4,0.05,Credit Card
T00022,2024-11-26 00:00:00,C017,P022,S004,4,0.1,Mobile Money
T00023,2024-08-02 00:00:00,C107,P023,S001,2,0.15,Mobile Money
T00024,2025-03-30 00:00:00,C198,P013,S005,1,0.15,Mobile Money
T00025,2024-06-02 00:00:00,C002,P039,S003,3,0.15,Mobile Money
T00026,2024-10-26 00:00:00,C138,P021,S005,5,0.05,Mobile Money
T00027,2024-01-23 00:00:00,C057,P039,S003,4,0.15,Cash
T00028,2024-12-15 00:00:00,C100,P020,S003,4,0.05,Mobile Money
T00029,2025-04-09 00:00:00,C033,P013,S005,5,0,Mobile Money
T00030,2025-02-26 00:00:00,C152,P028,S005,1,0,Mobile Money
T00031,2024-12-16 00:00:00,C035,P019,S004,2,0,Bank Transfer
T00032,2025-01-16 00:00:00,C098,P028,S003,2,0.15,Bank Transfer
T00033,2025-07-20 00:00:00,C087,P021,S004,3,0.15,Bank Transfer
T00034,2023-11-13 00:00:00,C021,P037,S004,1,0,Bank Transfer
T00035,2024-02-16 00:00:00,C058,P047,S001,1,0,Credit Card
T00036,2025-06-03 00:00:00,C052,P049,S001,5,0.05,Credit Card
T00037,2024-01-17 00:00:00,C033,P030,S004,1,0.05,Mobile Money
T00038,2025-05-06 00:00:00,C180,P041,S003,3,0.05,Cash
T00039,2024-10-13 00:00:00,C200,P001,S002,3,0,Cash
T00040,2024-08-02 00:00:00,C080,P011,S005,4,0.15,Credit Card
T00041,2023-12-20 00:00:00,C020,P044,S005,2,0,Bank Transfer
T00042,2024-06-03 00:00:00,C176,P025,S005,1,0,Bank Transfer
T00043,2024-10-30 00:00:00,C137,P011,S004,3,0,Bank Transfer
T00044,2024-12-31 00:00:00,C004,P033,S004,4,0,Mobile Money
T00045,2024-09-30 00:00:00,C093,P045,S004,2,0.15,Credit Card
T00046,2023-11-27 00:00:00,C188,P027,S005,3,0.15,Mobile Money
T00047,2025-05-06 00:00:00,C112,P045,S005,3,0.1,Credit Card
T00048,2025-01-25 00:00:00,C023,P011,S003,4,0.05,Mobile Money
T00049,2025-08-09 00:00:00,C146,P013,S005,4,0.1,Cash
T00050,2025-08-14 00:00:00,C127,P007,S003,2,0.15,Credit Card
T00051,2024-09-25 00:00:00,C091,P026,S003,3,0.1,Bank Transfer
T00052,2025-05-09 00:00:00,C143,P022,S001,5,0.05,Cash
T00053,2024-09-30 00:00:00,C062,P047,S004,4,0.05,Mobile Money
T00054,2024-01-29 00:00:00,C166,P001,S004,4,0,Cash
T00055,2024-06-27 00:00:00,C076,P009,S002,4,0.05,Bank Transfer
T00056,2025-08-19 00:00:00,C170,P028,S005,3,0.15,Bank Transfer
T00057,2024-10-11 00:00:00,C109,P011,S005,3,0.1,Mobile Money
T00058,2024-01-20 00:00:00,C070,P034,S003,3,0.05,Cash
T00059,2025-02-14 00:00:00,C185,P027,S002,3,0,Credit Card
T00060,2024-11-26 00:00:00,C050,P044,S002,4,0.1,Bank Transfer
T00061,2025-03-20 00:00:00,C026,P006,S002,3,0.05,Bank Transfer
T00062,2025-05-03 00:00:00,C046,P027,S003,1,0.05,Bank Transfer
T00063,2024-06-01 00:00:00,C012,P036,S001,5,0.1,Credit Card
T00064,2024-11-15 00:00:00,C164,P048,S004,1,0,Bank Transfer
T00065,2024-05-26 00:00:00,C121,P028,S004,4,0.1,Credit Card
T00066,2024-04-20 00:00:00,C014,P010,S003,4,0,Cash
T00067,2025-02-16 00:00:00,C103,P042,S004,1,0,Credit Card
T00068,2024-03-15 00:00:00,C039,P002,S005,3,0,Credit Card
T00069,2023-11-14 00:00:00,C031,P040,S005,4,0.05,Mobile Money
T00070,2024-12-02 00:00:00,C116,P013,S004,3,0.15,Bank Transfer
T00071,2023-11-18 00:00:00,C146,P044,S005,1,0,Credit Card
T00072,2025-01-05 00:00:00,C161,P012,S002,3,0,Credit Card
T00073,2024-10-08 00:00:00,C062,P022,S002,5,0,Credit Card
T00074,2024-07-01 00:00:00,C001,P014,S004,4,0.15,Bank Transfer
T00075,2024-04-24 00:00:00,C009,P018,S002,3,0.1,Mobile Money
T00076,2025-05-20 00:00:00,C019,P005,S002,3,0.05,Mobile Money
T00077,2025-06-19 00:00:00,C030,P031,S005,2,0.05,Bank Transfer
T00078,2024-07-24 00:00:00,C037,P015,S001,1,0.05,Bank Transfer
T00079,2024-01-06 00:00:00,C153,P018,S005,3,0.15,Cash
T00080,2023-11-21 00:00:00,C120,P021,S003,4,0.1,Mobile Money
T00081,2024-06-20 00:00:00,C113,P009,S001,5,0,Mobile Money
T00082,2023-10-23 00:00:00,C189,P009,S003,5,0.1,Cash
T00083,2024-08-16 00:00:00,C024,P039,S002,5,0,Bank Transfer
T00084,2025-05-28 00:00:00,C148,P038,S001,2,0.15,Mobile Money
T00085,2023-10-13 00:00:00,C072,P014,S002,5,0.15,Mobile Money
T00086,2023-09-17 00:00:00,C024,P018,S004,3,0.15,Bank Transfer
T00087,2024-10-17 00:00:00,C083,P036,S001,2,0.1,Mobile Money
T00088,2025-05-23 00:00:00,C178,P024,S004,3,0.15,Cash
T00089,2025-01-31 00:00:00,C117,P049,S001,3,0.1,Bank Transfer
T00090,2023-11-15 00:00:00,C030,P046,S004,5,0,Mobile Money
T00091,2025-07-26 00:00:00,C106,P039,S001,2,0.1,Mobile Money
T00092,2025-05-06 00:00:00,C161,P049,S004,1,0.05,Bank Transfer
T00093,2023-09-23 00:00:00,C141,P048,S002,3,0.15,Mobile Money
T00094,2023-12-24 00:00:00,C032,P019,S001,5,0.05,Credit Card
T00095,2024-10-13 00:00:00,C080,P030,S005,1,0.15,Cash
T00096,2024-06-08 00:00:00,C058,P048,S001,4,0,Credit Card
T00097,2024-03-16 00:00:00,C128,P038,S003,5,0.1,Mobile Money
T00098,2024-08-15 00:00:00,C124,P009,S004,2,0.15,Credit Card
T00099,2024-10-18 00:00:00,C099,P017,S002,5,0.05,Cash
T00100,2025-07-07 00:00:00,C071,P023,S004,3,0.1,Cash
T00101,2025-06-06 00:00:00,C073,P013,S003,5,0.15,Credit Card
T00102,2025-07-16 00:00:00,C115,P006,S005,4,0.1,Bank Transfer
T00103,2024-12-29 00:00:00,C142,P016,S005,4,0.15,Bank Transfer
T00104,2025-01-18 00:00:00,C049,P032,S002,5,0.15,Credit Card
T00105,2024-01-14 00:00:00,C199,P011,S004,1,0.1,Mobile Money
T00106,2025-01-29 00:00:00,C181,P049,S004,4,0.05,Mobile Money
T00107,2025-03-07 00:00:00,C010,P010,S002,5,0.1,Cash
T00108,2025-08-02 00:00:00,C113,P039,S001,5,0.15,Cash
T00109,2023-11-09 00:00:00,C185,P030,S002,4,0.05,Cash
T00110,2024-07-21 00:00:00,C121,P014,S003,3,0.15,Cash
T00111,2024-03-24 00:00:00,C085,P043,S005,4,0.1,Mobile Money
T00112,2024-01-09 00:00:00,C139,P022,S001,5,0,Credit Card
T00113,2024-10-07 00:00:00,C162,P024,S003,2,0,Mobile Money
T00114,2025-01-18 00:00:00,C026,P027,S001,4,0.05,Bank Transfer
T00115,2025-06-13 00:00:00,C008,P038,S001,3,0,Bank Transfer
T00116,2024-02-14 00:00:00,C092,P033,S003,4,0.05,Credit Card
T00117,2024-06-08 00:00:00,C136,P006,S004,5,0.05,Credit Card
T00118,2024-07-01 00:00:00,C045,P037,S001,5,0.15,Credit Card
T00119,2024-09-16 00:00:00,C128,P033,S005,2,0.05,Mobile Money
T00120,2024-10-26 00:00:00,C164,P024,S003,4,0.1,Cash
T00121,2025-03-19 00:00:00,C120,P018,S003,5,0.05,Cash
T00122,2025-01-22 00:00:00,C114,P030,S003,5,0.1,Mobile Money
T00123,2025-03-30 00:00:00,C177,P042,S003,4,0.1,Credit Card
T00124,2024-01-04 00:00:00,C099,P016,S004,1,0.05,Mobile Money
T00125,2024-06-14 00:00:00,C147,P003,S003,5,0.1,Bank Transfer
T00126,2023-10-21 00:00:00,C006,P001,S004,3,0,Cash
T00127,2025-01-29 00:00:00,C156,P022,S004,3,0.05,Bank Transfer
T00128,2024-09-17 00:00:00,C057,P029,S002,5,0.1,Credit Card
T00129,2024-11-12 00:00:00,C161,P010,S001,1,0.1,Mobile Money
T00130,2025-06-29 00:00:00,C009,P003,S005,3,0.05,Cash
T00131,2024-01-10 00:00:00,C076,P015,S003,4,0.05,Credit Card
T00132,2025-05-20 00:00:00,C034,P007,S005,3,0.1,Credit Card
T00133,2024-04-14 00:00:00,C066,P016,S004,3,0.1,Cash
T00134,2024-05-26 00:00:00,C120,P045,S001,2,0.05,Mobile Money
T00135,2024-08-30 00:00:00,C143,P025,S003,1,0.15,Cash
T00136,2024-07-12 00:00:00,C068,P037,S005,1,0.15,Bank Transfer
T00137,2024-05-26 00:00:00,C173,P024,S003,5,0.15,Bank Transfer
T00138,2024-01-21 00:00:00,C028,P028,S002,4,0,Bank Transfer
T00139,2023-12-31 00:00:00,C157,P027,S002,1,0.15,Bank Transfer
T00140,2025-02-03 00:00:00,C167,P030,S004,1,0.05,Cash
T00141,2023-11-23 00:00:00,C010,P024,S003,4,0,Cash
T00142,2024-09-27 00:00:00,C061,P049,S005,2,0.15,Mobile Money
T00143,2025-08-09 00:00:00,C095,P033,S005,4,0.05,Mobile Money
T00144,2023-12-18 00:00:00,C168,P044,S001,4,0.15,Bank Transfer
T00145,2025-03-10 00:00:00,C009,P009,S003,2,0.15,Mobile Money
T00146,2024-05-12 00:00:00,C061,P039,S003,1,0.1,Bank Transfer
T00147,2024-09-17 00:00:00,C016,P035,S004,3,0.05,Cash
T00148,2024-04-09 00:00:00,C117,P016,S001,2,0,Cash
T00149,2023-10-16 00:00:00,C086,P014,S002,2,0.05,Cash
T00150,2024-08-30 00:00:00,C196,P029,S005,2,0.05,Credit Card
T00151,2024-09-04 00:00:00,C085,P021,S002,5,0,Bank Transfer
T00152,2024-10-21 00:00:00,C038,P044,S002,5,0.1,Credit Card
T00153,2024-04-20 00:00:00,C029,P006,S001,2,0,Bank Transfer
T00154,2025-07-02 00:00:00,C061,P026,S005,3,0,Credit Card
T00155,2024-07-25 00:00:00,C068,P014,S001,2,0.15,Cash
T00156,2024-11-19 00:00:00,C191,P008,S001,4,0.15,Bank Transfer
T00157,2024-09-29 00:00:00,C132,P003,S005,1,0.15,Credit Card
T00158,2024-08-22 00:00:00,C158,P023,S001,5,0.1,Mobile Money
T00159,2025-08-03 00:00:00,C165,P042,S001,1,0.15,Mobile Money
T00160,2023-10-06 00:00:00,C110,P021,S001,4,0.15,Cash
T00161,2025-05-17 00:00:00,C021,P046,S003,5,0.05,Cash
T00162,2024-05-03 00:00:00,C033,P029,S003,5,0.1,Mobile Money
T00163,2025-03-16 00:00:00,C153,P033,S005,3,0.15,Mobile Money
T00164,2024-07-28 00:00:00,C026,P003,S001,5,0.05,Mobile Money
T00165,2025-08-19 00:00:00,C116,P005,S002,4,0.1,Mobile Money
T00166,2025-01-28 00:00:00,C103,P030,S004,1,0.1,Mobile Money
T00167,2023-10-22 00:00:00,C081,P038,S003,3,0.05,Mobile Money
T00168,2024-03-11 00:00:00,C018,P022,S001,1,0,Mobile Money
T00169,2024-08-01 00:00:00,C025,P018,S003,2,0,Bank Transfer
T00170,2024-02-25 00:00:00,C172,P044,S001,4,0.1,Mobile Money
T00171,2023-12-23 00:00:00,C185,P035,S001,3,0.1,Bank Transfer
T00172,2025-01-18 00:00:00,C027,P045,S005,5,0.05,Credit Card
T00173,2024-09-02 00:00:00,C169,P027,S004,2,0,Bank Transfer
T00174,2025-05-22 00:00:00,C143,P010,S003,1,0.1,Credit Card
T00175,2024-11-27 00:00:00,C110,P006,S005,5,0,Bank Transfer
T00176,2025-08-13 00:00:00,C008,P012,S002,3,0.1,Bank Transfer
T00177,2025-08-17 00:00:00,C090,P023,S001,2,0.05,Mobile Money
T00178,2024-04-08 00:00:00,C018,P016,S002,1,0,Credit Card
T00179,2024-04-05 00:00:00,C097,P020,S004,4,0.1,Credit Card
T00180,2024-06-04 00:00:00,C095,P009,S003,3,0,Cash
T00181,2024-06-28 00:00:00,C040,P030,S002,5,0,Cash
T00182,2023-12-31 00:00:00,C070,P029,S004,4,0.15,Mobile Money
T00183,2025-05-21 00:00:00,C107,P012,S003,2,0,Bank Transfer
T00184,2024-08-23 00:00:00,C111,P002,S001,3,0.15,Bank Transfer
T00185,2025-07-02 00:00:00,C012,P030,S002,4,0,Cash
T00186,2024-06-21 00:00:00,C053,P029,S003,2,0.05,Bank Transfer
T00187,2024-09-26 00:00:00,C075,P013,S003,1,0,Mobile Money
T00188,2024-04-22 00:00:00,C192,P016,S004,2,0.05,Mobile Money
T00189,2025-03-26 00:00:00,C137,P044,S002,5,0.1,Cash
T00190,2025-05-30 00:00:00,C102,P020,S001,4,0,Mobile Money
T00191,2023-09-24 00:00:00,C020,P007,S003,5,0.15,Mobile Money
T00192,2023-10-27 00:00:00,C182,P019,S004,3,0,Mobile Money
T00193,2025-01-13 00:00:00,C006,P027,S003,2,0.15,Bank Transfer
T00194,2023-12-08 00:00:00,C023,P010,S004,1,0.05,Mobile Money
T00195,2025-06-07 00:00:00,C151,P016,S004,5,0,Mobile Money
T00196,2024-09-07 00:00:00,C080,P011,S003,2,0.1,Credit Card
T00197,2024-05-23 00:00:00,C020,P025,S005,1,0.05,Bank Transfer
T00198,2025-03-14 00:00:00,C090,P025,S002,2,0,Credit Card
T00199,2025-08-05 00:00:00,C066,P025,S002,2,0.05,Cash
T00200,2023-11-30 00:00:00,C046,P044,S004,4,0.15,Bank Transfer
T00201,2023-09-27 00:00:00,C161,P042,S003,2,0.15,Cash
T00202,2024-01-04 00:00:00,C121,P027,S004,3,0.1,Cash
T00203,2024-01-08 00:00:00,C091,P017,S005,1,0.1,Mobile Money
T00204,2025-07-24 00:00:00,C116,P050,S001,1,0.1,Bank Transfer
T00205,2025-04-19 00:00:00,C020,P004,S001,5,0.15,Mobile Money
T00206,2023-10-14 00:00:00,C149,P043,S005,1,0.15,Credit Card
T00207,2023-10-30 00:00:00,C083,P035,S005,4,0.05,Cash
T00208,2025-03-21 00:00:00,C116,P004,S001,3,0,Credit Card
T00209,2025-03-01 00:00:00,C011,P028,S002,4,0.15,Credit Card
T00210,2024-08-02 00:00:00,C094,P021,S003,3,0.15,Mobile Money
T00211,2025-04-08 00:00:00,C199,P023,S003,5,0,Bank Transfer
T00212,2025-06-16 00:00:00,C017,P045,S003,1,0.15,Bank Transfer
T00213,2024-11-28 00:00:00,C065,P008,S005,2,0.1,Cash
T00214,2024-10-10 00:00:00,C150,P025,S002,3,0.1,Mobile Money
T00215,2025-06-10 00:00:00,C034,P034,S005,1,0.1,Mobile Money
T00216,2024-08-22 00:00:00,C165,P031,S003,2,0,Mobile Money
T00217,2024-12-27 00:00:00,C131,P048,S003,1,0.1,Bank Transfer
T00218,2024-03-10 00:00:00,C047,P048,S002,3,0.15,Credit Card
T00219,2025-04-04 00:00:00,C058,P035,S002,2,0,Bank Transfer
T00220,2024-04-18 00:00:00,C026,P021,S005,5,0,Bank Transfer
T00221,2025-07-29 00:00:00,C197,P002,S005,2,0.15,Credit Card
T00222,2025-04-07 00:00:00,C042,P045,S002,5,0.05,Mobile Money
T00223,2025-08-13 00:00:00,C012,P046,S004,3,0.05,Mobile Money
T00224,2025-06-24 00:00:00,C157,P017,S003,4,0.05,Credit Card
T00225,2023-11-30 00:00:00,C080,P020,S004,2,0.1,Mobile Money
T00226,2024-05-18 00:00:00,C119,P020,S003,4,0.15,Credit Card
T00227,2024-08-25 00:00:00,C052,P032,S005,2,0.1,Cash
T00228,2024-06-13 00:00:00,C165,P026,S004,3,0,Cash
T00229,2025-07-12 00:00:00,C073,P042,S001,2,0.1,Mobile Money
T00230,2024-12-05 00:00:00,C132,P022,S002,4,0,Credit Card
T00231,2025-06-20 00:00:00,C116,P046,S003,1,0.15,Cash
T00232,2025-01-26 00:00:00,C102,P038,S005,3,0.05,Mobile Money
T00233,2024-08-11 00:00:00,C021,P050,S003,2,0,Bank Transfer
T00234,2025-04-18 00:00:00,C026,P021,S003,2,0.05,Cash
T00235,2025-08-10 00:00:00,C074,P007,S004,2,0.15,Mobile Money
T00236,2024-01-27 00:00:00,C158,P050,S001,1,0,Bank Transfer
T00237,2024-05-08 00:00:00,C056,P039,S002,5,0.15,Cash
T00238,2023-09-27 00:00:00,C199,P023,S003,2,0.1,Cash
T00239,2024-04-27 00:00:00,C013,P014,S002,4,0.15,Cash
T00240,2024-09-03 00:00:00,C029,P018,S004,5,0,Credit Card
T00241,2024-10-28 00:00:00,C184,P034,S002,3,0.15,Cash
T00242,2025-03-30 00:00:00,C158,P015,S003,2,0.15,Credit Card
T00243,2025-09-03 00:00:00,C171,P044,S001,5,0.1,Cash
T00244,2024-04-09 00:00:00,C135,P002,S005,5,0,Mobile Money
T00245,2024-09-14 00:00:00,C121,P011,S001,4,0.1,Bank Transfer
T00246,2024-06-03 00:00:00,C192,P030,S001,3,0,Bank Transfer
T00247,2024-12-07 00:00:00,C062,P022,S001,5,0.1,Credit Card
T00248,2023-11-17 00:00:00,C012,P035,S003,5,0.1,Credit Card
T00249,2025-02-02 00:00:00,C200,P039,S004,4,0.05,Credit Card
T00250,2025-07-08 00:00:00,C017,P037,S004,1,0.1,Credit Card
T00251,2024-08-03 00:00:00,C012,P022,S002,1,0.1,Bank Transfer
T00252,2024-03-20 00:00:00,C132,P046,S004,5,0.15,Bank Transfer
T00253,2024-02-20 00:00:00,C010,P004,S002,3,0.1,Cash
T00254,2025-03-16 00:00:00,C168,P046,S003,3,0,Bank Transfer
T00255,2024-11-11 00:00:00,C112,P039,S004,4,0.15,Bank Transfer
T00256,2024-09-29 00:00:00,C048,P015,S004,4,0.1,Bank Transfer
T00257,2024-10-18 00:00:00,C022,P040,S004,1,0.15,Credit Card
T00258,2025-03-27 00:00:00,C140,P046,S003,3,0,Cash
T00259,2025-05-10 00:00:00,C084,P011,S003,3,0.15,Mobile Money
T00260,2025-02-26 00:00:00,C043,P024,S004,3,0.15,Cash
T00261,2023-11-16 00:00:00,C187,P030,S003,5,0.15,Bank Transfer
T00262,2024-08-04 00:00:00,C164,P039,S001,1,0.15,Bank Transfer
T00263,2024-10-03 00:00:00,C132,P035,S002,1,0.05,Mobile Money
T00264,2025-02-19 00:00:00,C009,P037,S002,1,0.05,Bank Transfer
T00265,2025-05-01 00:00:00,C093,P044,S004,5,0,Credit Card
T00266,2024-05-23 00:00:00,C174,P014,S004,3,0.1,Mobile Money
T00267,2023-10-11 00:00:00,C196,P009,S001,5,0.05,Bank Transfer
T00268,2025-01-23 00:00:00,C102,P016,S003,3,0.05,Cash
T00269,2024-05-23 00:00:00,C007,P046,S002,4,0.15,Cash
T00270,2024-02-24 00:00:00,C068,P023,S003,4,0.05,Bank Transfer
T00271,2025-06-20 00:00:00,C178,P040,S004,2,0,Credit Card
T00272,2024-12-03 00:00:00,C019,P002,S004,2,0.15,Cash
T00273,2023-10-20 00:00:00,C175,P014,S003,3,0,Bank Transfer
T00274,2023-11-11 00:00:00,C077,P002,S002,2,0.1,Credit Card
T00275,2025-07-03 00:00:00,C032,P043,S002,2,0.05,Mobile Money
T00276,2023-10-13 00:00:00,C007,P031,S003,5,0.1,Mobile Money
T00277,2024-07-16 00:00:00,C142,P035,S002,5,0,Cash
T00278,2024-10-10 00:00:00,C080,P036,S004,4,0.15,Mobile Money
T00279,2025-07-13 00:00:00,C148,P012,S001,2,0.1,Cash
T00280,2025-02-05 00:00:00,C116,P020,S004,5,0.1,Credit Card
T00281,2024-10-14 00:00:00,C200,P047,S005,5,0.05,Credit Card
T00282,2025-03-09 00:00:00,C111,P023,S005,1,0,Credit Card
T00283,2024-07-12 00:00:00,C078,P026,S002,2,0.1,Credit Card
T00284,2024-06-07 00:00:00,C089,P022,S005,3,0,Bank Transfer
T00285,2024-07-01 00:00:00,C051,P009,S005,3,0.05,Bank Transfer
T00286,2023-10-11 00:00:00,C158,P050,S005,1,0.05,Credit Card
T00287,2024-07-11 00:00:00,C044,P048,S005,5,0.1,Cash
T00288,2024-04-16 00:00:00,C008,P041,S001,1,0.1,Credit Card
T00289,2024-05-25 00:00:00,C197,P001,S005,4,0,Mobile Money
T00290,2024-10-07 00:00:00,C161,P001,S005,3,0.1,Mobile Money
T00291,2025-06-12 00:00:00,C063,P043,S004,3,0.15,Cash
T00292,2024-07-02 00:00:00,C177,P041,S001,2,0.15,Mobile Money
T00293,2025-05-25 00:00:00,C124,P005,S004,2,0.1,Credit Card
T00294,2025-03-20 00:00:00,C081,P015,S003,3,0.15,Credit Card
T00295,2025-04-29 00:00:00,C195,P020,S003,5,0,Bank Transfer
T00296,2025-05-21 00:00:00,C062,P004,S004,1,0.1,Mobile Money
T00297,2024-10-04 00:00:00,C064,P017,S002,1,0,Bank Transfer
T00298,2024-08-21 00:00:00,C099,P009,S005,4,0.05,Credit Card
T00299,2023-11-21 00:00:00,C084,P027,S005,3,0.05,Credit Card
T00300,2023-11-15 00:00:00,C128,P011,S005,4,0.15,Bank Transfer
T00301,2024-12-07 00:00:00,C128,P032,S001,1,0.15,Mobile Money
T00302,2024-12-11 00:00:00,C062,P014,S002,5,0.1,Cash
T00303,2025-09-09 00:00:00,C013,P017,S003,4,0.15,Bank Transfer
T00304,2024-06-08 00:00:00,C138,P014,S001,1,0.15,Credit Card
T00305,2024-10-08 00:00:00,C068,P029,S003,4,0.1,Cash
T00306,2024-10-17 00:00:00,C103,P001,S001,5,0.05,Bank Transfer
T00307,2025-07-14 00:00:00,C142,P012,S003,1,0.15,Mobile Money
T00308,2024-11-23 00:00:00,C196,P023,S005,3,0,Credit Card
T00309,2024-04-07 00:00:00,C025,P049,S004,3,0.1,Bank Transfer
T00310,2023-11-28 00:00:00,C194,P010,S002,2,0.15,Cash
T00311,2024-07-01 00:00:00,C012,P031,S001,2,0.1,Mobile Money
T00312,2025-01-08 00:00:00,C133,P024,S004,2,0.05,Bank Transfer
T00313,2024-12-19 00:00:00,C157,P038,S003,2,0.15,Bank Transfer
T00314,2025-04-13 00:00:00,C152,P028,S003,5,0.15,Bank Transfer
T00315,2023-09-19 00:00:00,C122,P026,S001,3,0.1,Cash
T00316,2025-04-01 00:00:00,C107,P003,S005,3,0,Mobile Money
T00317,2025-02-27 00:00:00,C068,P047,S005,5,0.05,Cash
T00318,2025-05-24 00:00:00,C150,P043,S004,2,0.15,Credit Card
T00319,2025-02-05 00:00:00,C175,P014,S002,1,0,Credit Card
T00320,2024-10-06 00:00:00,C005,P032,S004,3,0.15,Credit Card
T00321,2024-11-08 00:00:00,C106,P016,S002,4,0.15,Cash
T00322,2024-12-03 00:00:00,C181,P018,S002,5,0.05,Bank Transfer
T00323,2025-04-25 00:00:00,C170,P037,S004,5,0.15,Bank Transfer
T00324,2024-04-20 00:00:00,C045,P003,S004,5,0.1,Bank Transfer
T00325,2023-12-29 00:00:00,C174,P014,S003,5,0.15,Credit Card
T00326,2024-10-02 00:00:00,C064,P002,S003,5,0.1,Credit Card
T00327,2025-06-27 00:00:00,C077,P045,S003,2,0.15,Bank Transfer
T00328,2025-05-22 00:00:00,C123,P043,S003,5,0.1,Bank Transfer
T00329,2024-12-13 00:00:00,C032,P036,S005,5,0.15,Mobile Money
T00330,2023-11-17 00:00:00,C089,P034,S002,3,0,Bank Transfer
T00331,2024-11-26 00:00:00,C183,P046,S001,3,0.15,Bank Transfer
T00332,2024-03-11 00:00:00,C192,P002,S004,2,0.05,Bank Transfer
T00333,2024-09-18 00:00:00,C144,P026,S003,2,0,Credit Card
T00334,2025-09-01 00:00:00,C063,P026,S001,5,0.05,Credit Card
T00335,2024-10-26 00:00:00,C014,P041,S001,4,0.1,Mobile Money
T00336,2024-12-12 00:00:00,C026,P014,S002,1,0.05,Mobile Money
T00337,2024-12-20 00:00:00,C168,P043,S004,4,0.05,Bank Transfer
T00338,2024-10-31 00:00:00,C083,P010,S003,1,0,Credit Card
T00339,2024-04-13 00:00:00,C137,P039,S001,2,0.15,Credit Card
T00340,2024-05-08 00:00:00,C010,P010,S004,4,0.05,Bank Transfer
T00341,2023-11-24 00:00:00,C010,P050,S001,3,0,Bank Transfer
T00342,2025-07-08 00:00:00,C073,P037,S004,5,0.15,Credit Card
T00343,2024-11-23 00:00:00,C130,P022,S004,3,0.05,Cash
T00344,2025-02-20 00:00:00,C085,P045,S002,4,0.1,Credit Card
T00345,2025-08-30 00:00:00,C004,P033,S003,3,0.05,Credit Card
T00346,2025-03-28 00:00:00,C157,P014,S004,4,0.1,Cash
T00347,2025-03-03 00:00:00,C103,P030,S001,2,0.05,Mobile Money
T00348,2025-03-10 00:00:00,C083,P025,S002,1,0.1,Mobile Money
T00349,2025-07-12 00:00:00,C061,P025,S004,3,0.1,Bank Transfer
T00350,2024-12-25 00:00:00,C150,P015,S005,1,0.1,Bank Transfer
T00351,2024-12-24 00:00:00,C178,P047,S002,1,0,Mobile Money
T00352,2024-01-04 00:00:00,C079,P011,S002,4,0.1,Cash
T00353,2025-03-14 00:00:00,C164,P015,S003,3,0.05,Credit Card
T00354,2023-12-24 00:00:00,C035,P039,S004,2,0.15,Bank Transfer
T00355,2023-09-16 00:00:00,C107,P031,S005,4,0.05,Credit Card
T00356,2025-08-29 00:00:00,C175,P050,S005,1,0.15,Bank Transfer
T00357,2024-08-20 00:00:00,C020,P015,S005,1,0,Credit Card
T00358,2023-10-28 00:00:00,C147,P049,S005,2,0.05,Bank Transfer
T00359,2025-03-22 00:00:00,C134,P006,S004,1,0.05,Mobile Money
T00360,2024-01-30 00:00:00,C024,P008,S005,4,0,Mobile Money
T00361,2025-08-18 00:00:00,C034,P011,S005,4,0.15,Cash
T00362,2024-06-17 00:00:00,C144,P026,S004,3,0,Mobile Money
T00363,2024-09-09 00:00:00,C066,P018,S001,2,0,Cash
T00364,2024-06-28 00:00:00,C109,P024,S003,1,0,Cash
T00365,2024-06-15 00:00:00,C121,P045,S001,3,0.15,Credit Card
T00366,2025-01-18 00:00:00,C197,P034,S002,4,0.1,Mobile Money
T00367,2024-02-08 00:00:00,C115,P005,S004,4,0,Credit Card
T00368,2023-10-26 00:00:00,C168,P044,S003,1,0.05,Mobile Money
T00369,2025-08-10 00:00:00,C136,P019,S002,2,0,Cash
T00370,2024-12-14 00:00:00,C077,P010,S004,5,0.15,Mobile Money
T00371,2024-04-04 00:00:00,C059,P035,S002,4,0.1,Credit Card
T00372,2024-08-29 00:00:00,C071,P014,S002,1,0,Mobile Money
T00373,2025-05-14 00:00:00,C158,P026,S001,2,0.05,Cash
T00374,2025-07-19 00:00:00,C026,P013,S005,1,0.15,Cash
T00375,2023-11-11 00:00:00,C063,P025,S001,4,0.15,Credit Card
T00376,2025-05-28 00:00:00,C139,P039,S002,1,0.05,Bank Transfer
T00377,2024-05-23 00:00:00,C060,P030,S005,3,0.1,Credit Card
T00378,2025-02-21 00:00:00,C078,P034,S002,5,0.05,Mobile Money
T00379,2024-02-13 00:00:00,C077,P005,S003,1,0.05,Mobile Money
T00380,2025-02-16 00:00:00,C143,P010,S004,1,0.1,Mobile Money
T00381,2024-10-18 00:00:00,C135,P043,S003,4,0.15,Credit Card
T00382,2024-07-27 00:00:00,C077,P021,S004,2,0.15,Credit Card
T00383,2025-02-26 00:00:00,C058,P037,S003,2,0.15,Cash
T00384,2025-04-29 00:00:00,C144,P007,S004,4,0.05,Mobile Money
T00385,2024-11-20 00:00:00,C063,P007,S003,2,0.1,Cash
T00386,2024-07-17 00:00:00,C116,P043,S003,1,0.05,Cash
T00387,2024-04-15 00:00:00,C069,P011,S004,5,0,Cash
T00388,2023-11-24 00:00:00,C049,P024,S005,5,0.05,Mobile Money
T00389,2024-10-19 00:00:00,C054,P020,S003,3,0,Credit Card
T00390,2025-06-10 00:00:00,C049,P048,S001,4,0.05,Credit Card
T00391,2024-10-10 00:00:00,C102,P005,S002,5,0.1,Bank Transfer
T00392,2024-10-09 00:00:00,C098,P041,S004,5,0.1,Bank Transfer
T00393,2024-12-23 00:00:00,C067,P031,S003,5,0.15,Mobile Money
T00394,2024-05-07 00:00:00,C026,P001,S004,3,0.05,Bank Transfer
T00395,2024-12-16 00:00:00,C081,P025,S004,1,0.05,Credit Card
T00396,2024-07-25 00:00:00,C005,P049,S003,5,0.15,Bank Transfer
T00397,2023-11-17 00:00:00,C040,P029,S002,3,0.05,Mobile Money
T00398,2024-10-14 00:00:00,C146,P009,S002,4,0.1,Bank Transfer
T00399,2023-10-04 00:00:00,C196,P017,S004,4,0.15,Credit Card
T00400,2024-01-24 00:00:00,C188,P006,S003,2,0.05,Mobile Money
T00401,2024-07-27 00:00:00,C048,P047,S005,1,0,Cash
T00402,2025-05-13 00:00:00,C172,P021,S001,1,0.15,Credit Card
T00403,2024-05-04 00:00:00,C162,P029,S002,1,0.05,Cash
T00404,2025-01-20 00:00:00,C056,P048,S005,4,0.1,Cash
T00405,2024-08-06 00:00:00,C159,P022,S005,4,0.15,Cash
T00406,2025-05-21 00:00:00,C002,P031,S005,5,0.15,Cash
T00407,2025-06-13 00:00:00,C005,P034,S005,3,0.1,Cash
T00408,2024-12-22 00:00:00,C129,P015,S004,2,0,Cash
T00409,2025-01-21 00:00:00,C135,P037,S002,2,0.05,Bank Transfer
T00410,2024-05-18 00:00:00,C091,P048,S003,4,0,Bank Transfer
T00411,2024-09-24 00:00:00,C104,P002,S004,5,0.05,Credit Card
T00412,2023-10-03 00:00:00,C077,P005,S001,1,0,Mobile Money
T00413,2024-01-20 00:00:00,C098,P030,S004,5,0.15,Cash
T00414,2023-09-19 00:00:00,C164,P034,S001,2,0,Mobile Money
T00415,2025-06-13 00:00:00,C112,P029,S003,5,0,Cash
T00416,2025-04-18 00:00:00,C059,P036,S002,5,0.15,Bank Transfer
T00417,2023-10-19 00:00:00,C012,P004,S001,3,0,Credit Card
T00418,2024-11-12 00:00:00,C081,P033,S001,2,0.05,Mobile Money
T00419,2024-01-30 00:00:00,C020,P029,S003,2,0.05,Mobile Money
T00420,2024-03-30 00:00:00,C174,P029,S005,3,0.15,Credit Card
T00421,2023-11-28 00:00:00,C177,P019,S001,5,0.1,Cash
T00422,2025-07-13 00:00:00,C026,P046,S004,2,0,Bank Transfer
T00423,2023-12-06 00:00:00,C155,P001,S005,5,0.15,Bank Transfer
T00424,2024-04-13 00:00:00,C008,P014,S003,4,0.15,Credit Card
T00425,2024-10-09 00:00:00,C092,P004,S005,4,0.15,Credit Card
T00426,2023-09-11 00:00:00,C175,P024,S005,4,0,Bank Transfer
T00427,2024-12-10 00:00:00,C064,P030,S001,1,0.1,Credit Card
T00428,2025-08-30 00:00:00,C098,P033,S002,4,0.1,Bank Transfer
T00429,2024-02-18 00:00:00,C028,P010,S001,1,0.1,Mobile Money
T00430,2024-03-03 00:00:00,C093,P026,S003,1,0.05,Cash
T00431,2024-01-10 00:00:00,C048,P015,S004,4,0.15,Cash
T00432,2023-12-18 00:00:00,C007,P048,S001,3,0,Bank Transfer
T00433,2024-02-12 00:00:00,C099,P010,S001,3,0.15,Mobile Money
T00434,2025-02-21 00:00:00,C200,P030,S001,5,0.05,Credit Card
T00435,2025-02-20 00:00:00,C176,P028,S004,2,0.05,Bank Transfer
T00436,2024-03-16 00:00:00,C078,P011,S003,4,0.05,Cash
T00437,2024-03-20 00:00:00,C043,P025,S004,3,0.15,Bank Transfer
T00438,2025-05-29 00:00:00,C124,P027,S001,3,0.1,Credit Card
T00439,2024-05-15 00:00:00,C185,P046,S004,5,0.05,Mobile Money
T00440,2023-09-26 00:00:00,C028,P048,S002,3,0,Mobile Money
T00441,2025-08-28 00:00:00,C086,P012,S005,4,0.1,Mobile Money
T00442,2024-08-17 00:00:00,C086,P027,S004,5,0.05,Bank Transfer
T00443,2025-04-06 00:00:00,C083,P028,S005,2,0.15,Bank Transfer
T00444,2024-04-01 00:00:00,C046,P018,S004,3,0.1,Mobile Money
T00445,2025-01-17 00:00:00,C148,P002,S002,3,0.15,Bank Transfer
T00446,2024-10-12 00:00:00,C101,P016,S003,1,0.05,Credit Card
T00447,2025-05-02 00:00:00,C175,P015,S005,1,0.15,Credit Card
T00448,2024-03-31 00:00:00,C113,P044,S003,1,0.15,Mobile Money
T00449,2025-01-02 00:00:00,C036,P038,S003,2,0.1,Credit Card
T00450,2025-05-29 00:00:00,C184,P017,S004,4,0,Mobile Money
T00451,2024-10-24 00:00:00,C154,P041,S004,5,0.15,Mobile Money
T00452,2025-03-31 00:00:00,C140,P033,S001,3,0,Cash
T00453,2024-01-01 00:00:00,C197,P010,S002,3,0.05,Cash
T00454,2025-07-01 00:00:00,C145,P036,S004,3,0.15,Cash
T00455,2025-07-15 00:00:00,C003,P030,S001,3,0.05,Credit Card
T00456,2025-01-17 00:00:00,C115,P043,S003,4,0.15,Credit Card
T00457,2025-04-27 00:00:00,C089,P045,S001,4,0,Bank Transfer
T00458,2025-07-04 00:00:00,C107,P035,S001,1,0.05,Bank Transfer
T00459,2023-11-07 00:00:00,C080,P015,S003,4,0.05,Mobile Money
T00460,2025-03-10 00:00:00,C090,P028,S004,1,0.15,Mobile Money
T00461,2025-01-15 00:00:00,C082,P012,S001,3,0,Cash
T00462,2023-12-06 00:00:00,C006,P043,S003,1,0.05,Credit Card
T00463,2024-11-09 00:00:00,C133,P038,S002,5,0.05,Bank Transfer
T00464,2024-06-04 00:00:00,C144,P012,S004,4,0.05,Mobile Money
T00465,2024-08-12 00:00:00,C162,P049,S002,2,0.15,Mobile Money
T00466,2024-10-03 00:00:00,C008,P007,S005,2,0.15,Mobile Money
T00467,2024-07-08 00:00:00,C100,P011,S001,2,0.05,Bank Transfer
T00468,2024-06-11 00:00:00,C193,P028,S001,5,0,Credit Card
T00469,2024-10-30 00:00:00,C094,P030,S003,2,0.15,Cash
T00470,2025-06-04 00:00:00,C068,P048,S004,5,0.1,Mobile Money
T00471,2023-11-04 00:00:00,C157,P049,S004,5,0,Bank Transfer
T00472,2024-12-09 00:00:00,C091,P019,S004,5,0.05,Bank Transfer
T00473,2024-09-26 00:00:00,C158,P013,S005,1,0.05,Bank Transfer
T00474,2024-01-06 00:00:00,C031,P026,S002,3,0,Credit Card
T00475,2025-03-13 00:00:00,C096,P003,S002,5,0.15,Mobile Money
T00476,2024-05-29 00:00:00,C153,P016,S002,5,0.15,Mobile Money
T00477,2025-03-27 00:00:00,C048,P029,S004,5,0.05,Credit Card
T00478,2024-06-23 00:00:00,C126,P013,S003,2,0.05,Bank Transfer
T00479,2024-11-09 00:00:00,C116,P025,S005,1,0.1,Cash
T00480,2024-12-08 00:00:00,C125,P004,S002,2,0.15,Mobile Money
T00481,2024-12-26 00:00:00,C105,P032,S004,4,0.15,Mobile Money
T00482,2024-07-05 00:00:00,C043,P006,S001,5,0,Credit Card
T00483,2023-09-16 00:00:00,C075,P009,S001,3,0.05,Bank Transfer
T00484,2025-08-30 00:00:00,C044,P029,S004,5,0.15,Cash
T00485,2025-08-13 00:00:00,C147,P028,S001,3,0.1,Cash
T00486,2024-10-28 00:00:00,C195,P027,S004,5,0.05,Mobile Money
T00487,2024-04-13 00:00:00,C027,P013,S002,3,0,Mobile Money
T00488,2024-04-23 00:00:00,C068,P012,S003,1,0.15,Cash
T00489,2025-03-19 00:00:00,C199,P009,S002,2,0.1,Mobile Money
T00490,2025-05-29 00:00:00,C043,P043,S005,2,0.05,Credit Card
T00491,2024-10-13 00:00:00,C016,P028,S005,3,0.1,Credit Card
T00492,2025-04-29 00:00:00,C083,P004,S003,3,0.1,Cash
T00493,2025-03-09 00:00:00,C035,P048,S004,1,0.1,Credit Card
T00494,2024-01-06 00:00:00,C180,P034,S002,2,0.05,Bank Transfer
T00495,2024-07-18 00:00:00,C064,P019,S004,4,0.05,Bank Transfer
T00496,2024-10-05 00:00:00,C161,P043,S004,4,0.15,Cash
T00497,2025-01-05 00:00:00,C163,P042,S001,4,0.1,Bank Transfer
T00498,2024-06-19 00:00:00,C117,P029,S004,3,0,Cash
T00499,2025-08-13 00:00:00,C188,P030,S004,3,0,Mobile Money
T00500,2024-04-25 00:00:00,C056,P050,S004,2,0.15,Bank Transfer
T00501,2023-12-04 00:00:00,C083,P004,S003,3,0.05,Mobile Money
T00502,2025-07-18 00:00:00,C088,P035,S001,1,0,Mobile Money
T00503,2024-11-26 00:00:00,C005,P015,S001,2,0.15,Mobile Money
T00504,2025-08-28 00:00:00,C001,P029,S004,2,0.05,Bank Transfer
T00505,2025-04-25 00:00:00,C041,P045,S003,1,0.1,Bank Transfer
T00506,2023-12-12 00:00:00,C022,P033,S003,2,0,Mobile Money
T00507,2025-01-31 00:00:00,C161,P045,S003,2,0.15,Cash
T00508,2024-08-28 00:00:00,C181,P018,S001,1,0.05,Mobile Money
T00509,2025-07-03 00:00:00,C020,P029,S002,5,0.05,Mobile Money
T00510,2023-12-28 00:00:00,C003,P007,S001,3,0,Mobile Money
T00511,2024-02-16 00:00:00,C178,P011,S002,4,0,Credit Card
T00512,2024-01-03 00:00:00,C099,P019,S001,1,0,Bank Transfer
T00513,2024-12-13 00:00:00,C095,P043,S003,2,0.15,Credit Card
T00514,2025-08-15 00:00:00,C165,P004,S002,1,0,Credit Card
T00515,2025-01-01 00:00:00,C113,P002,S003,2,0.05,Mobile Money
T00516,2023-12-02 00:00:00,C158,P038,S004,2,0,Cash
T00517,2024-06-02 00:00:00,C036,P050,S001,5,0.15,Bank Transfer
T00518,2024-07-13 00:00:00,C110,P023,S003,2,0.05,Bank Transfer
T00519,2025-08-25 00:00:00,C166,P042,S001,2,0.1,Cash
T00520,2025-08-24 00:00:00,C169,P040,S003,2,0.05,Mobile Money
T00521,2024-09-01 00:00:00,C076,P028,S001,2,0.15,Mobile Money
T00522,2023-12-23 00:00:00,C029,P001,S002,4,0,Cash
T00523,2025-08-12 00:00:00,C093,P046,S003,2,0.15,Mobile Money
T00524,2024-01-25 00:00:00,C094,P049,S005,2,0.15,Cash
T00525,2024-08-18 00:00:00,C005,P016,S005,1,0,Bank Transfer
T00526,2024-10-21 00:00:00,C056,P010,S001,1,0.15,Bank Transfer
T00527,2024-11-26 00:00:00,C161,P047,S005,4,0.15,Mobile Money
T00528,2024-05-28 00:00:00,C022,P047,S005,5,0.05,Bank Transfer
T00529,2025-04-30 00:00:00,C022,P031,S003,1,0.05,Credit Card
T00530,2025-05-14 00:00:00,C138,P014,S003,4,0,Bank Transfer
T00531,2023-10-14 00:00:00,C179,P030,S004,2,0,Credit Card
T00532,2025-04-23 00:00:00,C023,P031,S004,1,0.15,Cash
T00533,2023-11-22 00:00:00,C080,P023,S002,1,0,Credit Card
T00534,2025-06-30 00:00:00,C180,P048,S001,2,0.15,Bank Transfer
T00535,2024-03-13 00:00:00,C134,P017,S005,3,0.05,Bank Transfer
T00536,2023-09-16 00:00:00,C033,P047,S003,1,0,Bank Transfer
T00537,2024-11-18 00:00:00,C110,P032,S003,5,0,Bank Transfer
T00538,2025-05-24 00:00:00,C183,P026,S005,1,0.15,Mobile Money
T00539,2025-07-31 00:00:00,C131,P009,S003,1,0.15,Credit Card
T00540,2024-09-18 00:00:00,C095,P021,S002,3,0,Cash
T00541,2024-08-23 00:00:00,C059,P024,S005,1,0,Cash
T00542,2025-08-28 00:00:00,C063,P004,S001,4,0.1,Mobile Money
T00543,2024-03-08 00:00:00,C039,P008,S002,1,0.15,Credit Card
T00544,2023-10-29 00:00:00,C083,P039,S002,4,0.1,Bank Transfer
T00545,2025-01-09 00:00:00,C020,P040,S005,3,0,Cash
T00546,2025-06-15 00:00:00,C046,P006,S002,5,0,Mobile Money
T00547,2023-11-24 00:00:00,C018,P042,S004,3,0.1,Bank Transfer
T00548,2023-09-18 00:00:00,C023,P047,S005,4,0,Bank Transfer
T00549,2023-12-26 00:00:00,C052,P031,S003,5,0.1,Credit Card
T00550,2024-12-16 00:00:00,C119,P047,S003,5,0.15,Credit Card
T00551,2023-12-25 00:00:00,C188,P050,S005,2,0.05,Cash
T00552,2025-02-14 00:00:00,C105,P009,S001,2,0.1,Cash
T00553,2024-10-10 00:00:00,C086,P031,S001,4,0.1,Cash
T00554,2024-06-19 00:00:00,C053,P029,S005,2,0.15,Mobile Money
T00555,2025-02-18 00:00:00,C016,P046,S002,3,0,Cash
T00556,2025-02-03 00:00:00,C060,P024,S005,4,0.1,Mobile Money
T00557,2024-10-13 00:00:00,C192,P045,S001,5,0,Credit Card
T00558,2024-11-03 00:00:00,C164,P045,S004,1,0,Mobile Money
T00559,2024-01-25 00:00:00,C170,P004,S002,2,0.1,Bank Transfer
T00560,2024-07-23 00:00:00,C081,P029,S004,3,0.1,Mobile Money
T00561,2024-11-20 00:00:00,C070,P050,S002,1,0.05,Credit Card
T00562,2023-09-14 00:00:00,C200,P036,S005,1,0.05,Cash
T00563,2024-05-07 00:00:00,C043,P039,S004,4,0.1,Mobile Money
T00564,2024-04-07 00:00:00,C031,P049,S005,3,0.05,Mobile Money
T00565,2025-07-17 00:00:00,C079,P036,S004,3,0,Cash
T00566,2024-03-16 00:00:00,C041,P006,S003,5,0,Credit Card
T00567,2024-03-23 00:00:00,C084,P031,S002,1,0.05,Bank Transfer
T00568,2025-04-01 00:00:00,C102,P045,S005,1,0.1,Bank Transfer
T00569,2024-07-27 00:00:00,C045,P037,S001,4,0.15,Credit Card
T00570,2024-03-11 00:00:00,C025,P011,S004,1,0.05,Cash
T00571,2023-12-16 00:00:00,C004,P003,S001,2,0.05,Credit Card
T00572,2025-07-30 00:00:00,C103,P050,S003,1,0.1,Cash
T00573,2025-07-12 00:00:00,C006,P012,S001,2,0.15,Credit Card
T00574,2023-12-07 00:00:00,C024,P014,S003,1,0,Mobile Money
T00575,2025-03-29 00:00:00,C013,P020,S002,5,0.15,Mobile Money
T00576,2024-07-12 00:00:00,C128,P049,S001,4,0.15,Credit Card
T00577,2025-01-05 00:00:00,C091,P037,S002,2,0.1,Bank Transfer
T00578,2024-12-19 00:00:00,C115,P028,S002,1,0.05,Bank Transfer
T00579,2024-01-09 00:00:00,C128,P018,S004,5,0.15,Cash
T00580,2023-09-30 00:00:00,C023,P046,S003,4,0.05,Mobile Money
T00581,2025-01-01 00:00:00,C052,P025,S005,2,0,Mobile Money
T00582,2025-07-01 00:00:00,C183,P047,S003,4,0.15,Bank Transfer
T00583,2025-04-25 00:00:00,C145,P047,S005,3,0.15,Bank Transfer
T00584,2024-10-01 00:00:00,C047,P050,S001,3,0.05,Cash
T00585,2024-03-21 00:00:00,C200,P027,S003,1,0.15,Bank Transfer
T00586,2024-02-02 00:00:00,C197,P039,S005,2,0.05,Cash
T00587,2024-05-14 00:00:00,C064,P017,S002,3,0,Credit Card
T00588,2024-01-13 00:00:00,C148,P019,S004,3,0.05,Credit Card
T00589,2025-04-02 00:00:00,C061,P025,S005,3,0.1,Cash
T00590,2024-12-09 00:00:00,C181,P047,S003,5,0.05,Credit Card
T00591,2024-05-04 00:00:00,C127,P011,S005,3,0.05,Mobile Money
T00592,2024-02-03 00:00:00,C010,P005,S001,1,0.05,Credit Card
T00593,2025-03-31 00:00:00,C006,P015,S005,4,0,Bank Transfer
T00594,2025-07-16 00:00:00,C158,P024,S002,2,0.1,Credit Card
T00595,2023-09-12 00:00:00,C083,P028,S001,1,0.05,Credit Card
T00596,2024-12-06 00:00:00,C199,P008,S001,5,0.1,Cash
T00597,2024-08-20 00:00:00,C096,P039,S004,5,0,Bank Transfer
T00598,2024-12-27 00:00:00,C078,P043,S003,2,0.05,Mobile Money
T00599,2024-03-29 00:00:00,C164,P040,S004,3,0.05,Bank Transfer
T00600,2025-08-16 00:00:00,C058,P050,S005,2,0.15,Bank Transfer
T00601,2025-06-10 00:00:00,C188,P016,S003,2,0.05,Cash
T00602,2024-06-05 00:00:00,C180,P020,S005,4,0,Credit Card
T00603,2024-06-25 00:00:00,C155,P009,S003,5,0.05,Cash
T00604,2023-11-26 00:00:00,C128,P032,S002,3,0,Credit Card
T00605,2024-07-01 00:00:00,C089,P003,S003,2,0,Bank Transfer
T00606,2024-03-04 00:00:00,C115,P036,S001,3,0.05,Credit Card
T00607,2025-05-28 00:00:00,C178,P015,S001,3,0.1,Cash
T00608,2024-06-05 00:00:00,C185,P003,S001,1,0.15,Mobile Money
T00609,2023-09-25 00:00:00,C188,P044,S004,2,0.15,Mobile Money
T00610,2024-04-05 00:00:00,C097,P026,S003,5,0.15,Cash
T00611,2025-05-12 00:00:00,C123,P010,S005,2,0.05,Mobile Money
T00612,2024-04-26 00:00:00,C019,P030,S001,3,0,Bank Transfer
T00613,2025-08-31 00:00:00,C067,P013,S001,1,0.1,Credit Card
T00614,2025-07-29 00:00:00,C097,P025,S002,1,0,Bank Transfer
T00615,2024-02-28 00:00:00,C153,P033,S005,4,0,Mobile Money
T00616,2025-01-10 00:00:00,C168,P023,S002,5,0.15,Credit Card
T00617,2024-01-23 00:00:00,C014,P007,S001,3,0.05,Credit Card
T00618,2025-08-08 00:00:00,C105,P036,S005,5,0.1,Bank Transfer
T00619,2024-07-02 00:00:00,C077,P017,S002,1,0,Mobile Money
T00620,2024-08-21 00:00:00,C147,P034,S005,4,0.05,Cash
T00621,2024-08-27 00:00:00,C093,P040,S001,4,0,Bank Transfer
T00622,2024-03-06 00:00:00,C170,P016,S005,4,0.05,Cash
T00623,2025-03-12 00:00:00,C007,P020,S002,2,0.1,Cash
T00624,2024-09-21 00:00:00,C122,P020,S001,3,0.15,Mobile Money
T00625,2023-12-07 00:00:00,C126,P038,S003,1,0.15,Credit Card
T00626,2023-11-17 00:00:00,C095,P020,S004,3,0.05,Mobile Money
T00627,2025-06-24 00:00:00,C012,P016,S003,4,0.15,Bank Transfer
T00628,2024-10-07 00:00:00,C058,P041,S003,5,0,Credit Card
T00629,2025-01-22 00:00:00,C193,P031,S001,1,0.1,Mobile Money
T00630,2024-03-04 00:00:00,C194,P018,S005,2,0,Mobile Money
T00631,2023-11-12 00:00:00,C134,P008,S004,5,0.15,Credit Card
T00632,2024-08-30 00:00:00,C122,P031,S003,1,0.15,Cash
T00633,2025-07-16 00:00:00,C129,P010,S005,5,0.05,Cash
T00634,2024-12-24 00:00:00,C194,P048,S004,2,0.05,Credit Card
T00635,2024-01-18 00:00:00,C050,P044,S002,1,0.15,Cash
T00636,2024-12-17 00:00:00,C175,P011,S004,2,0.05,Bank Transfer
T00637,2023-09-10 00:00:00,C082,P008,S001,1,0.15,Mobile Money
T00638,2024-09-20 00:00:00,C142,P008,S003,3,0.15,Cash
T00639,2024-04-03 00:00:00,C180,P018,S005,5,0.15,Cash
T00640,2023-12-23 00:00:00,C107,P039,S002,2,0,Cash
T00641,2024-02-14 00:00:00,C145,P038,S001,3,0.1,Mobile Money
T00642,2024-04-01 00:00:00,C068,P037,S004,4,0.15,Cash
T00643,2024-02-12 00:00:00,C045,P043,S003,4,0.05,Mobile Money
T00644,2024-04-26 00:00:00,C010,P014,S004,3,0.05,Cash
T00645,2024-02-20 00:00:00,C191,P041,S004,3,0.1,Cash
T00646,2025-03-18 00:00:00,C087,P037,S003,3,0.1,Mobile Money
T00647,2023-12-04 00:00:00,C179,P041,S001,2,0.05,Bank Transfer
T00648,2025-01-18 00:00:00,C191,P033,S004,3,0.1,Mobile Money
T00649,2025-09-02 00:00:00,C155,P043,S001,2,0.15,Credit Card
T00650,2025-07-05 00:00:00,C105,P016,S004,5,0.1,Cash
T00651,2023-11-08 00:00:00,C132,P045,S002,1,0.1,Mobile Money
T00652,2024-04-25 00:00:00,C035,P025,S005,5,0,Credit Card
T00653,2024-06-16 00:00:00,C050,P044,S002,1,0.05,Cash
T00654,2024-03-23 00:00:00,C117,P045,S001,3,0.05,Bank Transfer
T00655,2025-01-09 00:00:00,C095,P021,S004,5,0.15,Cash
T00656,2024-11-27 00:00:00,C175,P009,S001,2,0.1,Mobile Money
T00657,2024-10-28 00:00:00,C153,P015,S004,2,0.15,Bank Transfer
T00658,2024-12-14 00:00:00,C089,P046,S002,3,0,Bank Transfer
T00659,2024-08-12 00:00:00,C008,P036,S004,1,0.05,Credit Card
T00660,2023-12-05 00:00:00,C057,P023,S002,2,0.1,Mobile Money
T00661,2024-10-04 00:00:00,C132,P024,S001,1,0.15,Credit Card
T00662,2024-06-06 00:00:00,C166,P014,S002,5,0,Credit Card
T00663,2024-02-21 00:00:00,C065,P004,S005,3,0.1,Mobile Money
T00664,2025-03-21 00:00:00,C097,P032,S003,4,0.1,Credit Card
T00665,2025-04-11 00:00:00,C120,P003,S003,5,0.15,Cash
T00666,2024-01-27 00:00:00,C002,P018,S005,3,0.1,Bank Transfer
T00667,2025-07-12 00:00:00,C176,P021,S001,4,0,Bank Transfer
T00668,2023-11-23 00:00:00,C071,P048,S003,3,0.1,Bank Transfer
T00669,2023-12-01 00:00:00,C049,P032,S002,5,0.05,Cash
T00670,2024-11-10 00:00:00,C154,P001,S004,3,0.05,Cash
T00671,2024-08-05 00:00:00,C168,P010,S004,3,0.1,Mobile Money
T00672,2024-01-09 00:00:00,C104,P023,S004,1,0.05,Bank Transfer
T00673,2024-03-16 00:00:00,C186,P038,S002,5,0.15,Bank Transfer
T00674,2025-04-16 00:00:00,C130,P021,S003,2,0.05,Bank Transfer
T00675,2024-11-14 00:00:00,C025,P036,S004,2,0.1,Credit Card
T00676,2024-06-11 00:00:00,C175,P027,S003,1,0.05,Bank Transfer
T00677,2023-11-17 00:00:00,C058,P029,S003,4,0.1,Bank Transfer
T00678,2024-10-12 00:00:00,C067,P008,S005,3,0.15,Cash
T00679,2024-02-18 00:00:00,C121,P027,S001,5,0,Mobile Money
T00680,2025-08-07 00:00:00,C050,P039,S005,1,0.15,Bank Transfer
T00681,2024-04-18 00:00:00,C106,P020,S001,2,0.05,Credit Card
T00682,2023-09-16 00:00:00,C088,P013,S004,5,0.15,Credit Card
T00683,2025-07-04 00:00:00,C081,P030,S002,1,0.15,Bank Transfer
T00684,2024-09-02 00:00:00,C162,P008,S002,3,0,Cash
T00685,2024-09-14 00:00:00,C116,P050,S003,2,0.05,Credit Card
T00686,2023-09-29 00:00:00,C126,P014,S001,2,0.15,Mobile Money
T00687,2025-07-29 00:00:00,C104,P032,S004,4,0.15,Cash
T00688,2025-06-17 00:00:00,C010,P041,S005,2,0.1,Cash
T00689,2024-01-18 00:00:00,C083,P028,S005,2,0,Cash
T00690,2024-05-15 00:00:00,C161,P031,S002,2,0.1,Bank Transfer
T00691,2024-12-06 00:00:00,C034,P016,S001,4,0.1,Credit Card
T00692,2025-06-19 00:00:00,C017,P033,S001,3,0.1,Mobile Money
T00693,2023-10-30 00:00:00,C187,P024,S005,5,0.1,Mobile Money
T00694,2025-06-24 00:00:00,C176,P019,S002,3,0.15,Bank Transfer
T00695,2024-06-30 00:00:00,C193,P050,S002,2,0.15,Cash
T00696,2023-09-28 00:00:00,C059,P050,S002,2,0.05,Cash
T00697,2024-03-12 00:00:00,C151,P028,S005,2,0,Bank Transfer
T00698,2023-09-30 00:00:00,C183,P035,S001,4,0.1,Cash
T00699,2024-02-19 00:00:00,C153,P031,S001,1,0,Cash
T00700,2024-03-09 00:00:00,C177,P039,S001,4,0.15,Mobile Money
T00701,2023-10-01 00:00:00,C032,P001,S005,3,0.15,Credit Card
T00702,2024-03-30 00:00:00,C053,P039,S001,3,0.15,Cash
T00703,2025-06-13 00:00:00,C170,P025,S005,3,0.05,Mobile Money
T00704,2023-10-08 00:00:00,C027,P008,S005,5,0,Bank Transfer
T00705,2024-05-23 00:00:00,C030,P007,S001,4,0.05,Credit Card
T00706,2024-04-19 00:00:00,C200,P014,S003,5,0.05,Bank Transfer
T00707,2024-02-14 00:00:00,C181,P005,S004,3,0.05,Cash
T00708,2024-11-25 00:00:00,C141,P038,S004,2,0.15,Bank Transfer
T00709,2024-04-10 00:00:00,C061,P032,S001,1,0,Cash
T00710,2024-06-03 00:00:00,C147,P006,S004,2,0,Cash
T00711,2024-06-05 00:00:00,C186,P027,S001,3,0.05,Mobile Money
T00712,2024-02-03 00:00:00,C076,P001,S003,4,0,Cash
T00713,2024-06-26 00:00:00,C045,P008,S001,3,0.1,Bank Transfer
T00714,2023-12-20 00:00:00,C110,P021,S001,1,0,Cash
T00715,2023-10-01 00:00:00,C036,P029,S002,3,0.1,Mobile Money
T00716,2025-08-21 00:00:00,C160,P044,S003,1,0.1,Bank Transfer
T00717,2024-05-08 00:00:00,C047,P049,S001,4,0.15,Mobile Money
T00718,2025-07-25 00:00:00,C070,P050,S004,4,0.15,Credit Card
T00719,2025-07-24 00:00:00,C029,P038,S002,1,0.05,Cash
T00720,2025-04-13 00:00:00,C107,P017,S005,4,0.15,Credit Card
T00721,2024-06-24 00:00:00,C157,P001,S004,3,0,Credit Card
T00722,2025-05-12 00:00:00,C124,P018,S004,1,0.15,Mobile Money
T00723,2024-07-26 00:00:00,C012,P015,S001,3,0.1,Cash
T00724,2025-06-14 00:00:00,C181,P015,S005,5,0.05,Bank Transfer
T00725,2024-03-20 00:00:00,C133,P034,S005,5,0,Mobile Money
T00726,2024-05-26 00:00:00,C170,P037,S002,4,0.1,Mobile Money
T00727,2023-11-13 00:00:00,C039,P035,S005,5,0,Cash
T00728,2024-06-30 00:00:00,C165,P014,S002,5,0.15,Mobile Money
T00729,2025-04-20 00:00:00,C043,P019,S001,4,0.1,Credit Card
T00730,2024-10-01 00:00:00,C085,P026,S003,1,0.05,Mobile Money
T00731,2025-04-05 00:00:00,C104,P019,S002,1,0.15,Mobile Money
T00732,2025-07-30 00:00:00,C147,P004,S004,1,0.15,Mobile Money
T00733,2024-09-01 00:00:00,C081,P002,S001,4,0,Cash
T00734,2023-11-19 00:00:00,C104,P040,S004,1,0,Cash
T00735,2025-03-02 00:00:00,C155,P005,S005,3,0.05,Mobile Money
T00736,2025-08-16 00:00:00,C088,P047,S003,1,0.05,Mobile Money
T00737,2024-01-08 00:00:00,C085,P016,S005,5,0.15,Bank Transfer
T00738,2024-08-13 00:00:00,C184,P040,S004,1,0,Credit Card
T00739,2024-11-28 00:00:00,C001,P005,S003,3,0.1,Bank Transfer
T00740,2023-10-08 00:00:00,C180,P037,S001,1,0.05,Mobile Money
T00741,2023-10-12 00:00:00,C036,P049,S004,1,0.1,Credit Card
T00742,2024-05-09 00:00:00,C049,P017,S001,4,0.05,Mobile Money
T00743,2024-03-19 00:00:00,C049,P004,S003,1,0.15,Cash
T00744,2024-06-12 00:00:00,C163,P042,S005,1,0.15,Mobile Money
T00745,2024-04-09 00:00:00,C169,P023,S005,5,0.05,Mobile Money
T00746,2025-03-01 00:00:00,C002,P037,S005,1,0.15,Mobile Money
T00747,2023-09-28 00:00:00,C131,P008,S002,5,0.05,Credit Card
T00748,2024-11-12 00:00:00,C027,P022,S004,5,0.1,Mobile Money
T00749,2023-12-07 00:00:00,C108,P010,S005,2,0.1,Mobile Money
T00750,2024-12-30 00:00:00,C088,P004,S003,4,0.05,Credit Card
T00751,2025-05-06 00:00:00,C106,P009,S005,5,0.1,Bank Transfer
T00752,2025-07-21 00:00:00,C183,P005,S005,2,0.05,Credit Card
T00753,2024-02-02 00:00:00,C160,P020,S003,3,0.05,Credit Card
T00754,2023-10-05 00:00:00,C129,P013,S005,3,0,Bank Transfer
T00755,2024-11-05 00:00:00,C144,P025,S004,5,0.15,Bank Transfer
T00756,2025-06-09 00:00:00,C109,P040,S001,5,0,Cash
T00757,2023-09-18 00:00:00,C098,P042,S002,1,0,Credit Card
T00758,2024-12-29 00:00:00,C069,P004,S002,3,0.1,Credit Card
T00759,2023-09-19 00:00:00,C016,P006,S003,2,0,Bank Transfer
T00760,2025-04-30 00:00:00,C116,P016,S001,5,0.05,Mobile Money
T00761,2025-04-24 00:00:00,C061,P008,S005,3,0,Mobile Money
T00762,2023-10-29 00:00:00,C100,P018,S004,3,0,Cash
T00763,2023-09-23 00:00:00,C191,P022,S003,2,0.15,Credit Card
T00764,2025-08-24 00:00:00,C163,P029,S003,5,0.05,Credit Card
T00765,2025-04-03 00:00:00,C076,P046,S004,2,0,Credit Card
T00766,2025-06-20 00:00:00,C045,P039,S005,1,0.15,Cash
T00767,2025-03-31 00:00:00,C110,P021,S003,5,0.1,Credit Card
T00768,2024-12-13 00:00:00,C042,P039,S005,3,0,Bank Transfer
T00769,2025-07-20 00:00:00,C120,P007,S002,1,0.05,Bank Transfer
T00770,2023-12-13 00:00:00,C153,P050,S001,5,0.1,Mobile Money
T00771,2024-07-01 00:00:00,C147,P046,S005,3,0,Bank Transfer
T00772,2025-09-07 00:00:00,C135,P040,S002,2,0,Credit Card
T00773,2023-10-28 00:00:00,C107,P028,S005,5,0.15,Cash
T00774,2024-02-16 00:00:00,C090,P013,S002,2,0.1,Bank Transfer
T00775,2024-10-19 00:00:00,C093,P008,S003,2,0.15,Cash
T00776,2025-03-03 00:00:00,C030,P022,S003,4,0.05,Credit Card
T00777,2024-12-10 00:00:00,C011,P021,S003,4,0,Mobile Money
T00778,2024-11-27 00:00:00,C066,P015,S005,3,0,Bank Transfer
T00779,2024-08-20 00:00:00,C132,P010,S005,4,0.15,Cash
T00780,2024-12-11 00:00:00,C076,P022,S002,3,0,Cash
T00781,2025-08-02 00:00:00,C043,P017,S005,5,0,Cash
T00782,2025-02-23 00:00:00,C054,P044,S002,4,0,Credit Card
T00783,2024-07-09 00:00:00,C138,P026,S004,1,0.05,Cash
T00784,2025-06-27 00:00:00,C118,P038,S003,1,0,Cash
T00785,2024-05-19 00:00:00,C014,P008,S002,3,0,Credit Card
T00786,2024-05-31 00:00:00,C067,P049,S004,4,0.15,Mobile Money
T00787,2025-07-08 00:00:00,C111,P007,S003,1,0.15,Cash
T00788,2024-01-30 00:00:00,C137,P022,S001,5,0,Cash
T00789,2023-12-03 00:00:00,C180,P030,S001,3,0,Bank Transfer
T00790,2025-03-28 00:00:00,C176,P008,S003,5,0,Bank Transfer
T00791,2025-03-23 00:00:00,C196,P050,S004,4,0.15,Cash
T00792,2024-12-06 00:00:00,C122,P049,S002,5,0.05,Credit Card
T00793,2024-12-05 00:00:00,C192,P027,S004,5,0.1,Credit Card
T00794,2024-09-02 00:00:00,C077,P015,S003,1,0.05,Cash
T00795,2024-03-26 00:00:00,C011,P049,S001,5,0.15,Cash
T00796,2023-10-03 00:00:00,C079,P014,S002,3,0.05,Mobile Money
T00797,2023-09-20 00:00:00,C166,P037,S005,2,0.05,Credit Card
T00798,2025-07-30 00:00:00,C057,P005,S005,3,0.05,Cash
T00799,2025-02-04 00:00:00,C047,P002,S005,1,0.15,Cash
T00800,2024-04-23 00:00:00,C075,P013,S001,3,0,Credit Card
T00801,2024-02-05 00:00:00,C186,P029,S005,4,0.1,Bank Transfer
T00802,2025-05-06 00:00:00,C033,P017,S002,1,0.1,Cash
T00803,2023-09-28 00:00:00,C050,P027,S003,4,0.15,Bank Transfer
T00804,2025-06-29 00:00:00,C158,P027,S003,5,0.05,Bank Transfer
T00805,2023-10-06 00:00:00,C081,P048,S004,2,0,Bank Transfer
T00806,2025-06-27 00:00:00,C064,P041,S002,4,0.1,Bank Transfer
T00807,2024-11-04 00:00:00,C035,P050,S003,4,0.15,Mobile Money
T00808,2024-03-18 00:00:00,C092,P006,S003,4,0,Credit Card
T00809,2025-06-11 00:00:00,C166,P041,S005,1,0.1,Credit Card
T00810,2025-04-02 00:00:00,C138,P008,S002,3,0,Cash
T00811,2024-10-06 00:00:00,C005,P032,S005,1,0.15,Credit Card
T00812,2024-05-01 00:00:00,C010,P020,S005,3,0.15,Credit Card
T00813,2023-12-29 00:00:00,C094,P035,S004,2,0.1,Credit Card
T00814,2024-02-13 00:00:00,C119,P040,S005,5,0,Mobile Money
T00815,2025-01-16 00:00:00,C094,P004,S005,1,0.05,Credit Card
T00816,2024-08-13 00:00:00,C194,P016,S005,2,0.15,Credit Card
T00817,2025-05-12 00:00:00,C046,P005,S005,5,0.05,Mobile Money
T00818,2024-11-08 00:00:00,C092,P001,S001,2,0.15,Credit Card
T00819,2025-08-24 00:00:00,C017,P025,S003,3,0.05,Cash
T00820,2025-03-01 00:00:00,C172,P046,S002,5,0.1,Mobile Money
T00821,2024-07-07 00:00:00,C121,P006,S004,1,0,Bank Transfer
T00822,2025-01-04 00:00:00,C027,P015,S005,3,0.1,Credit Card
T00823,2025-03-23 00:00:00,C097,P006,S004,3,0,Bank Transfer
T00824,2025-06-01 00:00:00,C097,P001,S002,5,0.15,Bank Transfer
T00825,2024-02-24 00:00:00,C089,P011,S004,4,0,Credit Card
T00826,2023-11-15 00:00:00,C113,P038,S002,2,0,Bank Transfer
T00827,2025-02-25 00:00:00,C055,P026,S002,2,0.05,Bank Transfer
T00828,2024-09-03 00:00:00,C155,P019,S001,2,0.15,Bank Transfer
T00829,2023-12-11 00:00:00,C185,P021,S001,4,0.15,Mobile Money
T00830,2024-03-19 00:00:00,C054,P008,S005,2,0.15,Cash
T00831,2023-11-07 00:00:00,C063,P005,S001,2,0.05,Credit Card
T00832,2025-04-26 00:00:00,C162,P049,S005,1,0.05,Cash
T00833,2024-10-16 00:00:00,C043,P038,S003,2,0.15,Cash
T00834,2025-07-06 00:00:00,C185,P010,S003,1,0.05,Mobile Money
T00835,2025-01-09 00:00:00,C156,P044,S004,4,0.05,Credit Card
T00836,2025-07-22 00:00:00,C106,P044,S005,2,0.05,Bank Transfer
T00837,2024-08-30 00:00:00,C043,P025,S003,4,0,Credit Card
T00838,2024-08-05 00:00:00,C097,P025,S004,2,0,Cash
T00839,2024-09-11 00:00:00,C052,P011,S005,5,0.15,Credit Card
T00840,2024-07-24 00:00:00,C156,P025,S001,2,0.15,Cash
T00841,2024-10-25 00:00:00,C137,P038,S005,1,0,Mobile Money
T00842,2025-08-16 00:00:00,C169,P010,S002,5,0,Mobile Money
T00843,2025-08-06 00:00:00,C134,P023,S004,3,0,Mobile Money
T00844,2023-10-04 00:00:00,C059,P005,S004,4,0.1,Cash
T00845,2024-08-17 00:00:00,C109,P033,S002,3,0.15,Credit Card
T00846,2024-08-11 00:00:00,C022,P036,S003,5,0.15,Bank Transfer
T00847,2024-09-16 00:00:00,C049,P022,S001,1,0,Cash
T00848,2024-05-01 00:00:00,C097,P002,S002,3,0.15,Bank Transfer
T00849,2025-05-30 00:00:00,C028,P005,S002,4,0.1,Bank Transfer
T00850,2025-08-03 00:00:00,C138,P045,S004,5,0.1,Bank Transfer
T00851,2024-07-16 00:00:00,C175,P040,S004,2,0.15,Mobile Money
T00852,2024-04-01 00:00:00,C046,P048,S003,5,0.15,Bank Transfer
T00853,2024-11-05 00:00:00,C079,P003,S005,3,0.15,Credit Card
T00854,2024-08-30 00:00:00,C169,P009,S001,2,0.15,Credit Card
T00855,2023-11-14 00:00:00,C026,P012,S002,5,0.15,Bank Transfer
T00856,2024-07-03 00:00:00,C141,P039,S005,1,0.05,Mobile Money
T00857,2025-01-03 00:00:00,C163,P022,S001,1,0.05,Mobile Money
T00858,2025-04-16 00:00:00,C154,P031,S004,1,0,Bank Transfer
T00859,2024-03-06 00:00:00,C057,P004,S003,1,0,Mobile Money
T00860,2024-08-23 00:00:00,C103,P013,S005,5,0.1,Cash
T00861,2025-07-24 00:00:00,C199,P043,S002,4,0.15,Cash
T00862,2024-10-28 00:00:00,C052,P003,S005,3,0.05,Cash
T00863,2025-03-29 00:00:00,C154,P045,S005,5,0.05,Credit Card
T00864,2024-02-12 00:00:00,C173,P005,S001,3,0.05,Cash
T00865,2023-11-19 00:00:00,C041,P037,S001,3,0.15,Bank Transfer
T00866,2025-04-11 00:00:00,C172,P002,S004,4,0.05,Cash
T00867,2024-06-01 00:00:00,C189,P043,S001,1,0.1,Bank Transfer
T00868,2024-09-09 00:00:00,C089,P025,S003,2,0.05,Mobile Money
T00869,2024-12-08 00:00:00,C104,P011,S005,1,0.1,Credit Card
T00870,2023-10-07 00:00:00,C105,P012,S005,1,0,Bank Transfer
T00871,2024-11-21 00:00:00,C088,P038,S001,5,0.1,Bank Transfer
T00872,2025-07-20 00:00:00,C178,P041,S004,4,0.15,Credit Card
T00873,2024-09-28 00:00:00,C194,P047,S003,4,0.15,Cash
T00874,2024-10-05 00:00:00,C124,P040,S001,3,0,Mobile Money
T00875,2024-11-30 00:00:00,C163,P022,S002,2,0.1,Mobile Money
T00876,2024-05-23 00:00:00,C091,P048,S005,5,0,Bank Transfer
T00877,2023-11-16 00:00:00,C064,P014,S003,1,0.15,Bank Transfer
T00878,2023-12-27 00:00:00,C020,P018,S005,2,0.15,Bank Transfer
T00879,2024-09-05 00:00:00,C091,P049,S002,5,0.1,Credit Card
T00880,2024-01-18 00:00:00,C192,P043,S002,4,0.05,Credit Card
T00881,2024-08-16 00:00:00,C189,P030,S002,3,0.05,Credit Card
T00882,2024-12-08 00:00:00,C052,P038,S002,5,0.1,Credit Card
T00883,2025-04-29 00:00:00,C200,P013,S001,1,0,Mobile Money
T00884,2025-05-03 00:00:00,C158,P044,S001,5,0,Mobile Money
T00885,2024-09-27 00:00:00,C096,P001,S005,3,0.15,Bank Transfer
T00886,2024-11-25 00:00:00,C126,P019,S002,5,0.1,Mobile Money
T00887,2025-06-17 00:00:00,C057,P006,S005,2,0,Mobile Money
T00888,2024-06-24 00:00:00,C123,P027,S005,1,0.1,Mobile Money
T00889,2025-08-05 00:00:00,C176,P025,S002,4,0,Mobile Money
T00890,2025-01-21 00:00:00,C081,P021,S001,1,0.05,Mobile Money
T00891,2025-02-17 00:00:00,C149,P017,S001,3,0.1,Bank Transfer
T00892,2025-07-11 00:00:00,C048,P023,S005,3,0.05,Bank Transfer
T00893,2023-11-01 00:00:00,C121,P023,S005,3,0.1,Credit Card
T00894,2024-07-17 00:00:00,C128,P049,S004,2,0.15,Bank Transfer
T00895,2024-11-11 00:00:00,C094,P039,S004,3,0.15,Credit Card
T00896,2025-06-13 00:00:00,C147,P015,S002,5,0.05,Cash
T00897,2024-02-17 00:00:00,C185,P020,S003,2,0.15,Mobile Money
T00898,2025-01-10 00:00:00,C051,P035,S002,2,0.15,Cash
T00899,2024-07-28 00:00:00,C046,P031,S004,4,0.05,Bank Transfer
T00900,2024-08-13 00:00:00,C125,P042,S003,3,0,Mobile Money
T00901,2024-11-30 00:00:00,C026,P018,S002,1,0.05,Bank Transfer
T00902,2024-02-20 00:00:00,C122,P005,S001,4,0.1,Bank Transfer
T00903,2024-08-03 00:00:00,C093,P027,S003,5,0.1,Bank Transfer
T00904,2024-08-10 00:00:00,C006,P018,S004,1,0.1,Credit Card
T00905,2025-04-28 00:00:00,C148,P001,S005,5,0.05,Bank Transfer
T00906,2025-07-13 00:00:00,C091,P032,S003,5,0.15,Mobile Money
T00907,2025-01-26 00:00:00,C021,P045,S004,5,0.1,Mobile Money
T00908,2023-11-08 00:00:00,C162,P038,S002,2,0.1,Mobile Money
T00909,2024-07-31 00:00:00,C162,P024,S005,5,0.15,Cash
T00910,2024-03-10 00:00:00,C021,P007,S002,3,0.05,Bank Transfer
T00911,2024-08-03 00:00:00,C082,P018,S003,3,0.15,Bank Transfer
T00912,2024-03-10 00:00:00,C114,P013,S003,5,0.15,Mobile Money
T00913,2025-03-17 00:00:00,C043,P001,S002,1,0.05,Credit Card
T00914,2025-03-10 00:00:00,C170,P008,S003,1,0.05,Credit Card
T00915,2024-02-28 00:00:00,C102,P013,S001,1,0,Mobile Money
T00916,2025-06-30 00:00:00,C141,P041,S001,1,0.15,Cash
T00917,2024-03-03 00:00:00,C027,P043,S003,5,0.05,Cash
T00918,2025-03-01 00:00:00,C168,P024,S004,3,0.05,Credit Card
T00919,2024-12-10 00:00:00,C189,P026,S003,4,0.05,Credit Card
T00920,2025-03-10 00:00:00,C135,P039,S002,1,0,Bank Transfer
T00921,2025-04-01 00:00:00,C084,P035,S004,4,0.1,Mobile Money
T00922,2025-02-23 00:00:00,C035,P024,S005,2,0.15,Mobile Money
T00923,2024-11-04 00:00:00,C135,P013,S005,3,0.1,Mobile Money
T00924,2024-12-13 00:00:00,C139,P011,S002,1,0.15,Bank Transfer
T00925,2025-01-22 00:00:00,C094,P027,S004,3,0.05,Bank Transfer
T00926,2024-11-10 00:00:00,C003,P001,S001,5,0.05,Bank Transfer
T00927,2025-02-16 00:00:00,C074,P016,S004,5,0,Mobile Money
T00928,2023-10-05 00:00:00,C194,P026,S004,3,0,Mobile Money
T00929,2024-07-20 00:00:00,C075,P001,S005,2,0,Bank Transfer
T00930,2025-08-03 00:00:00,C049,P005,S004,5,0.15,Mobile Money
T00931,2025-04-09 00:00:00,C064,P026,S002,4,0.15,Credit Card
T00932,2025-08-25 00:00:00,C068,P003,S001,4,0.05,Bank Transfer
T00933,2023-12-18 00:00:00,C073,P015,S005,3,0.15,Credit Card
T00934,2025-02-03 00:00:00,C018,P042,S002,2,0.1,Cash
T00935,2024-05-11 00:00:00,C164,P048,S004,5,0.15,Bank Transfer
T00936,2024-09-21 00:00:00,C180,P026,S005,4,0.05,Bank Transfer
T00937,2024-02-11 00:00:00,C005,P037,S002,1,0,Credit Card
T00938,2024-05-12 00:00:00,C027,P022,S003,3,0.05,Mobile Money
T00939,2025-04-17 00:00:00,C187,P033,S001,2,0,Credit Card
T00940,2024-07-18 00:00:00,C004,P016,S004,2,0.1,Mobile Money
T00941,2024-01-24 00:00:00,C080,P032,S004,3,0.15,Cash
T00942,2025-05-02 00:00:00,C085,P014,S001,2,0,Bank Transfer
T00943,2025-06-20 00:00:00,C199,P045,S004,1,0.15,Credit Card
T00944,2024-11-21 00:00:00,C050,P019,S003,4,0,Cash
T00945,2025-08-06 00:00:00,C197,P010,S002,4,0.15,Credit Card
T00946,2025-07-20 00:00:00,C189,P015,S001,2,0.15,Cash
T00947,2024-12-28 00:00:00,C134,P036,S002,4,0.15,Bank Transfer
T00948,2024-09-17 00:00:00,C083,P011,S002,1,0,Bank Transfer
T00949,2023-11-24 00:00:00,C124,P023,S003,2,0.1,Cash
T00950,2023-12-15 00:00:00,C171,P040,S002,1,0.05,Mobile Money
T00951,2025-07-18 00:00:00,C084,P025,S001,2,0.1,Cash
T00952,2024-07-30 00:00:00,C102,P039,S002,1,0,Mobile Money
T00953,2024-08-31 00:00:00,C177,P014,S005,2,0.1,Cash
T00954,2024-08-11 00:00:00,C064,P007,S002,4,0,Bank Transfer
T00955,2024-05-08 00:00:00,C195,P038,S001,1,0.1,Credit Card
T00956,2024-11-25 00:00:00,C180,P042,S005,1,0.05,Mobile Money
T00957,2024-08-26 00:00:00,C060,P017,S003,5,0.1,Mobile Money
T00958,2023-10-11 00:00:00,C188,P019,S002,1,0.15,Bank Transfer
T00959,2024-04-17 00:00:00,C186,P033,S002,3,0,Mobile Money
T00960,2025-07-18 00:00:00,C181,P020,S004,5,0.1,Mobile Money
T00961,2025-05-30 00:00:00,C049,P015,S005,2,0.1,Bank Transfer
T00962,2025-06-14 00:00:00,C188,P031,S004,3,0.05,Cash
T00963,2023-09-20 00:00:00,C136,P047,S002,4,0.1,Bank Transfer
T00964,2024-07-31 00:00:00,C139,P046,S003,4,0,Mobile Money
T00965,2025-03-23 00:00:00,C188,P030,S002,1,0.1,Credit Card
T00966,2024-02-02 00:00:00,C083,P003,S001,5,0.15,Credit Card
T00967,2024-09-07 00:00:00,C135,P022,S004,5,0.05,Bank Transfer
T00968,2025-01-20 00:00:00,C083,P031,S004,3,0,Cash
T00969,2024-01-05 00:00:00,C134,P011,S001,1,0.05,Credit Card
T00970,2024-11-03 00:00:00,C009,P042,S002,1,0.15,Credit Card
T00971,2025-07-18 00:00:00,C026,P016,S001,5,0.15,Mobile Money
T00972,2025-03-17 00:00:00,C135,P037,S005,5,0.1,Cash
T00973,2025-05-31 00:00:00,C094,P044,S002,5,0,Cash
T00974,2024-03-26 00:00:00,C054,P045,S004,1,0.15,Cash
T00975,2024-03-21 00:00:00,C093,P045,S005,4,0.1,Cash
T00976,2025-04-13 00:00:00,C158,P045,S003,5,0,Cash
T00977,2024-08-09 00:00:00,C078,P045,S001,2,0,Cash
T00978,2025-01-02 00:00:00,C186,P033,S002,5,0.15,Credit Card
T00979,2023-10-31 00:00:00,C050,P014,S005,2,0.05,Mobile Money
T00980,2024-12-12 00:00:00,C192,P001,S001,5,0.1,Mobile Money
T00981,2024-06-29 00:00:00,C180,P031,S004,1,0.05,Credit Card
T00982,2025-07-29 00:00:00,C141,P002,S004,5,0.1,Credit Card
T00983,2025-07-23 00:00:00,C137,P019,S005,4,0.1,Bank Transfer
T00984,2024-10-18 00:00:00,C141,P029,S003,3,0.15,Mobile Money
T00985,2024-07-04 00:00:00,C186,P026,S003,5,0.05,Credit Card
T00986,2024-08-21 00:00:00,C097,P024,S005,3,0.1,Mobile Money
T00987,2024-08-29 00:00:00,C115,P030,S004,1,0,Bank Transfer
T00988,2024-09-24 00:00:00,C153,P030,S001,5,0.05,Bank Transfer
T00989,2023-11-05 00:00:00,C002,P007,S003,2,0.05,Bank Transfer
T00990,2025-05-26 00:00:00,C006,P020,S003,5,0.05,Cash
T00991,2024-07-02 00:00:00,C010,P046,S004,3,0.05,Credit Card
T00992,2023-12-13 00:00:00,C068,P011,S003,5,0.05,Credit Card
T00993,2024-01-26 00:00:00,C066,P029,S003,1,0.15,Credit Card
T00994,2024-09-05 00:00:00,C188,P016,S001,3,0.15,Credit Card
T00995,2024-09-04 00:00:00,C125,P021,S005,1,0.1,Cash
T00996,2024-08-29 00:00:00,C188,P032,S005,4,0,Cash
T00997,2024-05-24 00:00:00,C198,P050,S003,3,0.15,Mobile Money
T00998,2024-10-31 00:00:00,C031,P014,S002,5,0,Mobile Money
T00999,2024-01-12 00:00:00,C014,P024,S003,5,0,Bank Transfer
T01000,2025-08-12 00:00:00,C139,P037,S005,2,0.1,Credit Card
T01001,2024-12-28 00:00:00,C040,P047,S001,4,0.15,Cash
T01002,2024-11-28 00:00:00,C057,P015,S004,3,0.15,Credit Card
T01003,2024-02-23 00:00:00,C034,P030,S003,1,0.15,Cash
T01004,2024-12-08 00:00:00,C141,P019,S004,3,0,Mobile Money
T01005,2024-05-30 00:00:00,C129,P014,S004,2,0.05,Mobile Money
T01006,2024-12-11 00:00:00,C144,P002,S002,4,0.15,Credit Card
T01007,2024-03-19 00:00:00,C144,P018,S005,5,0.05,Credit Card
T01008,2025-06-10 00:00:00,C019,P014,S003,4,0.1,Cash
T01009,2023-11-01 00:00:00,C029,P047,S004,4,0.1,Bank Transfer
T01010,2024-05-09 00:00:00,C049,P036,S003,3,0,Bank Transfer
T01011,2024-04-21 00:00:00,C044,P001,S003,5,0.15,Credit Card
T01012,2024-02-21 00:00:00,C113,P028,S001,2,0.05,Bank Transfer
T01013,2024-02-19 00:00:00,C040,P020,S001,1,0,Credit Card
T01014,2025-05-13 00:00:00,C159,P008,S002,3,0,Bank Transfer
T01015,2025-06-20 00:00:00,C178,P005,S001,3,0.15,Mobile Money
T01016,2024-07-07 00:00:00,C006,P026,S003,2,0.05,Credit Card
T01017,2023-11-13 00:00:00,C140,P046,S005,3,0.15,Credit Card
T01018,2024-06-08 00:00:00,C178,P032,S001,4,0,Bank Transfer
T01019,2024-06-27 00:00:00,C044,P039,S001,3,0.05,Bank Transfer
T01020,2025-08-21 00:00:00,C014,P010,S004,1,0,Mobile Money
T01021,2024-02-11 00:00:00,C170,P006,S003,3,0,Cash
T01022,2024-03-08 00:00:00,C075,P026,S004,2,0.15,Cash
T01023,2024-07-10 00:00:00,C081,P001,S004,5,0,Credit Card
T01024,2024-12-04 00:00:00,C051,P039,S005,4,0,Cash
T01025,2023-12-27 00:00:00,C064,P023,S005,3,0.1,Mobile Money
T01026,2023-09-26 00:00:00,C101,P044,S002,1,0.1,Bank Transfer
T01027,2024-10-31 00:00:00,C091,P040,S003,2,0.1,Cash
T01028,2025-03-10 00:00:00,C161,P002,S003,4,0,Bank Transfer
T01029,2024-02-20 00:00:00,C058,P031,S002,3,0.15,Credit Card
T01030,2023-12-10 00:00:00,C023,P001,S004,5,0.05,Mobile Money
T01031,2024-03-27 00:00:00,C062,P037,S005,2,0.15,Bank Transfer
T01032,2024-06-10 00:00:00,C155,P019,S003,4,0.05,Credit Card
T01033,2025-01-14 00:00:00,C168,P027,S002,5,0.05,Credit Card
T01034,2023-10-12 00:00:00,C080,P010,S005,2,0.15,Credit Card
T01035,2025-02-06 00:00:00,C168,P023,S005,2,0.1,Cash
T01036,2024-08-04 00:00:00,C143,P002,S005,1,0.05,Bank Transfer
T01037,2024-10-23 00:00:00,C038,P050,S001,3,0.15,Mobile Money
T01038,2024-01-08 00:00:00,C078,P019,S004,3,0.05,Credit Card
T01039,2025-06-13 00:00:00,C028,P030,S002,2,0,Bank Transfer
T01040,2024-03-26 00:00:00,C156,P044,S005,5,0.05,Credit Card
T01041,2025-05-22 00:00:00,C060,P002,S001,3,0,Mobile Money
T01042,2024-10-19 00:00:00,C035,P001,S005,5,0.15,Bank Transfer
T01043,2024-05-01 00:00:00,C048,P001,S004,4,0.15,Credit Card
T01044,2024-07-12 00:00:00,C042,P028,S002,2,0,Mobile Money
T01045,2024-11-04 00:00:00,C196,P049,S001,3,0.15,Credit Card
T01046,2025-03-03 00:00:00,C191,P019,S002,2,0,Credit Card
T01047,2023-09-15 00:00:00,C113,P036,S005,4,0.1,Mobile Money
T01048,2024-01-17 00:00:00,C064,P024,S004,4,0,Mobile Money
T01049,2023-12-22 00:00:00,C185,P020,S003,4,0,Cash
T01050,2024-06-11 00:00:00,C116,P048,S004,1,0.05,Mobile Money
T01051,2024-08-26 00:00:00,C189,P016,S001,5,0.15,Cash
T01052,2024-12-17 00:00:00,C049,P032,S003,4,0.15,Bank Transfer
T01053,2024-06-05 00:00:00,C199,P049,S003,4,0.05,Mobile Money
T01054,2025-02-22 00:00:00,C076,P012,S005,1,0.05,Mobile Money
T01055,2023-11-28 00:00:00,C166,P013,S004,1,0,Credit Card
T01056,2023-12-15 00:00:00,C200,P014,S005,5,0.05,Mobile Money
T01057,2023-12-25 00:00:00,C106,P002,S003,4,0,Credit Card
T01058,2024-03-12 00:00:00,C117,P042,S005,2,0.15,Cash
T01059,2025-07-22 00:00:00,C065,P015,S003,2,0,Cash
T01060,2025-01-08 00:00:00,C030,P034,S004,3,0,Mobile Money
T01061,2024-09-28 00:00:00,C187,P038,S005,5,0.05,Mobile Money
T01062,2024-04-06 00:00:00,C141,P033,S004,1,0.05,Bank Transfer
T01063,2024-05-31 00:00:00,C145,P045,S002,2,0.05,Credit Card
T01064,2023-11-26 00:00:00,C197,P040,S001,4,0.1,Bank Transfer
T01065,2024-06-18 00:00:00,C187,P048,S004,3,0.05,Cash
T01066,2025-03-08 00:00:00,C034,P037,S002,1,0.1,Cash
T01067,2025-01-03 00:00:00,C118,P013,S004,4,0,Mobile Money
T01068,2024-10-29 00:00:00,C061,P049,S002,5,0.15,Mobile Money
T01069,2024-11-27 00:00:00,C105,P022,S004,1,0,Credit Card
T01070,2024-07-05 00:00:00,C141,P003,S003,5,0.05,Cash
T01071,2025-03-06 00:00:00,C048,P039,S002,1,0.1,Cash
T01072,2024-02-26 00:00:00,C038,P013,S001,5,0.1,Bank Transfer
T01073,2025-02-20 00:00:00,C023,P041,S001,1,0.15,Credit Card
T01074,2024-07-07 00:00:00,C042,P045,S003,5,0.05,Mobile Money
T01075,2025-01-28 00:00:00,C192,P006,S005,3,0,Cash
T01076,2025-06-28 00:00:00,C197,P028,S003,3,0.1,Mobile Money
T01077,2025-05-23 00:00:00,C018,P017,S004,5,0,Bank Transfer
T01078,2024-12-24 00:00:00,C121,P009,S002,1,0.1,Bank Transfer
T01079,2024-12-24 00:00:00,C135,P047,S004,5,0.05,Credit Card
T01080,2024-09-05 00:00:00,C157,P004,S001,1,0,Mobile Money
T01081,2023-12-26 00:00:00,C186,P002,S005,3,0.15,Bank Transfer
T01082,2023-12-10 00:00:00,C067,P019,S005,5,0.1,Credit Card
T01083,2024-04-17 00:00:00,C158,P025,S005,4,0.15,Mobile Money
T01084,2025-03-29 00:00:00,C047,P009,S005,2,0.1,Credit Card
T01085,2024-11-25 00:00:00,C001,P015,S001,1,0.15,Cash
T01086,2025-04-04 00:00:00,C189,P038,S002,5,0.15,Mobile Money
T01087,2025-01-06 00:00:00,C012,P046,S003,3,0.05,Cash
T01088,2024-03-02 00:00:00,C164,P005,S002,3,0.1,Cash
T01089,2024-04-03 00:00:00,C079,P026,S003,5,0.1,Cash
T01090,2024-03-20 00:00:00,C030,P009,S003,3,0.15,Cash
T01091,2025-01-23 00:00:00,C045,P040,S002,3,0.1,Mobile Money
T01092,2025-07-12 00:00:00,C122,P041,S001,2,0.15,Credit Card
T01093,2024-07-29 00:00:00,C161,P033,S004,5,0.1,Mobile Money
T01094,2024-05-29 00:00:00,C106,P020,S001,5,0.1,Bank Transfer
T01095,2025-06-14 00:00:00,C143,P034,S005,1,0.05,Bank Transfer
T01096,2025-03-30 00:00:00,C091,P031,S001,2,0.1,Cash
T01097,2024-09-15 00:00:00,C087,P002,S004,5,0.05,Mobile Money
T01098,2024-11-12 00:00:00,C048,P023,S005,1,0.1,Bank Transfer
T01099,2025-07-06 00:00:00,C182,P012,S001,3,0.15,Cash
T01100,2024-11-19 00:00:00,C128,P035,S002,3,0.15,Bank Transfer
T01101,2025-04-30 00:00:00,C056,P017,S005,3,0.05,Cash
T01102,2025-06-27 00:00:00,C096,P034,S001,2,0,Mobile Money
T01103,2025-06-07 00:00:00,C130,P018,S001,4,0.05,Credit Card
T01104,2024-01-09 00:00:00,C088,P013,S004,5,0.1,Bank Transfer
T01105,2025-05-02 00:00:00,C037,P011,S001,5,0.05,Credit Card
T01106,2024-04-06 00:00:00,C186,P027,S001,4,0.15,Cash
T01107,2025-05-31 00:00:00,C002,P009,S003,1,0,Bank Transfer
T01108,2025-08-19 00:00:00,C120,P016,S001,1,0.1,Cash
T01109,2025-05-08 00:00:00,C148,P004,S003,2,0.1,Credit Card
T01110,2024-02-08 00:00:00,C050,P006,S003,3,0.1,Mobile Money
T01111,2024-08-29 00:00:00,C172,P021,S001,3,0.05,Credit Card
T01112,2025-01-13 00:00:00,C071,P045,S001,1,0,Credit Card
T01113,2023-11-25 00:00:00,C139,P025,S003,5,0.1,Bank Transfer
T01114,2025-05-11 00:00:00,C037,P029,S003,5,0.05,Credit Card
T01115,2023-12-28 00:00:00,C019,P042,S003,5,0.1,Mobile Money
T01116,2023-10-13 00:00:00,C013,P020,S002,1,0.15,Cash
T01117,2023-12-23 00:00:00,C028,P012,S004,1,0,Mobile Money
T01118,2024-07-14 00:00:00,C101,P002,S002,5,0.15,Bank Transfer
T01119,2024-04-26 00:00:00,C080,P022,S003,2,0,Mobile Money
T01120,2025-06-09 00:00:00,C146,P021,S002,1,0.15,Cash
T01121,2023-11-04 00:00:00,C117,P026,S003,4,0.15,Credit Card
T01122,2024-06-29 00:00:00,C058,P040,S002,5,0.1,Bank Transfer
T01123,2025-07-24 00:00:00,C101,P021,S002,3,0.1,Mobile Money
T01124,2024-10-16 00:00:00,C125,P021,S001,1,0.15,Cash
T01125,2025-03-19 00:00:00,C090,P032,S004,4,0.05,Bank Transfer
T01126,2025-03-01 00:00:00,C197,P035,S003,5,0.05,Cash
T01127,2025-06-27 00:00:00,C104,P026,S001,3,0,Bank Transfer
T01128,2023-11-21 00:00:00,C137,P031,S004,4,0.15,Credit Card
T01129,2024-01-29 00:00:00,C159,P036,S002,5,0.05,Mobile Money
T01130,2024-02-26 00:00:00,C099,P012,S001,3,0.05,Mobile Money
T01131,2023-12-13 00:00:00,C112,P006,S005,3,0.05,Credit Card
T01132,2023-10-02 00:00:00,C170,P024,S001,5,0.15,Cash
T01133,2024-09-21 00:00:00,C152,P013,S005,4,0.1,Cash
T01134,2025-01-14 00:00:00,C114,P017,S002,3,0.15,Cash
T01135,2025-01-06 00:00:00,C154,P023,S001,5,0.15,Bank Transfer
T01136,2025-03-13 00:00:00,C127,P037,S001,1,0.05,Credit Card
T01137,2025-08-13 00:00:00,C149,P034,S001,2,0.05,Mobile Money
T01138,2024-07-12 00:00:00,C137,P042,S003,4,0.15,Credit Card
T01139,2025-05-16 00:00:00,C053,P047,S003,3,0.1,Mobile Money
T01140,2025-08-14 00:00:00,C184,P017,S003,1,0,Mobile Money
T01141,2025-02-13 00:00:00,C033,P019,S003,1,0.1,Cash
T01142,2024-03-01 00:00:00,C001,P046,S005,3,0,Bank Transfer
T01143,2025-02-05 00:00:00,C008,P023,S002,4,0.15,Bank Transfer
T01144,2024-04-12 00:00:00,C183,P021,S004,4,0.15,Mobile Money
T01145,2025-08-01 00:00:00,C140,P020,S002,2,0.15,Credit Card
T01146,2024-09-09 00:00:00,C049,P042,S005,4,0.1,Mobile Money
T01147,2023-12-02 00:00:00,C040,P041,S003,2,0.05,Cash
T01148,2024-09-29 00:00:00,C019,P002,S001,2,0.15,Mobile Money
T01149,2025-07-20 00:00:00,C035,P034,S001,2,0.15,Mobile Money
T01150,2024-04-20 00:00:00,C179,P029,S005,4,0.05,Mobile Money
T01151,2024-11-01 00:00:00,C131,P029,S004,5,0.15,Mobile Money
T01152,2024-02-01 00:00:00,C091,P009,S002,2,0.15,Cash
T01153,2023-12-23 00:00:00,C148,P046,S004,2,0.1,Mobile Money
T01154,2024-12-25 00:00:00,C140,P031,S005,3,0,Cash
T01155,2025-05-15 00:00:00,C146,P045,S004,3,0,Mobile Money
T01156,2024-01-28 00:00:00,C177,P038,S001,2,0.1,Mobile Money
T01157,2024-10-13 00:00:00,C133,P034,S001,5,0,Credit Card
T01158,2025-05-26 00:00:00,C121,P031,S001,5,0.1,Cash
T01159,2024-11-07 00:00:00,C088,P011,S005,1,0.15,Mobile Money
T01160,2025-01-26 00:00:00,C132,P045,S004,5,0.1,Mobile Money
T01161,2025-08-24 00:00:00,C091,P009,S003,3,0.05,Cash
T01162,2024-10-02 00:00:00,C178,P041,S005,3,0.1,Cash
T01163,2023-10-07 00:00:00,C162,P033,S004,5,0.05,Cash
T01164,2023-12-27 00:00:00,C169,P033,S003,5,0,Bank Transfer
T01165,2025-03-07 00:00:00,C125,P023,S001,2,0,Bank Transfer
T01166,2025-03-27 00:00:00,C065,P003,S002,5,0.1,Bank Transfer
T01167,2025-07-03 00:00:00,C066,P002,S001,1,0.05,Credit Card
T01168,2023-12-23 00:00:00,C169,P042,S004,3,0.05,Bank Transfer
T01169,2025-01-13 00:00:00,C180,P016,S002,4,0.05,Cash
T01170,2025-05-02 00:00:00,C088,P050,S001,2,0.05,Mobile Money
T01171,2024-09-05 00:00:00,C193,P004,S004,4,0.05,Mobile Money
T01172,2025-06-22 00:00:00,C186,P045,S002,2,0.1,Cash
T01173,2025-05-29 00:00:00,C165,P031,S003,1,0,Credit Card
T01174,2024-04-14 00:00:00,C119,P041,S004,4,0.1,Mobile Money
T01175,2024-10-02 00:00:00,C192,P034,S005,2,0.15,Mobile Money
T01176,2025-08-15 00:00:00,C122,P036,S003,2,0.15,Cash
T01177,2023-10-21 00:00:00,C074,P021,S004,4,0.1,Cash
T01178,2024-04-17 00:00:00,C025,P011,S005,3,0.15,Bank Transfer
T01179,2025-01-12 00:00:00,C086,P026,S003,3,0,Bank Transfer
T01180,2023-11-23 00:00:00,C168,P028,S005,4,0.15,Credit Card
T01181,2023-12-17 00:00:00,C188,P001,S005,2,0.1,Credit Card
T01182,2025-07-10 00:00:00,C081,P026,S005,1,0,Cash
T01183,2025-05-18 00:00:00,C004,P050,S004,1,0,Mobile Money
T01184,2024-02-09 00:00:00,C090,P015,S002,3,0.1,Credit Card
T01185,2024-11-29 00:00:00,C009,P035,S001,5,0,Cash
T01186,2024-12-22 00:00:00,C153,P037,S002,5,0,Cash
T01187,2024-12-16 00:00:00,C023,P008,S005,2,0.15,Credit Card
T01188,2025-03-05 00:00:00,C029,P024,S002,3,0.1,Mobile Money
T01189,2025-02-18 00:00:00,C170,P035,S001,4,0.1,Mobile Money
T01190,2025-08-31 00:00:00,C178,P017,S003,3,0.05,Cash
T01191,2024-03-31 00:00:00,C071,P023,S001,4,0.15,Bank Transfer
T01192,2023-12-14 00:00:00,C016,P016,S003,3,0.05,Mobile Money
T01193,2024-08-07 00:00:00,C018,P010,S004,2,0.15,Credit Card
T01194,2024-07-13 00:00:00,C166,P025,S004,1,0.05,Mobile Money
T01195,2025-08-26 00:00:00,C056,P032,S005,1,0.15,Bank Transfer
T01196,2025-03-11 00:00:00,C027,P031,S001,1,0,Bank Transfer
T01197,2024-02-26 00:00:00,C199,P019,S004,1,0.15,Credit Card
T01198,2025-07-11 00:00:00,C168,P037,S001,1,0.15,Bank Transfer
T01199,2025-09-06 00:00:00,C039,P018,S003,4,0,Mobile Money
T01200,2023-11-18 00:00:00,C123,P007,S004,4,0,Credit Card
T01201,2023-12-11 00:00:00,C001,P048,S004,4,0,Bank Transfer
T01202,2025-02-07 00:00:00,C086,P046,S003,4,0,Cash
T01203,2025-01-09 00:00:00,C094,P042,S005,3,0,Mobile Money
T01204,2024-01-16 00:00:00,C195,P018,S003,2,0.05,Cash
T01205,2025-09-02 00:00:00,C099,P004,S002,3,0.15,Cash
T01206,2024-06-12 00:00:00,C162,P047,S003,4,0,Mobile Money
T01207,2024-02-04 00:00:00,C189,P016,S002,2,0,Credit Card
T01208,2025-05-04 00:00:00,C007,P009,S005,2,0.15,Mobile Money
T01209,2025-06-21 00:00:00,C017,P032,S005,3,0.15,Mobile Money
T01210,2024-02-03 00:00:00,C005,P028,S001,3,0,Bank Transfer
T01211,2024-12-22 00:00:00,C185,P029,S001,4,0,Credit Card
T01212,2024-11-25 00:00:00,C168,P020,S005,4,0.05,Credit Card
T01213,2023-12-05 00:00:00,C019,P023,S001,2,0.15,Cash
T01214,2024-12-04 00:00:00,C121,P015,S005,1,0.05,Credit Card
T01215,2025-04-17 00:00:00,C004,P045,S002,1,0.1,Cash
T01216,2025-09-06 00:00:00,C117,P046,S005,2,0,Cash
T01217,2024-12-16 00:00:00,C030,P021,S004,5,0.05,Cash
T01218,2025-05-21 00:00:00,C052,P001,S004,3,0.15,Bank Transfer
T01219,2025-07-15 00:00:00,C031,P034,S005,5,0.05,Bank Transfer
T01220,2024-10-16 00:00:00,C055,P048,S001,5,0.05,Bank Transfer
T01221,2025-05-05 00:00:00,C017,P041,S001,3,0.05,Mobile Money
T01222,2025-07-31 00:00:00,C044,P046,S003,5,0.05,Mobile Money
T01223,2024-06-30 00:00:00,C063,P029,S005,1,0.05,Cash
T01224,2024-01-26 00:00:00,C162,P002,S005,4,0.05,Cash
T01225,2024-04-07 00:00:00,C125,P006,S001,1,0,Credit Card
T01226,2023-10-15 00:00:00,C023,P029,S005,3,0.15,Mobile Money
T01227,2024-01-19 00:00:00,C178,P023,S002,2,0.05,Bank Transfer
T01228,2024-06-16 00:00:00,C134,P029,S004,4,0.05,Credit Card
T01229,2023-10-11 00:00:00,C157,P004,S001,5,0.05,Mobile Money
T01230,2024-06-25 00:00:00,C157,P031,S001,3,0.1,Mobile Money
T01231,2024-05-23 00:00:00,C002,P037,S005,2,0.05,Cash
T01232,2025-07-27 00:00:00,C136,P038,S001,5,0.1,Credit Card
T01233,2025-02-03 00:00:00,C119,P013,S002,3,0,Credit Card
T01234,2024-02-21 00:00:00,C029,P015,S002,4,0.15,Credit Card
T01235,2024-05-13 00:00:00,C041,P029,S001,1,0.1,Bank Transfer
T01236,2024-07-02 00:00:00,C054,P004,S004,3,0.1,Mobile Money
T01237,2024-07-17 00:00:00,C012,P023,S001,1,0.05,Credit Card
T01238,2025-01-28 00:00:00,C008,P014,S004,5,0,Cash
T01239,2024-11-30 00:00:00,C061,P021,S004,5,0.1,Mobile Money
T01240,2024-10-13 00:00:00,C051,P039,S003,2,0,Bank Transfer
T01241,2023-10-27 00:00:00,C059,P050,S001,2,0.15,Credit Card
T01242,2023-11-08 00:00:00,C097,P009,S002,1,0.15,Mobile Money
T01243,2023-09-22 00:00:00,C014,P043,S004,2,0.05,Mobile Money
T01244,2024-08-14 00:00:00,C046,P043,S004,3,0.05,Mobile Money
T01245,2024-02-14 00:00:00,C185,P044,S002,3,0.1,Credit Card
T01246,2024-10-21 00:00:00,C086,P028,S002,1,0,Bank Transfer
T01247,2025-02-21 00:00:00,C035,P015,S001,4,0.15,Mobile Money
T01248,2024-10-03 00:00:00,C044,P013,S003,2,0.1,Credit Card
T01249,2024-08-27 00:00:00,C164,P050,S005,2,0.05,Cash
T01250,2025-05-11 00:00:00,C106,P029,S005,4,0.05,Mobile Money
T01251,2024-02-03 00:00:00,C119,P026,S003,1,0.15,Credit Card
T01252,2025-02-23 00:00:00,C064,P041,S003,4,0.05,Credit Card
T01253,2024-03-24 00:00:00,C147,P017,S001,4,0,Cash
T01254,2025-05-04 00:00:00,C121,P050,S005,1,0.15,Mobile Money
T01255,2025-04-17 00:00:00,C123,P043,S001,4,0.15,Credit Card
T01256,2024-12-28 00:00:00,C022,P026,S005,1,0.15,Credit Card
T01257,2025-05-09 00:00:00,C034,P020,S003,3,0.05,Cash
T01258,2025-07-22 00:00:00,C005,P012,S004,3,0.05,Mobile Money
T01259,2024-03-15 00:00:00,C147,P045,S005,1,0.15,Mobile Money
T01260,2024-08-22 00:00:00,C198,P031,S002,4,0.05,Bank Transfer
T01261,2023-11-12 00:00:00,C161,P011,S004,1,0,Mobile Money
T01262,2024-05-10 00:00:00,C177,P030,S003,5,0,Bank Transfer
T01263,2025-05-06 00:00:00,C110,P033,S003,5,0.05,Cash
T01264,2024-02-17 00:00:00,C159,P007,S003,1,0.1,Cash
T01265,2024-06-28 00:00:00,C029,P013,S004,3,0.15,Cash
T01266,2024-05-27 00:00:00,C094,P046,S003,2,0,Credit Card
T01267,2024-11-01 00:00:00,C036,P020,S003,2,0,Mobile Money
T01268,2025-07-29 00:00:00,C189,P027,S005,2,0.05,Bank Transfer
T01269,2025-04-21 00:00:00,C091,P050,S003,5,0.15,Bank Transfer
T01270,2024-12-03 00:00:00,C014,P010,S001,3,0.1,Mobile Money
T01271,2024-03-27 00:00:00,C125,P023,S005,5,0,Mobile Money
T01272,2024-04-04 00:00:00,C182,P016,S005,5,0.1,Mobile Money
T01273,2023-12-03 00:00:00,C159,P027,S003,1,0.05,Mobile Money
T01274,2024-09-04 00:00:00,C023,P032,S001,4,0.05,Bank Transfer
T01275,2024-01-08 00:00:00,C020,P016,S001,2,0.1,Cash
T01276,2025-03-16 00:00:00,C179,P023,S002,4,0.05,Credit Card
T01277,2024-09-19 00:00:00,C134,P041,S001,3,0.15,Credit Card
T01278,2023-10-04 00:00:00,C122,P023,S003,4,0.15,Cash
T01279,2024-06-24 00:00:00,C075,P041,S002,1,0,Credit Card
T01280,2024-02-12 00:00:00,C134,P014,S003,4,0.1,Bank Transfer
T01281,2025-06-20 00:00:00,C125,P014,S005,5,0.15,Mobile Money
T01282,2025-08-29 00:00:00,C078,P038,S005,2,0.1,Credit Card
T01283,2023-12-14 00:00:00,C067,P001,S002,4,0.1,Bank Transfer
T01284,2024-06-27 00:00:00,C198,P042,S001,2,0.1,Bank Transfer
T01285,2024-08-29 00:00:00,C117,P020,S002,5,0.05,Bank Transfer
T01286,2024-02-17 00:00:00,C047,P019,S002,2,0.05,Credit Card
T01287,2025-08-24 00:00:00,C030,P014,S001,3,0.05,Mobile Money
T01288,2023-10-14 00:00:00,C067,P001,S003,2,0.05,Cash
T01289,2024-09-05 00:00:00,C171,P041,S003,3,0.05,Bank Transfer
T01290,2024-08-09 00:00:00,C115,P022,S005,2,0.1,Cash
T01291,2025-09-05 00:00:00,C007,P032,S004,4,0.05,Mobile Money
T01292,2024-12-01 00:00:00,C082,P036,S002,1,0.1,Bank Transfer
T01293,2025-04-06 00:00:00,C122,P010,S003,5,0.05,Mobile Money
T01294,2025-07-18 00:00:00,C087,P028,S001,4,0,Credit Card
T01295,2024-01-04 00:00:00,C174,P025,S005,1,0.1,Cash
T01296,2024-12-06 00:00:00,C103,P007,S005,2,0.15,Bank Transfer
T01297,2025-04-10 00:00:00,C024,P047,S003,1,0.05,Credit Card
T01298,2025-06-27 00:00:00,C197,P037,S003,2,0,Cash
T01299,2023-12-06 00:00:00,C138,P031,S004,1,0.15,Credit Card
T01300,2023-12-31 00:00:00,C126,P003,S003,5,0,Bank Transfer
T01301,2025-04-28 00:00:00,C102,P022,S002,4,0.1,Mobile Money
T01302,2024-10-19 00:00:00,C096,P012,S001,3,0.1,Bank Transfer
T01303,2024-07-18 00:00:00,C079,P003,S004,5,0,Credit Card
T01304,2025-04-30 00:00:00,C187,P041,S004,4,0.15,Bank Transfer
T01305,2025-05-14 00:00:00,C042,P002,S004,4,0.05,Cash
T01306,2025-08-21 00:00:00,C037,P042,S002,3,0.15,Bank Transfer
T01307,2024-12-22 00:00:00,C017,P026,S005,4,0,Cash
T01308,2024-02-29 00:00:00,C105,P030,S003,4,0.05,Mobile Money
T01309,2024-11-20 00:00:00,C182,P027,S005,2,0.05,Credit Card
T01310,2023-11-10 00:00:00,C098,P017,S003,5,0.15,Cash
T01311,2025-03-29 00:00:00,C078,P042,S005,3,0.15,Mobile Money
T01312,2025-06-18 00:00:00,C058,P032,S001,1,0.05,Bank Transfer
T01313,2025-07-26 00:00:00,C077,P009,S004,1,0.1,Mobile Money
T01314,2025-05-02 00:00:00,C046,P012,S004,2,0,Cash
T01315,2025-01-21 00:00:00,C196,P022,S003,4,0,Bank Transfer
T01316,2023-11-20 00:00:00,C149,P049,S004,5,0.15,Bank Transfer
T01317,2024-05-11 00:00:00,C161,P001,S004,1,0.1,Cash
T01318,2024-01-22 00:00:00,C067,P047,S002,5,0,Credit Card
T01319,2024-05-28 00:00:00,C082,P004,S004,2,0.1,Credit Card
T01320,2024-12-16 00:00:00,C014,P049,S003,3,0.15,Bank Transfer
T01321,2024-07-08 00:00:00,C013,P002,S003,3,0,Credit Card
T01322,2024-09-14 00:00:00,C197,P021,S002,1,0.05,Bank Transfer
T01323,2025-08-02 00:00:00,C081,P019,S003,3,0.1,Cash
T01324,2024-04-20 00:00:00,C137,P043,S005,3,0.05,Cash
T01325,2025-01-24 00:00:00,C036,P042,S005,3,0.1,Mobile Money
T01326,2023-12-28 00:00:00,C106,P019,S003,2,0,Credit Card
T01327,2025-04-02 00:00:00,C040,P031,S005,2,0.05,Cash
T01328,2025-05-14 00:00:00,C107,P011,S004,1,0,Credit Card
T01329,2024-05-25 00:00:00,C005,P014,S004,3,0.1,Bank Transfer
T01330,2024-06-10 00:00:00,C036,P033,S004,5,0.1,Credit Card
T01331,2024-09-15 00:00:00,C182,P044,S003,1,0,Credit Card
T01332,2025-04-17 00:00:00,C033,P029,S002,2,0.1,Credit Card
T01333,2024-07-31 00:00:00,C054,P044,S002,1,0.15,Cash
T01334,2024-11-15 00:00:00,C020,P018,S001,4,0.15,Cash
T01335,2024-07-05 00:00:00,C051,P001,S001,1,0,Mobile Money
T01336,2025-08-22 00:00:00,C031,P011,S003,1,0,Bank Transfer
T01337,2023-09-20 00:00:00,C171,P045,S001,1,0,Credit Card
T01338,2024-08-22 00:00:00,C151,P045,S002,2,0.1,Cash
T01339,2024-03-07 00:00:00,C024,P006,S002,3,0.1,Bank Transfer
T01340,2025-01-24 00:00:00,C042,P001,S005,5,0.05,Cash
T01341,2025-03-22 00:00:00,C026,P017,S005,1,0.05,Credit Card
T01342,2025-04-07 00:00:00,C073,P004,S002,5,0,Cash
T01343,2025-01-04 00:00:00,C055,P032,S005,4,0.1,Credit Card
T01344,2023-11-25 00:00:00,C113,P027,S001,2,0.1,Mobile Money
T01345,2025-08-26 00:00:00,C109,P005,S002,5,0.05,Mobile Money
T01346,2024-01-24 00:00:00,C029,P004,S003,1,0.15,Cash
T01347,2024-02-09 00:00:00,C134,P013,S002,4,0.1,Bank Transfer
T01348,2024-08-31 00:00:00,C143,P025,S001,1,0.1,Mobile Money
T01349,2024-11-15 00:00:00,C030,P036,S004,3,0.15,Bank Transfer
T01350,2023-11-06 00:00:00,C176,P013,S004,2,0.15,Bank Transfer
T01351,2023-10-13 00:00:00,C110,P050,S002,1,0.15,Bank Transfer
T01352,2024-12-22 00:00:00,C046,P030,S001,4,0,Mobile Money
T01353,2024-04-17 00:00:00,C113,P050,S005,1,0,Credit Card
T01354,2023-10-28 00:00:00,C102,P003,S004,5,0,Credit Card
T01355,2023-12-22 00:00:00,C017,P006,S003,2,0.1,Credit Card
T01356,2025-06-05 00:00:00,C153,P018,S004,1,0.05,Mobile Money
T01357,2025-07-26 00:00:00,C186,P050,S004,3,0.1,Mobile Money
T01358,2024-06-29 00:00:00,C092,P046,S004,5,0.15,Mobile Money
T01359,2025-08-14 00:00:00,C131,P023,S003,2,0.15,Cash
T01360,2025-06-06 00:00:00,C032,P044,S003,4,0.15,Credit Card
T01361,2023-11-09 00:00:00,C161,P050,S002,1,0,Cash
T01362,2024-02-13 00:00:00,C018,P019,S004,1,0.05,Mobile Money
T01363,2024-04-24 00:00:00,C155,P015,S003,2,0.1,Cash
T01364,2025-07-06 00:00:00,C195,P008,S001,5,0.15,Mobile Money
T01365,2024-09-02 00:00:00,C052,P006,S003,4,0.15,Bank Transfer
T01366,2024-06-08 00:00:00,C139,P050,S003,5,0,Cash
T01367,2024-03-29 00:00:00,C111,P048,S001,4,0.15,Bank Transfer
T01368,2024-06-03 00:00:00,C097,P004,S004,4,0,Cash
T01369,2025-01-02 00:00:00,C046,P042,S005,3,0.05,Mobile Money
T01370,2024-04-24 00:00:00,C111,P010,S002,3,0.15,Mobile Money
T01371,2023-10-19 00:00:00,C196,P019,S001,5,0.15,Mobile Money
T01372,2025-08-30 00:00:00,C122,P005,S005,2,0,Mobile Money
T01373,2024-04-01 00:00:00,C068,P040,S004,5,0.15,Bank Transfer
T01374,2024-05-26 00:00:00,C197,P021,S003,3,0,Cash
T01375,2023-11-19 00:00:00,C152,P042,S001,2,0.1,Bank Transfer
T01376,2024-06-05 00:00:00,C190,P050,S005,1,0.1,Mobile Money
T01377,2025-01-09 00:00:00,C025,P040,S004,3,0.1,Mobile Money
T01378,2024-04-26 00:00:00,C090,P049,S001,2,0.05,Credit Card
T01379,2024-01-30 00:00:00,C166,P003,S003,5,0,Cash
T01380,2024-02-05 00:00:00,C079,P020,S001,3,0.05,Cash
T01381,2023-10-17 00:00:00,C138,P042,S003,1,0.15,Mobile Money
T01382,2024-05-28 00:00:00,C146,P025,S005,4,0.1,Cash
T01383,2024-11-01 00:00:00,C179,P021,S004,5,0,Bank Transfer
T01384,2025-07-28 00:00:00,C097,P036,S005,4,0.1,Cash
T01385,2024-02-15 00:00:00,C126,P037,S001,2,0.1,Mobile Money
T01386,2024-01-28 00:00:00,C129,P017,S003,2,0.1,Bank Transfer
T01387,2024-03-09 00:00:00,C112,P040,S002,4,0,Credit Card
T01388,2025-05-08 00:00:00,C074,P045,S003,1,0.1,Mobile Money
T01389,2025-03-18 00:00:00,C058,P016,S005,1,0,Bank Transfer
T01390,2024-04-14 00:00:00,C070,P026,S001,5,0.15,Mobile Money
T01391,2023-12-10 00:00:00,C054,P007,S003,1,0.1,Bank Transfer
T01392,2025-05-23 00:00:00,C111,P008,S005,3,0.05,Mobile Money
T01393,2024-11-24 00:00:00,C103,P031,S003,5,0.15,Credit Card
T01394,2024-09-18 00:00:00,C005,P050,S005,2,0.15,Credit Card
T01395,2025-04-08 00:00:00,C170,P016,S004,3,0.15,Cash
T01396,2025-03-31 00:00:00,C134,P017,S002,3,0.15,Credit Card
T01397,2024-04-09 00:00:00,C062,P028,S002,3,0.15,Mobile Money
T01398,2025-01-28 00:00:00,C082,P020,S001,2,0.15,Bank Transfer
T01399,2025-06-23 00:00:00,C074,P003,S002,3,0.05,Mobile Money
T01400,2025-04-19 00:00:00,C062,P024,S001,2,0.05,Cash
T01401,2025-07-21 00:00:00,C063,P013,S003,4,0.15,Mobile Money
T01402,2024-03-31 00:00:00,C109,P018,S001,2,0.05,Bank Transfer
T01403,2023-12-02 00:00:00,C035,P026,S001,3,0.1,Credit Card
T01404,2024-08-04 00:00:00,C165,P031,S001,4,0,Cash
T01405,2025-02-17 00:00:00,C022,P048,S003,5,0.1,Cash
T01406,2024-08-27 00:00:00,C105,P036,S003,1,0.15,Credit Card
T01407,2024-10-09 00:00:00,C061,P019,S001,5,0,Bank Transfer
T01408,2024-09-25 00:00:00,C128,P029,S001,2,0,Bank Transfer
T01409,2025-08-25 00:00:00,C085,P001,S005,4,0.05,Mobile Money
T01410,2025-05-21 00:00:00,C056,P026,S002,1,0.05,Credit Card
T01411,2024-02-08 00:00:00,C071,P008,S004,4,0.1,Cash
T01412,2023-12-18 00:00:00,C126,P043,S005,3,0,Bank Transfer
T01413,2024-06-06 00:00:00,C140,P005,S004,4,0.05,Bank Transfer
T01414,2024-08-12 00:00:00,C038,P050,S003,4,0.1,Bank Transfer
T01415,2024-04-21 00:00:00,C006,P050,S005,1,0,Credit Card
T01416,2025-03-03 00:00:00,C065,P026,S005,4,0.1,Bank Transfer
T01417,2025-05-27 00:00:00,C176,P050,S001,5,0.05,Mobile Money
T01418,2024-05-13 00:00:00,C100,P005,S001,4,0.1,Bank Transfer
T01419,2024-09-24 00:00:00,C024,P034,S002,3,0.05,Credit Card
T01420,2024-03-28 00:00:00,C113,P026,S003,4,0,Bank Transfer
T01421,2024-07-01 00:00:00,C021,P002,S004,4,0.15,Bank Transfer
T01422,2023-09-10 00:00:00,C184,P016,S004,1,0.05,Bank Transfer
T01423,2025-05-11 00:00:00,C130,P039,S001,3,0.15,Bank Transfer
T01424,2024-06-05 00:00:00,C117,P038,S001,1,0.05,Mobile Money
T01425,2024-04-08 00:00:00,C165,P031,S002,1,0.15,Credit Card
T01426,2023-11-06 00:00:00,C161,P023,S003,3,0,Cash
T01427,2025-04-05 00:00:00,C041,P023,S002,5,0.05,Mobile Money
T01428,2024-03-07 00:00:00,C082,P039,S004,4,0.05,Bank Transfer
T01429,2024-05-17 00:00:00,C045,P030,S005,3,0.1,Credit Card
T01430,2024-07-18 00:00:00,C022,P010,S004,3,0.05,Mobile Money
T01431,2024-12-25 00:00:00,C097,P040,S005,2,0,Cash
T01432,2023-11-29 00:00:00,C143,P020,S005,2,0,Mobile Money
T01433,2024-07-10 00:00:00,C051,P044,S003,2,0,Mobile Money
T01434,2024-02-21 00:00:00,C159,P048,S004,5,0.1,Credit Card
T01435,2025-03-31 00:00:00,C023,P003,S003,2,0,Cash
T01436,2025-05-16 00:00:00,C184,P043,S005,4,0.15,Mobile Money
T01437,2024-04-02 00:00:00,C031,P041,S002,2,0.05,Bank Transfer
T01438,2025-02-06 00:00:00,C074,P029,S004,4,0.05,Mobile Money
T01439,2023-09-28 00:00:00,C053,P017,S005,2,0.1,Credit Card
T01440,2024-11-13 00:00:00,C108,P015,S002,4,0.05,Cash
T01441,2025-04-01 00:00:00,C075,P036,S003,2,0.15,Credit Card
T01442,2024-01-18 00:00:00,C095,P015,S005,4,0,Cash
T01443,2025-07-28 00:00:00,C121,P020,S002,3,0.15,Credit Card
T01444,2024-08-20 00:00:00,C183,P041,S004,4,0.1,Cash
T01445,2024-07-20 00:00:00,C025,P019,S005,1,0,Bank Transfer
T01446,2025-04-15 00:00:00,C061,P022,S004,3,0,Cash
T01447,2024-02-08 00:00:00,C065,P011,S005,5,0.15,Bank Transfer
T01448,2024-07-31 00:00:00,C102,P003,S003,2,0,Credit Card
T01449,2024-10-03 00:00:00,C067,P006,S002,5,0.15,Bank Transfer
T01450,2024-11-25 00:00:00,C120,P035,S002,1,0.1,Mobile Money
T01451,2023-10-19 00:00:00,C037,P031,S003,1,0.1,Cash
T01452,2023-11-21 00:00:00,C033,P019,S004,3,0.1,Mobile Money
T01453,2023-09-21 00:00:00,C073,P030,S003,5,0.1,Bank Transfer
T01454,2025-01-19 00:00:00,C112,P016,S002,3,0.15,Credit Card
T01455,2025-07-24 00:00:00,C143,P020,S004,1,0.05,Credit Card
T01456,2024-01-09 00:00:00,C014,P017,S002,2,0,Mobile Money
T01457,2024-09-27 00:00:00,C067,P048,S002,4,0.15,Cash
T01458,2024-12-05 00:00:00,C127,P033,S001,4,0.1,Mobile Money
T01459,2025-04-11 00:00:00,C118,P019,S004,1,0.05,Cash
T01460,2024-02-07 00:00:00,C090,P031,S001,2,0.1,Credit Card
T01461,2025-05-28 00:00:00,C044,P045,S005,3,0.05,Cash
T01462,2025-03-20 00:00:00,C135,P033,S005,2,0.15,Cash
T01463,2024-02-10 00:00:00,C064,P012,S004,1,0.1,Cash
T01464,2025-05-03 00:00:00,C073,P035,S001,4,0.1,Cash
T01465,2025-06-11 00:00:00,C083,P049,S002,1,0,Mobile Money
T01466,2024-03-10 00:00:00,C182,P038,S004,4,0.1,Cash
T01467,2025-03-19 00:00:00,C085,P035,S001,5,0.15,Bank Transfer
T01468,2024-01-17 00:00:00,C188,P006,S005,2,0.05,Cash
T01469,2024-07-17 00:00:00,C165,P029,S003,3,0,Cash
T01470,2025-05-09 00:00:00,C141,P028,S005,4,0,Mobile Money
T01471,2024-12-29 00:00:00,C066,P031,S002,2,0.15,Cash
T01472,2025-03-09 00:00:00,C006,P003,S002,2,0.15,Mobile Money
T01473,2024-05-08 00:00:00,C073,P011,S002,1,0.1,Mobile Money
T01474,2024-12-18 00:00:00,C111,P016,S003,5,0.05,Bank Transfer
T01475,2024-05-30 00:00:00,C171,P021,S001,3,0.05,Mobile Money
T01476,2024-12-09 00:00:00,C115,P008,S004,4,0.1,Mobile Money
T01477,2024-10-20 00:00:00,C024,P042,S004,3,0.05,Mobile Money
T01478,2024-04-05 00:00:00,C162,P049,S004,1,0,Bank Transfer
T01479,2025-03-24 00:00:00,C119,P022,S002,2,0.15,Cash
T01480,2025-06-23 00:00:00,C075,P005,S004,4,0,Mobile Money
T01481,2024-10-11 00:00:00,C077,P010,S002,2,0.1,Credit Card
T01482,2025-07-15 00:00:00,C134,P044,S004,3,0,Cash
T01483,2024-04-09 00:00:00,C012,P008,S005,1,0.15,Mobile Money
T01484,2024-06-07 00:00:00,C025,P034,S004,5,0.1,Bank Transfer
T01485,2024-11-04 00:00:00,C066,P042,S005,1,0,Cash
T01486,2023-10-05 00:00:00,C190,P041,S004,2,0.05,Mobile Money
T01487,2025-04-14 00:00:00,C012,P004,S001,4,0.1,Bank Transfer
T01488,2024-07-10 00:00:00,C151,P037,S004,4,0.1,Bank Transfer
T01489,2023-12-04 00:00:00,C048,P006,S002,2,0,Bank Transfer
T01490,2023-11-09 00:00:00,C173,P010,S001,4,0,Cash
T01491,2024-11-19 00:00:00,C102,P036,S001,1,0.05,Mobile Money
T01492,2024-07-23 00:00:00,C118,P048,S004,5,0.15,Bank Transfer
T01493,2024-12-09 00:00:00,C159,P009,S005,3,0.15,Bank Transfer
T01494,2024-05-25 00:00:00,C023,P049,S002,2,0,Credit Card
T01495,2023-11-24 00:00:00,C029,P021,S001,2,0,Credit Card
T01496,2025-07-30 00:00:00,C124,P027,S002,2,0.15,Credit Card
T01497,2024-10-25 00:00:00,C023,P046,S003,4,0.05,Mobile Money
T01498,2024-11-03 00:00:00,C109,P030,S001,1,0.05,Credit Card
T01499,2024-06-19 00:00:00,C190,P007,S004,4,0.15,Cash
T01500,2025-03-25 00:00:00,C116,P046,S005,2,0.05,Bank Transfer
T01501,2023-11-29 00:00:00,C146,P018,S004,1,0.1,Cash
T01502,2024-01-29 00:00:00,C027,P036,S004,4,0.15,Bank Transfer
T01503,2024-03-07 00:00:00,C010,P031,S004,4,0.15,Mobile Money
T01504,2025-01-13 00:00:00,C060,P022,S001,5,0,Mobile Money
T01505,2024-05-27 00:00:00,C148,P010,S003,5,0,Bank Transfer
T01506,2025-03-21 00:00:00,C166,P044,S004,4,0,Mobile Money
T01507,2024-04-10 00:00:00,C160,P044,S003,4,0.15,Cash
T01508,2024-07-22 00:00:00,C042,P032,S003,2,0.15,Bank Transfer
T01509,2024-04-19 00:00:00,C113,P045,S002,5,0.05,Bank Transfer
T01510,2025-08-02 00:00:00,C155,P023,S004,2,0.1,Mobile Money
T01511,2024-07-08 00:00:00,C107,P005,S003,4,0.05,Credit Card
T01512,2024-02-20 00:00:00,C073,P030,S001,4,0.05,Credit Card
T01513,2025-05-23 00:00:00,C052,P015,S002,5,0.15,Cash
T01514,2024-01-24 00:00:00,C107,P040,S004,3,0.05,Credit Card
T01515,2025-06-08 00:00:00,C143,P043,S001,1,0.1,Bank Transfer
T01516,2025-04-30 00:00:00,C092,P005,S002,2,0,Cash
T01517,2023-10-16 00:00:00,C087,P016,S004,1,0.05,Cash
T01518,2023-12-31 00:00:00,C144,P007,S002,4,0.1,Bank Transfer
T01519,2023-11-27 00:00:00,C091,P003,S001,5,0.1,Credit Card
T01520,2023-12-11 00:00:00,C177,P027,S005,5,0,Cash
T01521,2024-12-17 00:00:00,C113,P018,S004,1,0,Cash
T01522,2025-06-21 00:00:00,C144,P011,S001,5,0,Credit Card
T01523,2024-10-27 00:00:00,C162,P031,S001,2,0.1,Credit Card
T01524,2025-01-24 00:00:00,C187,P013,S003,4,0.15,Cash
T01525,2024-06-25 00:00:00,C040,P012,S003,3,0.05,Cash
T01526,2024-07-05 00:00:00,C052,P009,S004,4,0,Credit Card
T01527,2024-09-05 00:00:00,C122,P012,S003,3,0.05,Cash
T01528,2025-01-29 00:00:00,C069,P018,S003,4,0.1,Credit Card
T01529,2024-04-28 00:00:00,C039,P015,S005,4,0.05,Credit Card
T01530,2023-11-14 00:00:00,C110,P010,S004,4,0.15,Bank Transfer
T01531,2025-03-18 00:00:00,C008,P032,S004,2,0,Cash
T01532,2024-10-12 00:00:00,C022,P039,S003,3,0.15,Credit Card
T01533,2024-09-22 00:00:00,C112,P030,S001,4,0,Credit Card
T01534,2024-12-31 00:00:00,C148,P040,S001,5,0.1,Mobile Money
T01535,2025-07-04 00:00:00,C103,P042,S005,3,0.1,Bank Transfer
T01536,2025-06-06 00:00:00,C003,P045,S003,5,0.05,Mobile Money
T01537,2025-04-30 00:00:00,C115,P017,S002,5,0.15,Bank Transfer
T01538,2023-12-02 00:00:00,C167,P035,S004,2,0.1,Cash
T01539,2025-03-08 00:00:00,C010,P036,S005,3,0.15,Credit Card
T01540,2023-09-20 00:00:00,C134,P005,S005,3,0.05,Cash
T01541,2024-10-11 00:00:00,C131,P026,S005,3,0.1,Credit Card
T01542,2025-05-19 00:00:00,C006,P027,S001,5,0.1,Credit Card
T01543,2025-02-09 00:00:00,C199,P037,S003,4,0,Cash
T01544,2024-12-01 00:00:00,C096,P040,S003,5,0.1,Cash
T01545,2024-09-30 00:00:00,C013,P005,S001,4,0.1,Cash
T01546,2024-03-19 00:00:00,C117,P008,S003,2,0.05,Bank Transfer
T01547,2024-03-01 00:00:00,C077,P019,S003,5,0.05,Mobile Money
T01548,2024-07-04 00:00:00,C134,P036,S002,1,0.1,Credit Card
T01549,2025-07-24 00:00:00,C200,P038,S003,4,0,Credit Card
T01550,2025-05-08 00:00:00,C183,P007,S004,4,0,Cash
T01551,2024-12-04 00:00:00,C016,P038,S004,2,0.15,Credit Card
T01552,2024-08-06 00:00:00,C115,P007,S001,3,0.15,Mobile Money
T01553,2025-04-11 00:00:00,C068,P009,S005,4,0.15,Mobile Money
T01554,2025-01-22 00:00:00,C177,P031,S004,4,0.05,Credit Card
T01555,2023-10-18 00:00:00,C130,P030,S002,4,0.15,Credit Card
T01556,2025-02-26 00:00:00,C181,P041,S005,5,0,Credit Card
T01557,2024-09-14 00:00:00,C117,P003,S004,1,0.05,Bank Transfer
T01558,2024-08-22 00:00:00,C031,P042,S005,4,0,Cash
T01559,2024-10-30 00:00:00,C095,P007,S005,3,0,Credit Card
T01560,2025-04-30 00:00:00,C031,P037,S003,3,0.1,Bank Transfer
T01561,2023-11-16 00:00:00,C076,P016,S004,1,0.05,Credit Card
T01562,2024-09-17 00:00:00,C151,P041,S004,1,0.1,Bank Transfer
T01563,2023-12-10 00:00:00,C056,P029,S002,4,0,Cash
T01564,2025-03-02 00:00:00,C141,P030,S003,1,0,Mobile Money
T01565,2024-10-13 00:00:00,C124,P022,S005,3,0.15,Bank Transfer
T01566,2025-02-26 00:00:00,C097,P029,S004,5,0.05,Credit Card
T01567,2024-11-26 00:00:00,C130,P041,S004,4,0.15,Credit Card
T01568,2024-02-02 00:00:00,C187,P017,S003,1,0.15,Mobile Money
T01569,2024-02-15 00:00:00,C060,P039,S004,3,0,Mobile Money
T01570,2025-07-19 00:00:00,C189,P022,S003,1,0.05,Cash
T01571,2025-02-16 00:00:00,C147,P008,S003,5,0,Cash
T01572,2024-11-12 00:00:00,C050,P014,S005,5,0,Credit Card
T01573,2024-01-07 00:00:00,C193,P023,S004,5,0,Cash
T01574,2024-09-14 00:00:00,C169,P012,S005,2,0,Bank Transfer
T01575,2025-06-23 00:00:00,C053,P046,S002,5,0.15,Cash
T01576,2023-11-01 00:00:00,C137,P027,S005,3,0.15,Cash
T01577,2025-01-17 00:00:00,C126,P022,S001,3,0.15,Credit Card
T01578,2024-09-11 00:00:00,C107,P039,S001,5,0.1,Mobile Money
T01579,2024-07-08 00:00:00,C066,P022,S001,1,0,Credit Card
T01580,2025-09-07 00:00:00,C074,P003,S002,2,0.1,Cash
T01581,2025-03-09 00:00:00,C040,P014,S003,4,0.05,Cash
T01582,2025-02-22 00:00:00,C158,P048,S003,2,0,Cash
T01583,2024-09-13 00:00:00,C077,P017,S004,1,0.1,Credit Card
T01584,2025-05-25 00:00:00,C106,P033,S003,3,0.15,Cash
T01585,2025-05-12 00:00:00,C014,P028,S002,2,0.05,Mobile Money
T01586,2024-10-08 00:00:00,C131,P028,S005,4,0,Bank Transfer
T01587,2024-10-20 00:00:00,C016,P041,S003,4,0.15,Cash
T01588,2023-12-28 00:00:00,C124,P041,S001,4,0.05,Cash
T01589,2024-11-19 00:00:00,C069,P020,S005,5,0,Credit Card
T01590,2024-09-07 00:00:00,C196,P004,S005,2,0.1,Mobile Money
T01591,2023-10-27 00:00:00,C115,P002,S001,5,0.05,Credit Card
T01592,2024-09-05 00:00:00,C096,P049,S005,2,0.05,Mobile Money
T01593,2024-03-12 00:00:00,C143,P030,S004,1,0,Mobile Money
T01594,2024-07-10 00:00:00,C159,P047,S003,2,0,Cash
T01595,2023-12-06 00:00:00,C124,P011,S003,5,0.1,Mobile Money
T01596,2025-06-11 00:00:00,C090,P015,S002,5,0.1,Cash
T01597,2024-09-12 00:00:00,C042,P045,S005,5,0,Bank Transfer
T01598,2023-10-01 00:00:00,C023,P019,S004,1,0.05,Bank Transfer
T01599,2024-07-24 00:00:00,C111,P043,S002,5,0.1,Bank Transfer
T01600,2024-10-30 00:00:00,C163,P003,S003,4,0.1,Credit Card
T01601,2025-08-25 00:00:00,C170,P033,S003,3,0.05,Mobile Money
T01602,2024-02-03 00:00:00,C154,P037,S003,1,0.05,Cash
T01603,2024-03-26 00:00:00,C156,P014,S004,1,0,Credit Card
T01604,2025-06-04 00:00:00,C106,P011,S005,4,0.15,Cash
T01605,2025-05-13 00:00:00,C167,P030,S001,5,0,Mobile Money
T01606,2024-11-08 00:00:00,C173,P023,S001,3,0.15,Bank Transfer
T01607,2024-09-02 00:00:00,C100,P006,S002,1,0,Mobile Money
T01608,2025-04-02 00:00:00,C095,P035,S002,4,0,Credit Card
T01609,2023-10-07 00:00:00,C191,P049,S001,3,0.1,Credit Card
T01610,2025-01-14 00:00:00,C024,P027,S005,3,0.05,Credit Card
T01611,2024-12-04 00:00:00,C127,P026,S003,1,0.1,Mobile Money
T01612,2025-02-23 00:00:00,C181,P039,S005,2,0,Credit Card
T01613,2024-01-10 00:00:00,C164,P006,S004,1,0.1,Mobile Money
T01614,2023-09-20 00:00:00,C044,P033,S005,2,0.05,Cash
T01615,2023-11-20 00:00:00,C151,P032,S002,1,0.05,Bank Transfer
T01616,2025-05-30 00:00:00,C146,P002,S002,5,0.1,Credit Card
T01617,2025-08-23 00:00:00,C174,P003,S001,5,0.1,Mobile Money
T01618,2025-03-02 00:00:00,C001,P003,S004,1,0.1,Mobile Money
T01619,2024-01-21 00:00:00,C105,P033,S003,1,0.15,Mobile Money
T01620,2025-03-30 00:00:00,C093,P026,S005,1,0.05,Cash
T01621,2025-08-11 00:00:00,C072,P025,S004,5,0.15,Bank Transfer
T01622,2025-03-03 00:00:00,C002,P035,S004,2,0.1,Cash
T01623,2024-09-03 00:00:00,C147,P032,S001,2,0.15,Cash
T01624,2025-08-05 00:00:00,C064,P011,S002,2,0.1,Bank Transfer
T01625,2024-01-07 00:00:00,C017,P027,S001,1,0.15,Mobile Money
T01626,2024-06-22 00:00:00,C007,P040,S005,3,0.1,Credit Card
T01627,2024-04-10 00:00:00,C028,P029,S004,2,0.1,Cash
T01628,2024-12-31 00:00:00,C086,P027,S005,2,0,Mobile Money
T01629,2024-10-28 00:00:00,C196,P044,S001,4,0,Cash
T01630,2025-05-08 00:00:00,C016,P042,S001,4,0.1,Cash
T01631,2025-07-31 00:00:00,C033,P007,S001,4,0,Bank Transfer
T01632,2024-08-10 00:00:00,C157,P008,S004,1,0,Cash
T01633,2024-06-25 00:00:00,C144,P006,S001,3,0.15,Mobile Money
T01634,2024-10-14 00:00:00,C025,P047,S005,4,0.05,Cash
T01635,2024-07-27 00:00:00,C117,P024,S004,4,0.15,Cash
T01636,2024-09-09 00:00:00,C087,P033,S001,4,0.1,Credit Card
T01637,2024-05-26 00:00:00,C028,P016,S001,1,0,Credit Card
T01638,2025-08-05 00:00:00,C147,P014,S002,5,0.1,Bank Transfer
T01639,2024-07-25 00:00:00,C108,P005,S004,5,0.15,Credit Card
T01640,2025-09-07 00:00:00,C063,P011,S002,1,0,Credit Card
T01641,2023-09-18 00:00:00,C080,P046,S005,4,0.1,Bank Transfer
T01642,2025-08-22 00:00:00,C150,P047,S005,2,0.05,Mobile Money
T01643,2024-01-21 00:00:00,C080,P001,S005,3,0.1,Bank Transfer
T01644,2024-03-01 00:00:00,C003,P018,S005,5,0.05,Cash
T01645,2023-10-22 00:00:00,C061,P037,S005,5,0,Mobile Money
T01646,2023-12-27 00:00:00,C089,P038,S002,2,0.05,Cash
T01647,2023-11-20 00:00:00,C088,P026,S002,4,0.15,Bank Transfer
T01648,2025-05-22 00:00:00,C149,P019,S005,3,0.1,Mobile Money
T01649,2025-02-12 00:00:00,C085,P040,S002,1,0.15,Cash
T01650,2024-12-10 00:00:00,C127,P033,S002,1,0.05,Credit Card
T01651,2024-08-18 00:00:00,C120,P021,S005,2,0.05,Mobile Money
T01652,2024-03-30 00:00:00,C189,P004,S003,4,0.05,Mobile Money
T01653,2025-08-08 00:00:00,C048,P036,S001,3,0,Cash
T01654,2024-06-05 00:00:00,C092,P006,S001,5,0,Credit Card
T01655,2025-01-08 00:00:00,C075,P003,S004,2,0.1,Cash
T01656,2025-05-01 00:00:00,C008,P009,S002,2,0.1,Credit Card
T01657,2023-12-01 00:00:00,C057,P048,S003,2,0.1,Credit Card
T01658,2025-01-03 00:00:00,C046,P018,S002,1,0.05,Bank Transfer
T01659,2024-02-09 00:00:00,C026,P001,S001,2,0.15,Cash
T01660,2024-02-10 00:00:00,C087,P003,S002,3,0.15,Credit Card
T01661,2023-10-26 00:00:00,C095,P015,S003,2,0.15,Cash
T01662,2024-11-07 00:00:00,C031,P031,S002,2,0.05,Credit Card
T01663,2025-07-19 00:00:00,C137,P047,S004,3,0.1,Mobile Money
T01664,2025-01-25 00:00:00,C163,P020,S002,1,0.05,Bank Transfer
T01665,2024-01-17 00:00:00,C039,P036,S003,2,0,Bank Transfer
T01666,2024-01-03 00:00:00,C033,P048,S005,5,0.15,Credit Card
T01667,2025-02-18 00:00:00,C187,P022,S001,4,0,Credit Card
T01668,2025-08-30 00:00:00,C131,P042,S004,5,0.1,Mobile Money
T01669,2025-01-26 00:00:00,C133,P002,S004,2,0.1,Bank Transfer
T01670,2024-06-21 00:00:00,C135,P026,S004,4,0.15,Bank Transfer
T01671,2023-12-13 00:00:00,C149,P043,S004,5,0,Credit Card
T01672,2024-07-18 00:00:00,C057,P003,S002,4,0.05,Mobile Money
T01673,2024-05-04 00:00:00,C056,P009,S003,4,0.15,Credit Card
T01674,2024-12-05 00:00:00,C096,P021,S003,5,0,Credit Card
T01675,2024-05-19 00:00:00,C193,P021,S001,3,0.15,Bank Transfer
T01676,2025-01-28 00:00:00,C059,P038,S005,1,0.15,Bank Transfer
T01677,2023-11-15 00:00:00,C110,P037,S004,4,0.15,Mobile Money
T01678,2024-02-06 00:00:00,C095,P050,S004,3,0.1,Mobile Money
T01679,2024-08-09 00:00:00,C007,P050,S002,4,0.05,Bank Transfer
T01680,2023-09-15 00:00:00,C166,P044,S001,3,0,Bank Transfer
T01681,2024-06-22 00:00:00,C129,P029,S005,5,0,Bank Transfer
T01682,2024-09-27 00:00:00,C059,P005,S001,1,0,Bank Transfer
T01683,2023-11-22 00:00:00,C010,P039,S005,2,0.1,Credit Card
T01684,2024-11-07 00:00:00,C173,P012,S003,3,0.1,Bank Transfer
T01685,2024-08-11 00:00:00,C049,P035,S005,2,0.1,Cash
T01686,2023-10-01 00:00:00,C198,P036,S003,3,0.1,Mobile Money
T01687,2024-06-20 00:00:00,C104,P036,S005,1,0.15,Credit Card
T01688,2023-10-05 00:00:00,C102,P027,S002,2,0.05,Mobile Money
T01689,2025-05-04 00:00:00,C060,P009,S005,5,0.15,Mobile Money
T01690,2025-03-05 00:00:00,C088,P008,S001,3,0.05,Mobile Money
T01691,2024-04-26 00:00:00,C198,P022,S004,2,0.15,Mobile Money
T01692,2023-12-05 00:00:00,C143,P046,S001,3,0.05,Credit Card
T01693,2024-10-03 00:00:00,C079,P040,S001,4,0.1,Bank Transfer
T01694,2024-07-03 00:00:00,C058,P033,S004,4,0.15,Bank Transfer
T01695,2024-07-06 00:00:00,C084,P010,S005,1,0,Credit Card
T01696,2024-10-09 00:00:00,C040,P024,S003,5,0.15,Mobile Money
T01697,2024-03-09 00:00:00,C053,P003,S004,1,0.15,Credit Card
T01698,2024-08-17 00:00:00,C122,P036,S001,3,0.15,Bank Transfer
T01699,2025-01-19 00:00:00,C024,P034,S002,1,0.05,Cash
T01700,2024-05-09 00:00:00,C177,P047,S005,4,0,Credit Card
T01701,2025-03-25 00:00:00,C051,P032,S001,4,0.1,Credit Card
T01702,2024-05-23 00:00:00,C060,P041,S003,5,0,Mobile Money
T01703,2025-01-22 00:00:00,C015,P036,S003,5,0,Credit Card
T01704,2023-11-05 00:00:00,C084,P046,S004,4,0.05,Cash
T01705,2023-12-09 00:00:00,C034,P032,S005,4,0.15,Cash
T01706,2025-05-28 00:00:00,C100,P001,S002,2,0.05,Bank Transfer
T01707,2025-03-05 00:00:00,C111,P048,S004,2,0.1,Credit Card
T01708,2025-07-08 00:00:00,C129,P041,S004,3,0.05,Cash
T01709,2024-10-10 00:00:00,C037,P016,S004,1,0.15,Credit Card
T01710,2025-02-12 00:00:00,C135,P025,S003,5,0.15,Mobile Money
T01711,2023-09-17 00:00:00,C119,P028,S005,1,0,Bank Transfer
T01712,2024-11-15 00:00:00,C166,P006,S004,3,0.1,Mobile Money
T01713,2024-10-04 00:00:00,C157,P027,S002,4,0.05,Credit Card
T01714,2023-10-11 00:00:00,C159,P008,S004,4,0.15,Credit Card
T01715,2025-08-09 00:00:00,C179,P023,S005,1,0.15,Cash
T01716,2024-07-04 00:00:00,C062,P009,S002,3,0.1,Cash
T01717,2024-01-19 00:00:00,C179,P003,S002,4,0.15,Cash
T01718,2023-09-20 00:00:00,C095,P050,S001,1,0.1,Mobile Money
T01719,2024-09-20 00:00:00,C116,P022,S002,3,0.05,Cash
T01720,2025-08-24 00:00:00,C119,P037,S001,1,0.15,Mobile Money
T01721,2024-02-15 00:00:00,C088,P042,S004,2,0.15,Cash
T01722,2024-09-27 00:00:00,C003,P045,S003,1,0.05,Bank Transfer
T01723,2024-05-26 00:00:00,C172,P025,S004,4,0.15,Cash
T01724,2025-08-10 00:00:00,C022,P013,S005,2,0.15,Credit Card
T01725,2024-06-26 00:00:00,C121,P015,S003,2,0.05,Cash
T01726,2023-09-13 00:00:00,C156,P040,S001,2,0.1,Cash
T01727,2025-05-18 00:00:00,C137,P036,S004,2,0,Cash
T01728,2024-05-19 00:00:00,C174,P018,S003,2,0.15,Bank Transfer
T01729,2025-08-24 00:00:00,C046,P033,S002,1,0.05,Mobile Money
T01730,2025-08-22 00:00:00,C179,P002,S001,5,0,Mobile Money
T01731,2025-06-08 00:00:00,C177,P011,S003,4,0,Cash
T01732,2024-12-28 00:00:00,C013,P034,S004,2,0.05,Bank Transfer
T01733,2024-09-15 00:00:00,C062,P046,S002,1,0,Mobile Money
T01734,2024-04-02 00:00:00,C008,P032,S001,3,0.05,Cash
T01735,2025-08-11 00:00:00,C057,P018,S001,2,0.05,Cash
T01736,2024-08-05 00:00:00,C107,P050,S005,1,0.1,Bank Transfer
T01737,2024-07-29 00:00:00,C144,P006,S002,5,0.05,Mobile Money
T01738,2025-07-28 00:00:00,C110,P010,S001,2,0.05,Cash
T01739,2023-09-21 00:00:00,C092,P033,S003,2,0,Mobile Money
T01740,2025-09-08 00:00:00,C168,P050,S003,1,0.15,Credit Card
T01741,2024-06-29 00:00:00,C118,P013,S002,1,0.1,Bank Transfer
T01742,2024-04-24 00:00:00,C012,P004,S001,2,0.15,Bank Transfer
T01743,2024-07-08 00:00:00,C197,P024,S005,4,0,Credit Card
T01744,2024-08-19 00:00:00,C065,P019,S001,5,0.1,Mobile Money
T01745,2024-02-20 00:00:00,C174,P040,S002,3,0.05,Bank Transfer
T01746,2025-03-22 00:00:00,C171,P001,S004,1,0.1,Cash
T01747,2024-05-01 00:00:00,C156,P007,S005,4,0.15,Credit Card
T01748,2024-06-24 00:00:00,C129,P047,S005,1,0.05,Cash
T01749,2025-04-01 00:00:00,C158,P014,S001,3,0.05,Mobile Money
T01750,2024-06-25 00:00:00,C194,P050,S002,5,0,Cash
T01751,2025-05-26 00:00:00,C036,P013,S003,4,0.1,Credit Card
T01752,2024-10-02 00:00:00,C039,P010,S004,2,0,Credit Card
T01753,2024-12-11 00:00:00,C186,P027,S005,4,0.1,Credit Card
T01754,2024-09-21 00:00:00,C072,P049,S003,1,0.15,Bank Transfer
T01755,2023-10-10 00:00:00,C193,P017,S001,2,0.1,Bank Transfer
T01756,2024-10-04 00:00:00,C063,P048,S002,5,0,Credit Card
T01757,2024-12-24 00:00:00,C176,P003,S002,5,0.15,Bank Transfer
T01758,2025-03-23 00:00:00,C047,P047,S004,1,0,Mobile Money
T01759,2023-10-31 00:00:00,C018,P026,S002,1,0.05,Credit Card
T01760,2024-07-03 00:00:00,C033,P001,S001,2,0.05,Credit Card
T01761,2025-04-30 00:00:00,C130,P011,S001,4,0.15,Bank Transfer
T01762,2024-09-21 00:00:00,C043,P013,S002,2,0.15,Credit Card
T01763,2024-10-27 00:00:00,C156,P027,S002,3,0.1,Mobile Money
T01764,2025-05-27 00:00:00,C163,P008,S002,3,0.15,Cash
T01765,2025-05-13 00:00:00,C093,P033,S004,4,0.05,Mobile Money
T01766,2024-03-18 00:00:00,C113,P014,S004,5,0.15,Credit Card
T01767,2024-05-07 00:00:00,C124,P034,S001,4,0.15,Cash
T01768,2023-10-13 00:00:00,C195,P019,S003,5,0.05,Credit Card
T01769,2025-09-09 00:00:00,C066,P022,S004,4,0.1,Mobile Money
T01770,2025-06-18 00:00:00,C073,P028,S004,5,0.15,Cash
T01771,2024-01-13 00:00:00,C086,P016,S002,4,0.05,Credit Card
T01772,2023-10-10 00:00:00,C049,P035,S001,1,0.1,Mobile Money
T01773,2025-08-17 00:00:00,C104,P043,S004,4,0.1,Mobile Money
T01774,2024-08-30 00:00:00,C126,P029,S003,5,0,Mobile Money
T01775,2025-03-09 00:00:00,C010,P030,S001,4,0.05,Credit Card
T01776,2025-04-22 00:00:00,C196,P026,S004,3,0.1,Mobile Money
T01777,2025-05-05 00:00:00,C163,P010,S003,1,0.15,Mobile Money
T01778,2025-08-04 00:00:00,C189,P033,S002,2,0.15,Cash
T01779,2024-04-20 00:00:00,C093,P022,S001,2,0.1,Mobile Money
T01780,2025-02-02 00:00:00,C175,P038,S002,3,0.05,Credit Card
T01781,2025-07-22 00:00:00,C004,P035,S001,1,0.15,Mobile Money
T01782,2023-09-22 00:00:00,C181,P028,S005,1,0.05,Mobile Money
T01783,2024-03-19 00:00:00,C043,P026,S004,3,0.1,Mobile Money
T01784,2024-10-12 00:00:00,C151,P026,S003,4,0,Cash
T01785,2023-11-04 00:00:00,C163,P022,S005,3,0.05,Bank Transfer
T01786,2025-07-27 00:00:00,C192,P008,S002,4,0.1,Cash
T01787,2023-10-02 00:00:00,C044,P021,S004,1,0,Cash
T01788,2024-04-08 00:00:00,C199,P038,S004,5,0.15,Bank Transfer
T01789,2024-06-03 00:00:00,C188,P049,S004,2,0.05,Bank Transfer
T01790,2023-09-27 00:00:00,C048,P048,S002,2,0.15,Credit Card
T01791,2025-06-18 00:00:00,C129,P040,S001,4,0.05,Credit Card
T01792,2025-01-11 00:00:00,C052,P007,S001,2,0.05,Bank Transfer
T01793,2024-11-21 00:00:00,C105,P004,S004,5,0,Credit Card
T01794,2024-10-05 00:00:00,C021,P024,S003,1,0.15,Cash
T01795,2024-04-20 00:00:00,C071,P021,S001,3,0,Credit Card
T01796,2025-05-12 00:00:00,C123,P034,S004,1,0,Cash
T01797,2024-04-22 00:00:00,C069,P014,S001,5,0,Cash
T01798,2024-02-03 00:00:00,C055,P043,S005,1,0.15,Bank Transfer
T01799,2024-07-16 00:00:00,C125,P028,S004,3,0.15,Bank Transfer
T01800,2023-11-10 00:00:00,C095,P006,S003,3,0.05,Bank Transfer
T01801,2025-01-06 00:00:00,C171,P026,S004,4,0,Bank Transfer
T01802,2024-06-22 00:00:00,C085,P037,S001,1,0.15,Mobile Money
T01803,2024-02-03 00:00:00,C186,P009,S002,1,0,Bank Transfer
T01804,2025-01-05 00:00:00,C180,P039,S002,3,0.15,Mobile Money
T01805,2024-01-07 00:00:00,C132,P005,S004,2,0,Bank Transfer
T01806,2025-05-09 00:00:00,C005,P033,S003,1,0.1,Mobile Money
T01807,2025-07-25 00:00:00,C060,P045,S005,4,0.15,Cash
T01808,2024-06-03 00:00:00,C090,P023,S004,4,0,Mobile Money
T01809,2024-07-22 00:00:00,C076,P015,S005,2,0.05,Cash
T01810,2023-10-18 00:00:00,C033,P019,S004,1,0.1,Mobile Money
T01811,2024-09-21 00:00:00,C044,P024,S004,1,0.15,Credit Card
T01812,2024-10-08 00:00:00,C063,P021,S002,2,0,Cash
T01813,2024-08-06 00:00:00,C112,P046,S001,2,0.1,Mobile Money
T01814,2025-06-21 00:00:00,C197,P035,S003,2,0.1,Mobile Money
T01815,2023-12-31 00:00:00,C172,P039,S001,2,0.15,Cash
T01816,2025-03-13 00:00:00,C178,P043,S003,2,0,Bank Transfer
T01817,2024-09-13 00:00:00,C097,P004,S004,5,0.15,Credit Card
T01818,2024-08-27 00:00:00,C058,P019,S003,1,0.1,Cash
T01819,2024-11-11 00:00:00,C029,P037,S001,3,0.05,Cash
T01820,2024-01-25 00:00:00,C147,P013,S003,2,0.1,Mobile Money
T01821,2024-10-23 00:00:00,C148,P040,S001,3,0,Credit Card
T01822,2024-10-08 00:00:00,C100,P008,S004,3,0.1,Credit Card
T01823,2024-09-09 00:00:00,C134,P039,S005,5,0.05,Cash
T01824,2025-02-23 00:00:00,C102,P026,S001,5,0.15,Bank Transfer
T01825,2023-12-15 00:00:00,C038,P009,S003,2,0.15,Mobile Money
T01826,2025-01-19 00:00:00,C038,P002,S005,3,0.05,Cash
T01827,2023-09-18 00:00:00,C154,P022,S003,3,0,Bank Transfer
T01828,2024-04-15 00:00:00,C181,P049,S005,4,0.05,Mobile Money
T01829,2024-01-02 00:00:00,C075,P041,S004,1,0.1,Credit Card
T01830,2024-02-25 00:00:00,C184,P034,S002,2,0,Credit Card
T01831,2024-10-08 00:00:00,C125,P047,S004,3,0.05,Cash
T01832,2024-08-09 00:00:00,C141,P049,S004,3,0.15,Mobile Money
T01833,2025-02-20 00:00:00,C090,P004,S004,4,0,Bank Transfer
T01834,2025-05-09 00:00:00,C073,P020,S002,5,0.15,Cash
T01835,2025-07-23 00:00:00,C034,P046,S003,5,0,Bank Transfer
T01836,2025-08-25 00:00:00,C118,P025,S002,5,0.05,Mobile Money
T01837,2025-01-22 00:00:00,C179,P049,S004,3,0.05,Credit Card
T01838,2024-08-24 00:00:00,C056,P046,S002,1,0.1,Cash
T01839,2025-06-22 00:00:00,C174,P020,S002,4,0.15,Credit Card
T01840,2023-11-18 00:00:00,C015,P026,S001,3,0.15,Credit Card
T01841,2024-03-09 00:00:00,C014,P029,S001,5,0.1,Mobile Money
T01842,2024-04-05 00:00:00,C039,P030,S004,2,0,Cash
T01843,2023-10-21 00:00:00,C062,P009,S004,4,0.1,Credit Card
T01844,2024-11-20 00:00:00,C168,P038,S004,1,0.15,Mobile Money
T01845,2024-12-16 00:00:00,C071,P017,S004,3,0,Cash
T01846,2023-11-06 00:00:00,C030,P003,S001,1,0.15,Credit Card
T01847,2025-03-28 00:00:00,C006,P041,S005,5,0.15,Bank Transfer
T01848,2024-03-23 00:00:00,C178,P003,S001,5,0.05,Mobile Money
T01849,2024-06-17 00:00:00,C124,P040,S004,3,0.05,Cash
T01850,2025-02-28 00:00:00,C084,P041,S001,5,0.05,Mobile Money
T01851,2025-05-02 00:00:00,C180,P037,S001,4,0.15,Cash
T01852,2024-12-15 00:00:00,C133,P013,S005,5,0,Credit Card
T01853,2024-12-25 00:00:00,C169,P002,S001,2,0.05,Cash
T01854,2024-11-03 00:00:00,C143,P005,S004,3,0,Cash
T01855,2024-11-01 00:00:00,C033,P004,S005,2,0.05,Cash
T01856,2024-11-28 00:00:00,C144,P035,S003,1,0,Cash
T01857,2025-06-16 00:00:00,C130,P039,S003,3,0.05,Mobile Money
T01858,2024-04-03 00:00:00,C169,P017,S001,2,0.1,Cash
T01859,2025-06-13 00:00:00,C133,P011,S003,5,0.15,Credit Card
T01860,2024-06-05 00:00:00,C148,P009,S004,3,0.1,Credit Card
T01861,2024-03-06 00:00:00,C177,P022,S001,1,0.05,Cash
T01862,2023-09-19 00:00:00,C049,P041,S002,3,0.05,Credit Card
T01863,2025-05-11 00:00:00,C155,P040,S005,2,0.1,Bank Transfer
T01864,2025-01-27 00:00:00,C033,P040,S005,4,0,Bank Transfer
T01865,2025-01-01 00:00:00,C067,P017,S004,2,0.15,Mobile Money
T01866,2025-04-24 00:00:00,C022,P024,S003,4,0.05,Credit Card
T01867,2025-02-26 00:00:00,C019,P033,S003,2,0.1,Credit Card
T01868,2025-03-28 00:00:00,C108,P041,S002,3,0.15,Mobile Money
T01869,2025-03-13 00:00:00,C007,P011,S005,2,0,Bank Transfer
T01870,2025-07-24 00:00:00,C032,P026,S005,1,0.15,Cash
T01871,2024-09-23 00:00:00,C085,P042,S001,3,0.1,Bank Transfer
T01872,2025-03-28 00:00:00,C038,P008,S002,3,0,Cash
T01873,2025-04-20 00:00:00,C097,P004,S002,4,0,Cash
T01874,2024-01-12 00:00:00,C045,P037,S005,3,0.15,Cash
T01875,2025-07-26 00:00:00,C136,P023,S003,5,0.1,Bank Transfer
T01876,2024-11-25 00:00:00,C156,P003,S001,1,0.05,Bank Transfer
T01877,2024-01-14 00:00:00,C193,P002,S004,2,0.1,Mobile Money
T01878,2024-11-24 00:00:00,C123,P011,S005,2,0.1,Cash
T01879,2025-09-02 00:00:00,C176,P003,S005,2,0.05,Credit Card
T01880,2024-03-25 00:00:00,C097,P020,S005,3,0,Bank Transfer
T01881,2023-12-20 00:00:00,C182,P032,S002,5,0.15,Mobile Money
T01882,2025-05-26 00:00:00,C047,P004,S004,3,0.15,Bank Transfer
T01883,2025-07-27 00:00:00,C071,P033,S004,5,0.05,Bank Transfer
T01884,2025-03-12 00:00:00,C163,P027,S001,3,0.15,Bank Transfer
T01885,2023-11-09 00:00:00,C024,P021,S001,1,0.05,Cash
T01886,2025-08-21 00:00:00,C043,P046,S005,1,0,Bank Transfer
T01887,2024-12-09 00:00:00,C142,P033,S004,1,0.15,Credit Card
T01888,2024-09-20 00:00:00,C123,P014,S004,5,0,Mobile Money
T01889,2023-09-12 00:00:00,C004,P030,S005,2,0,Mobile Money
T01890,2024-09-23 00:00:00,C180,P043,S005,3,0.05,Cash
T01891,2025-03-09 00:00:00,C156,P009,S004,2,0.05,Credit Card
T01892,2024-04-21 00:00:00,C020,P010,S003,2,0.1,Cash
T01893,2024-06-02 00:00:00,C109,P002,S004,4,0.05,Bank Transfer
T01894,2025-08-28 00:00:00,C029,P040,S003,2,0,Bank Transfer
T01895,2025-02-23 00:00:00,C077,P028,S004,3,0.1,Credit Card
T01896,2025-05-30 00:00:00,C001,P009,S005,4,0.05,Bank Transfer
T01897,2024-01-03 00:00:00,C165,P047,S005,1,0.15,Mobile Money
T01898,2025-02-05 00:00:00,C015,P018,S003,1,0.15,Bank Transfer
T01899,2024-11-11 00:00:00,C077,P016,S003,1,0,Bank Transfer
T01900,2025-06-03 00:00:00,C185,P050,S002,4,0.1,Cash
T01901,2024-10-21 00:00:00,C026,P041,S004,4,0.05,Cash
T01902,2024-01-14 00:00:00,C136,P025,S005,2,0.15,Cash
T01903,2023-09-30 00:00:00,C125,P049,S001,2,0.1,Credit Card
T01904,2024-08-06 00:00:00,C121,P013,S004,3,0.1,Bank Transfer
T01905,2025-09-09 00:00:00,C110,P023,S002,5,0.1,Cash
T01906,2024-02-10 00:00:00,C113,P024,S004,2,0.05,Bank Transfer
T01907,2024-05-01 00:00:00,C192,P027,S004,1,0.1,Credit Card
T01908,2024-09-01 00:00:00,C029,P046,S002,3,0,Credit Card
T01909,2024-09-30 00:00:00,C102,P048,S004,3,0,Credit Card
T01910,2023-09-14 00:00:00,C171,P041,S002,4,0.1,Cash
T01911,2025-08-28 00:00:00,C108,P050,S004,5,0.15,Credit Card
T01912,2023-09-21 00:00:00,C084,P036,S004,5,0.15,Credit Card
T01913,2024-02-29 00:00:00,C029,P047,S001,1,0.05,Credit Card
T01914,2025-02-09 00:00:00,C089,P032,S005,1,0.05,Cash
T01915,2023-09-17 00:00:00,C174,P034,S003,4,0,Mobile Money
T01916,2023-12-30 00:00:00,C123,P021,S003,3,0.15,Cash
T01917,2025-06-09 00:00:00,C195,P001,S004,2,0.05,Credit Card
T01918,2025-08-13 00:00:00,C064,P004,S003,1,0.1,Credit Card
T01919,2024-10-29 00:00:00,C171,P017,S004,2,0.15,Cash
T01920,2024-04-25 00:00:00,C180,P048,S005,5,0.05,Credit Card
T01921,2024-11-05 00:00:00,C152,P017,S002,2,0,Credit Card
T01922,2025-03-18 00:00:00,C103,P040,S001,3,0.05,Credit Card
T01923,2025-08-06 00:00:00,C110,P035,S001,5,0.05,Cash
T01924,2024-08-21 00:00:00,C014,P035,S004,4,0.1,Credit Card
T01925,2024-07-27 00:00:00,C057,P014,S003,4,0.15,Cash
T01926,2025-02-24 00:00:00,C131,P013,S004,1,0.1,Cash
T01927,2024-04-13 00:00:00,C069,P049,S003,3,0.1,Mobile Money
T01928,2024-03-25 00:00:00,C064,P033,S003,1,0.05,Cash
T01929,2025-06-28 00:00:00,C001,P002,S001,3,0.05,Bank Transfer
T01930,2024-06-18 00:00:00,C121,P050,S003,5,0,Mobile Money
T01931,2024-01-23 00:00:00,C048,P016,S003,4,0.1,Bank Transfer
T01932,2023-10-24 00:00:00,C078,P049,S001,1,0,Credit Card
T01933,2025-06-24 00:00:00,C085,P037,S003,3,0.1,Credit Card
T01934,2024-06-23 00:00:00,C167,P038,S003,2,0.15,Cash
T01935,2024-09-24 00:00:00,C028,P009,S002,5,0,Cash
T01936,2025-09-09 00:00:00,C151,P004,S002,2,0.15,Cash
T01937,2023-11-12 00:00:00,C020,P041,S005,5,0.1,Bank Transfer
T01938,2024-08-02 00:00:00,C186,P017,S004,2,0.05,Cash
T01939,2025-02-25 00:00:00,C033,P034,S002,4,0.1,Bank Transfer
T01940,2025-06-28 00:00:00,C094,P025,S004,1,0.15,Cash
T01941,2025-06-07 00:00:00,C124,P039,S004,5,0,Credit Card
T01942,2025-06-04 00:00:00,C154,P026,S003,2,0.1,Cash
T01943,2024-10-20 00:00:00,C145,P013,S001,2,0.15,Mobile Money
T01944,2024-03-04 00:00:00,C176,P045,S005,5,0,Credit Card
T01945,2024-05-21 00:00:00,C113,P025,S005,4,0.15,Mobile Money
T01946,2025-06-23 00:00:00,C156,P042,S003,2,0.05,Cash
T01947,2025-06-02 00:00:00,C041,P039,S005,2,0,Mobile Money
T01948,2024-07-05 00:00:00,C129,P047,S005,3,0.1,Credit Card
T01949,2024-07-09 00:00:00,C076,P002,S003,5,0,Credit Card
T01950,2025-03-02 00:00:00,C058,P011,S001,5,0.05,Bank Transfer
T01951,2025-06-15 00:00:00,C011,P036,S002,3,0.05,Bank Transfer
T01952,2025-04-11 00:00:00,C014,P002,S002,2,0,Cash
T01953,2023-11-10 00:00:00,C167,P018,S003,5,0.1,Bank Transfer
T01954,2025-06-30 00:00:00,C022,P011,S005,3,0.05,Mobile Money
T01955,2024-09-02 00:00:00,C157,P002,S003,3,0,Cash
T01956,2025-03-01 00:00:00,C092,P038,S002,3,0.05,Bank Transfer
T01957,2025-01-17 00:00:00,C005,P024,S005,5,0,Mobile Money
T01958,2024-03-24 00:00:00,C168,P035,S003,5,0.05,Mobile Money
T01959,2023-12-22 00:00:00,C057,P030,S003,3,0.05,Mobile Money
T01960,2024-08-05 00:00:00,C040,P024,S004,2,0.15,Bank Transfer
T01961,2024-11-09 00:00:00,C038,P021,S004,1,0.15,Credit Card
T01962,2024-01-01 00:00:00,C118,P036,S002,2,0.05,Mobile Money
T01963,2024-09-18 00:00:00,C187,P045,S002,3,0,Bank Transfer
T01964,2024-08-14 00:00:00,C042,P049,S002,4,0.05,Cash
T01965,2024-06-10 00:00:00,C037,P021,S001,4,0.05,Mobile Money
T01966,2024-02-20 00:00:00,C166,P002,S004,1,0.05,Cash
T01967,2023-10-09 00:00:00,C155,P030,S001,4,0.15,Cash
T01968,2024-03-19 00:00:00,C029,P030,S001,1,0.05,Credit Card
T01969,2025-02-21 00:00:00,C198,P009,S001,3,0.05,Cash
T01970,2023-12-02 00:00:00,C003,P041,S001,5,0.1,Cash
T01971,2024-08-21 00:00:00,C052,P011,S002,4,0.15,Credit Card
T01972,2025-05-15 00:00:00,C079,P046,S003,4,0.05,Credit Card
T01973,2024-07-22 00:00:00,C015,P001,S005,3,0,Cash
T01974,2024-05-18 00:00:00,C012,P024,S001,5,0.1,Cash
T01975,2023-11-16 00:00:00,C131,P032,S004,2,0,Credit Card
T01976,2024-10-02 00:00:00,C007,P013,S002,4,0.15,Credit Card
T01977,2024-10-24 00:00:00,C091,P021,S003,2,0.15,Cash
T01978,2023-09-21 00:00:00,C126,P012,S002,1,0.05,Cash
T01979,2024-11-08 00:00:00,C073,P024,S003,1,0.1,Cash
T01980,2025-01-28 00:00:00,C093,P018,S001,1,0.05,Credit Card
T01981,2025-05-06 00:00:00,C110,P019,S005,3,0.05,Mobile Money
T01982,2023-10-18 00:00:00,C039,P028,S003,5,0.1,Bank Transfer
T01983,2025-01-16 00:00:00,C027,P019,S003,4,0.1,Bank Transfer
T01984,2025-03-03 00:00:00,C183,P024,S001,1,0.05,Credit Card
T01985,2025-01-04 00:00:00,C082,P024,S002,4,0.15,Mobile Money
T01986,2025-02-02 00:00:00,C018,P032,S001,5,0.15,Bank Transfer
T01987,2025-01-08 00:00:00,C038,P021,S001,3,0.05,Credit Card
T01988,2024-04-04 00:00:00,C197,P049,S004,3,0.1,Mobile Money
T01989,2023-12-25 00:00:00,C109,P042,S004,4,0.1,Credit Card
T01990,2025-01-10 00:00:00,C168,P036,S002,4,0.15,Mobile Money
T01991,2024-05-17 00:00:00,C138,P010,S005,4,0.05,Mobile Money
T01992,2024-11-07 00:00:00,C022,P037,S005,4,0.05,Cash
T01993,2023-09-15 00:00:00,C061,P013,S003,1,0.05,Cash
T01994,2025-09-07 00:00:00,C093,P029,S005,4,0.05,Cash
T01995,2024-04-04 00:00:00,C016,P043,S003,3,0.05,Bank Transfer
T01996,2023-10-24 00:00:00,C118,P034,S002,5,0.15,Credit Card
T01997,2023-12-29 00:00:00,C054,P027,S002,1,0.05,Cash
T01998,2024-01-05 00:00:00,C179,P009,S002,4,0,Mobile Money
T01999,2024-04-24 00:00:00,C096,P020,S001,1,0,Mobile Money
T02000,2025-01-06 00:00:00,C153,P010,S002,1,0.05,Bank Transfer
T02001,2024-08-07 00:00:00,C037,P001,S001,2,0,Cash
T02002,2024-12-29 00:00:00,C146,P038,S004,2,0.05,Mobile Money
T02003,2023-09-17 00:00:00,C191,P048,S002,5,0.1,Mobile Money
T02004,2025-06-25 00:00:00,C106,P039,S003,4,0,Bank Transfer
T02005,2025-08-06 00:00:00,C029,P047,S002,1,0,Credit Card
T02006,2024-03-13 00:00:00,C129,P040,S002,1,0.15,Mobile Money
T02007,2024-10-13 00:00:00,C175,P011,S004,5,0.1,Bank Transfer
T02008,2024-03-26 00:00:00,C182,P024,S002,4,0.05,Bank Transfer
T02009,2024-03-28 00:00:00,C024,P008,S005,4,0.05,Credit Card
T02010,2025-04-04 00:00:00,C103,P025,S005,1,0.05,Mobile Money
T02011,2024-10-03 00:00:00,C048,P003,S005,5,0,Mobile Money
T02012,2023-12-15 00:00:00,C123,P047,S003,4,0.15,Credit Card
T02013,2024-04-07 00:00:00,C014,P016,S003,4,0.05,Bank Transfer
T02014,2023-12-19 00:00:00,C028,P050,S001,1,0.1,Bank Transfer
T02015,2025-02-11 00:00:00,C008,P025,S002,3,0.05,Cash
T02016,2024-02-20 00:00:00,C017,P036,S002,5,0,Bank Transfer
T02017,2023-09-30 00:00:00,C049,P005,S005,2,0,Credit Card
T02018,2024-12-15 00:00:00,C069,P046,S001,5,0,Mobile Money
T02019,2023-12-08 00:00:00,C012,P029,S001,3,0,Bank Transfer
T02020,2025-03-20 00:00:00,C003,P045,S003,3,0.15,Credit Card
T02021,2023-11-15 00:00:00,C081,P017,S004,3,0.05,Cash
T02022,2024-02-25 00:00:00,C085,P047,S004,5,0,Credit Card
T02023,2024-07-05 00:00:00,C007,P005,S005,4,0.15,Cash
T02024,2023-12-01 00:00:00,C075,P028,S002,2,0.15,Cash
T02025,2024-10-06 00:00:00,C161,P021,S001,2,0.05,Credit Card
T02026,2023-12-08 00:00:00,C197,P008,S002,5,0.1,Mobile Money
T02027,2024-12-12 00:00:00,C034,P024,S003,3,0.1,Mobile Money
T02028,2024-07-01 00:00:00,C011,P011,S004,2,0.05,Cash
T02029,2025-01-30 00:00:00,C040,P032,S005,4,0,Cash
T02030,2025-02-16 00:00:00,C037,P025,S003,5,0,Mobile Money
T02031,2024-03-29 00:00:00,C025,P036,S004,3,0.05,Bank Transfer
T02032,2023-12-31 00:00:00,C042,P010,S001,3,0.1,Bank Transfer
T02033,2024-03-28 00:00:00,C023,P025,S001,2,0.15,Bank Transfer
T02034,2025-05-18 00:00:00,C122,P041,S003,4,0.05,Cash
T02035,2024-02-12 00:00:00,C146,P048,S004,1,0.1,Bank Transfer
T02036,2024-07-20 00:00:00,C103,P022,S004,5,0.05,Mobile Money
T02037,2025-03-23 00:00:00,C094,P027,S005,5,0.1,Bank Transfer
T02038,2025-05-06 00:00:00,C022,P022,S004,5,0.15,Bank Transfer
T02039,2023-10-08 00:00:00,C175,P022,S001,5,0,Credit Card
T02040,2025-07-07 00:00:00,C180,P018,S005,1,0.05,Cash
T02041,2023-11-21 00:00:00,C075,P024,S004,2,0.15,Cash
T02042,2024-08-07 00:00:00,C058,P046,S004,4,0,Bank Transfer
T02043,2024-09-29 00:00:00,C120,P015,S004,5,0.15,Cash
T02044,2025-03-27 00:00:00,C022,P013,S002,1,0.15,Mobile Money
T02045,2024-09-20 00:00:00,C052,P044,S004,3,0,Bank Transfer
T02046,2024-07-11 00:00:00,C088,P033,S005,4,0.05,Mobile Money
T02047,2025-07-13 00:00:00,C030,P022,S003,4,0,Credit Card
T02048,2024-04-03 00:00:00,C121,P050,S002,2,0.1,Cash
T02049,2024-06-24 00:00:00,C154,P048,S004,1,0.1,Mobile Money
T02050,2025-01-02 00:00:00,C122,P006,S002,1,0.05,Cash
T02051,2024-01-05 00:00:00,C195,P043,S004,3,0.1,Credit Card
T02052,2025-05-26 00:00:00,C022,P036,S002,1,0.1,Mobile Money
T02053,2025-01-24 00:00:00,C021,P019,S003,4,0.15,Credit Card
T02054,2024-12-01 00:00:00,C172,P035,S003,2,0,Cash
T02055,2024-08-18 00:00:00,C110,P042,S003,3,0.05,Credit Card
T02056,2024-12-10 00:00:00,C090,P026,S004,4,0.15,Credit Card
T02057,2024-12-09 00:00:00,C179,P032,S004,3,0.15,Cash
T02058,2025-07-03 00:00:00,C144,P013,S005,2,0,Credit Card
T02059,2025-05-10 00:00:00,C083,P019,S003,1,0.05,Mobile Money
T02060,2024-07-05 00:00:00,C038,P027,S004,3,0,Mobile Money
T02061,2023-12-23 00:00:00,C068,P040,S005,1,0.15,Credit Card
T02062,2024-12-03 00:00:00,C163,P028,S004,5,0,Cash
T02063,2024-08-07 00:00:00,C056,P042,S002,4,0.05,Mobile Money
T02064,2024-02-11 00:00:00,C056,P045,S003,2,0.05,Cash
T02065,2025-06-26 00:00:00,C095,P007,S003,1,0.1,Bank Transfer
T02066,2024-02-23 00:00:00,C129,P010,S001,4,0.15,Mobile Money
T02067,2023-12-28 00:00:00,C106,P006,S003,3,0.15,Bank Transfer
T02068,2024-11-14 00:00:00,C030,P002,S002,4,0.15,Bank Transfer
T02069,2025-07-22 00:00:00,C046,P041,S005,5,0.05,Mobile Money
T02070,2025-03-30 00:00:00,C098,P013,S003,4,0.1,Cash
T02071,2024-04-13 00:00:00,C023,P004,S001,1,0,Mobile Money
T02072,2025-06-29 00:00:00,C027,P038,S004,5,0,Mobile Money
T02073,2023-12-11 00:00:00,C129,P029,S005,1,0.1,Mobile Money
T02074,2024-02-23 00:00:00,C055,P018,S002,4,0.15,Cash
T02075,2024-02-06 00:00:00,C051,P008,S004,1,0.1,Mobile Money
T02076,2024-01-04 00:00:00,C106,P010,S004,1,0.1,Credit Card
T02077,2024-10-26 00:00:00,C130,P024,S003,3,0.1,Bank Transfer
T02078,2024-06-15 00:00:00,C107,P009,S002,1,0.15,Cash
T02079,2025-08-03 00:00:00,C004,P020,S001,2,0.1,Bank Transfer
T02080,2025-05-13 00:00:00,C086,P012,S002,5,0.15,Credit Card
T02081,2024-10-26 00:00:00,C143,P050,S004,2,0.15,Cash
T02082,2023-09-16 00:00:00,C148,P013,S004,2,0.15,Credit Card
T02083,2025-06-08 00:00:00,C104,P028,S003,5,0.05,Mobile Money
T02084,2024-01-22 00:00:00,C060,P016,S001,2,0,Mobile Money
T02085,2025-03-07 00:00:00,C196,P049,S003,5,0.05,Bank Transfer
T02086,2024-02-15 00:00:00,C053,P042,S001,1,0,Mobile Money
T02087,2024-08-03 00:00:00,C003,P015,S005,2,0,Cash
T02088,2024-08-18 00:00:00,C147,P019,S004,1,0.05,Mobile Money
T02089,2024-10-31 00:00:00,C163,P031,S003,2,0.05,Credit Card
T02090,2025-02-07 00:00:00,C077,P045,S002,5,0.05,Mobile Money
T02091,2025-05-10 00:00:00,C198,P038,S003,1,0.1,Cash
T02092,2025-08-08 00:00:00,C037,P050,S001,5,0,Cash
T02093,2025-07-20 00:00:00,C118,P049,S005,1,0,Credit Card
T02094,2024-02-17 00:00:00,C073,P003,S003,2,0,Cash
T02095,2024-07-15 00:00:00,C127,P011,S003,2,0.15,Cash
T02096,2025-05-21 00:00:00,C126,P030,S001,4,0,Mobile Money
T02097,2023-09-20 00:00:00,C161,P041,S001,2,0.15,Mobile Money
T02098,2023-11-10 00:00:00,C081,P022,S004,2,0.05,Bank Transfer
T02099,2024-09-11 00:00:00,C003,P046,S002,5,0,Cash
T02100,2024-12-11 00:00:00,C088,P008,S003,4,0,Credit Card
T02101,2025-03-28 00:00:00,C134,P015,S003,1,0.05,Cash
T02102,2024-01-09 00:00:00,C138,P009,S001,5,0.05,Credit Card
T02103,2024-11-09 00:00:00,C094,P003,S001,2,0,Bank Transfer
T02104,2024-08-26 00:00:00,C036,P021,S002,1,0.05,Bank Transfer
T02105,2025-04-14 00:00:00,C071,P040,S004,2,0,Bank Transfer
T02106,2024-05-17 00:00:00,C182,P045,S005,3,0.15,Mobile Money
T02107,2024-12-16 00:00:00,C112,P022,S005,4,0.05,Bank Transfer
T02108,2025-06-24 00:00:00,C045,P032,S002,3,0.15,Cash
T02109,2024-11-29 00:00:00,C150,P022,S005,3,0.05,Credit Card
T02110,2025-04-18 00:00:00,C185,P009,S004,4,0.15,Mobile Money
T02111,2025-01-12 00:00:00,C153,P012,S003,3,0,Mobile Money
T02112,2024-03-22 00:00:00,C110,P031,S002,5,0.1,Bank Transfer
T02113,2025-04-12 00:00:00,C162,P008,S001,4,0.05,Cash
T02114,2023-11-19 00:00:00,C131,P034,S003,5,0.15,Bank Transfer
T02115,2025-05-27 00:00:00,C155,P046,S005,3,0.15,Cash
T02116,2024-05-29 00:00:00,C030,P012,S002,3,0.15,Credit Card
T02117,2025-05-04 00:00:00,C092,P008,S002,1,0.05,Bank Transfer
T02118,2024-01-15 00:00:00,C096,P015,S002,3,0,Cash
T02119,2024-08-07 00:00:00,C082,P030,S001,3,0.05,Mobile Money
T02120,2023-09-17 00:00:00,C146,P050,S003,2,0,Mobile Money
T02121,2023-10-23 00:00:00,C073,P042,S005,2,0.05,Cash
T02122,2024-04-14 00:00:00,C144,P038,S003,5,0,Mobile Money
T02123,2025-07-08 00:00:00,C175,P004,S004,3,0.1,Credit Card
T02124,2024-10-27 00:00:00,C051,P015,S001,4,0.15,Cash
T02125,2024-02-03 00:00:00,C071,P018,S004,1,0,Mobile Money
T02126,2025-05-17 00:00:00,C044,P006,S005,3,0.15,Credit Card
T02127,2025-04-19 00:00:00,C148,P015,S001,3,0,Cash
T02128,2024-12-20 00:00:00,C119,P037,S003,2,0.15,Cash
T02129,2025-05-01 00:00:00,C137,P006,S005,1,0.1,Cash
T02130,2025-03-25 00:00:00,C018,P019,S004,1,0.15,Bank Transfer
T02131,2025-08-26 00:00:00,C071,P046,S003,3,0.15,Cash
T02132,2024-06-15 00:00:00,C143,P035,S003,4,0,Mobile Money
T02133,2024-10-31 00:00:00,C077,P036,S004,4,0,Bank Transfer
T02134,2024-05-07 00:00:00,C159,P049,S001,1,0.05,Cash
T02135,2024-10-29 00:00:00,C003,P032,S002,1,0.1,Mobile Money
T02136,2024-02-07 00:00:00,C058,P018,S002,1,0.05,Bank Transfer
T02137,2024-06-28 00:00:00,C138,P020,S001,1,0.1,Cash
T02138,2024-01-20 00:00:00,C029,P037,S001,3,0,Bank Transfer
T02139,2025-04-25 00:00:00,C085,P022,S005,4,0.1,Credit Card
T02140,2025-07-28 00:00:00,C036,P004,S005,4,0,Credit Card
T02141,2023-12-05 00:00:00,C082,P034,S002,5,0.15,Mobile Money
T02142,2025-03-10 00:00:00,C172,P042,S001,5,0.05,Mobile Money
T02143,2025-06-30 00:00:00,C170,P035,S004,3,0.1,Mobile Money
T02144,2025-07-05 00:00:00,C058,P012,S001,3,0.1,Cash
T02145,2025-03-27 00:00:00,C091,P011,S005,2,0.05,Cash
T02146,2024-07-16 00:00:00,C020,P041,S004,1,0.05,Cash
T02147,2023-10-06 00:00:00,C172,P050,S002,4,0.15,Credit Card
T02148,2025-06-22 00:00:00,C125,P017,S001,3,0.05,Bank Transfer
T02149,2024-01-24 00:00:00,C195,P012,S003,4,0.05,Cash
T02150,2024-05-04 00:00:00,C034,P036,S002,3,0.15,Mobile Money
T02151,2025-02-18 00:00:00,C159,P008,S005,2,0.15,Credit Card
T02152,2024-11-17 00:00:00,C018,P016,S003,4,0.05,Bank Transfer
T02153,2023-09-23 00:00:00,C148,P036,S001,2,0.15,Cash
T02154,2025-02-23 00:00:00,C191,P039,S001,2,0,Mobile Money
T02155,2025-08-27 00:00:00,C048,P025,S003,1,0.15,Mobile Money
T02156,2025-01-18 00:00:00,C091,P015,S003,1,0,Bank Transfer
T02157,2025-03-22 00:00:00,C111,P047,S002,2,0.15,Mobile Money
T02158,2024-12-21 00:00:00,C131,P049,S003,1,0.15,Bank Transfer
T02159,2025-06-15 00:00:00,C095,P048,S001,1,0.15,Mobile Money
T02160,2023-11-27 00:00:00,C050,P050,S003,2,0.15,Credit Card
T02161,2024-10-16 00:00:00,C153,P024,S003,5,0.15,Mobile Money
T02162,2025-08-20 00:00:00,C028,P025,S001,2,0,Credit Card
T02163,2024-12-03 00:00:00,C030,P017,S001,1,0.1,Credit Card
T02164,2024-01-04 00:00:00,C017,P001,S005,1,0.1,Credit Card
T02165,2025-01-03 00:00:00,C159,P013,S004,4,0.15,Cash
T02166,2025-06-11 00:00:00,C057,P011,S003,4,0.05,Credit Card
T02167,2024-03-11 00:00:00,C053,P031,S003,3,0.1,Cash
T02168,2024-07-04 00:00:00,C025,P005,S002,5,0.15,Bank Transfer
T02169,2023-11-02 00:00:00,C177,P048,S002,2,0.1,Cash
T02170,2024-07-27 00:00:00,C043,P034,S002,3,0.15,Credit Card
T02171,2025-01-28 00:00:00,C004,P028,S004,4,0.1,Cash
T02172,2024-05-25 00:00:00,C046,P019,S003,1,0.05,Cash
T02173,2024-10-27 00:00:00,C153,P024,S003,4,0,Mobile Money
T02174,2025-07-03 00:00:00,C064,P004,S004,1,0,Cash
T02175,2024-06-06 00:00:00,C146,P011,S003,2,0.05,Credit Card
T02176,2025-03-29 00:00:00,C199,P030,S001,1,0.1,Bank Transfer
T02177,2025-05-29 00:00:00,C116,P046,S004,3,0.1,Mobile Money
T02178,2024-08-18 00:00:00,C065,P030,S003,4,0,Bank Transfer
T02179,2023-10-27 00:00:00,C078,P019,S003,5,0.15,Cash
T02180,2025-02-25 00:00:00,C070,P023,S005,1,0.05,Mobile Money
T02181,2023-12-18 00:00:00,C057,P039,S002,3,0.15,Cash
T02182,2023-11-07 00:00:00,C063,P028,S005,4,0.1,Credit Card
T02183,2024-08-17 00:00:00,C191,P001,S001,2,0.15,Cash
T02184,2024-01-01 00:00:00,C071,P047,S005,4,0.05,Bank Transfer
T02185,2025-06-10 00:00:00,C174,P006,S003,3,0.15,Mobile Money
T02186,2023-12-13 00:00:00,C071,P033,S003,2,0,Bank Transfer
T02187,2025-05-09 00:00:00,C157,P005,S001,4,0.15,Bank Transfer
T02188,2025-09-03 00:00:00,C074,P014,S001,1,0.15,Credit Card
T02189,2023-10-27 00:00:00,C120,P044,S002,5,0.1,Credit Card
T02190,2024-12-16 00:00:00,C078,P029,S004,3,0,Bank Transfer
T02191,2025-04-15 00:00:00,C004,P044,S004,1,0.05,Bank Transfer
T02192,2024-12-31 00:00:00,C152,P012,S001,1,0.15,Bank Transfer
T02193,2024-02-01 00:00:00,C002,P039,S004,3,0,Cash
T02194,2024-06-11 00:00:00,C065,P007,S002,3,0.1,Credit Card
T02195,2024-06-23 00:00:00,C023,P032,S003,2,0.05,Mobile Money
T02196,2025-03-11 00:00:00,C150,P010,S001,3,0.05,Cash
T02197,2023-10-27 00:00:00,C122,P014,S003,2,0.15,Mobile Money
T02198,2024-03-19 00:00:00,C103,P037,S001,3,0.1,Bank Transfer
T02199,2024-09-03 00:00:00,C045,P022,S005,4,0.1,Credit Card
T02200,2024-03-29 00:00:00,C175,P041,S002,3,0.05,Mobile Money
T02201,2024-09-28 00:00:00,C142,P041,S002,3,0.1,Cash
T02202,2025-06-23 00:00:00,C077,P040,S005,4,0.05,Mobile Money
T02203,2024-02-16 00:00:00,C112,P019,S001,2,0.15,Bank Transfer
T02204,2024-03-06 00:00:00,C129,P049,S003,4,0.1,Mobile Money
T02205,2024-09-25 00:00:00,C120,P042,S004,4,0.15,Cash
T02206,2025-03-22 00:00:00,C144,P040,S001,4,0,Credit Card
T02207,2024-02-26 00:00:00,C158,P043,S003,2,0.1,Credit Card
T02208,2025-08-09 00:00:00,C159,P027,S005,5,0.1,Cash
T02209,2024-02-03 00:00:00,C194,P028,S004,2,0.15,Cash
T02210,2024-10-06 00:00:00,C119,P004,S005,4,0,Cash
T02211,2024-04-18 00:00:00,C015,P011,S003,1,0.1,Cash
T02212,2025-07-08 00:00:00,C075,P012,S005,4,0.1,Cash
T02213,2025-01-10 00:00:00,C032,P039,S005,5,0,Credit Card
T02214,2024-07-04 00:00:00,C133,P020,S002,5,0.15,Credit Card
T02215,2025-01-20 00:00:00,C058,P014,S002,3,0.1,Cash
T02216,2024-12-14 00:00:00,C125,P010,S005,2,0,Cash
T02217,2024-12-26 00:00:00,C001,P005,S002,5,0,Cash
T02218,2023-11-18 00:00:00,C064,P021,S002,1,0.15,Cash
T02219,2024-11-22 00:00:00,C130,P040,S004,4,0,Cash
T02220,2023-09-22 00:00:00,C077,P037,S004,4,0.05,Credit Card
T02221,2024-06-20 00:00:00,C140,P045,S003,5,0.15,Cash
T02222,2024-03-29 00:00:00,C111,P029,S002,1,0.05,Credit Card
T02223,2023-09-19 00:00:00,C191,P022,S002,2,0.05,Mobile Money
T02224,2025-06-22 00:00:00,C123,P023,S003,3,0,Mobile Money
T02225,2023-10-10 00:00:00,C095,P042,S003,4,0.15,Cash
T02226,2024-08-26 00:00:00,C119,P002,S004,4,0.05,Cash
T02227,2023-11-06 00:00:00,C073,P050,S004,1,0.15,Cash
T02228,2025-08-15 00:00:00,C149,P025,S003,1,0.15,Cash
T02229,2025-08-20 00:00:00,C091,P043,S002,4,0.15,Bank Transfer
T02230,2023-10-19 00:00:00,C003,P040,S002,3,0.05,Bank Transfer
T02231,2024-03-30 00:00:00,C181,P020,S005,4,0,Credit Card
T02232,2025-03-21 00:00:00,C168,P026,S002,3,0.1,Mobile Money
T02233,2025-01-24 00:00:00,C184,P029,S002,3,0.1,Mobile Money
T02234,2024-01-12 00:00:00,C018,P001,S004,4,0.15,Credit Card
T02235,2023-09-26 00:00:00,C148,P048,S005,5,0.1,Credit Card
T02236,2024-03-23 00:00:00,C179,P020,S003,5,0.1,Mobile Money
T02237,2024-08-19 00:00:00,C018,P048,S001,1,0.05,Credit Card
T02238,2024-09-09 00:00:00,C025,P050,S001,4,0.15,Bank Transfer
T02239,2025-07-22 00:00:00,C195,P009,S002,2,0,Credit Card
T02240,2025-02-21 00:00:00,C187,P019,S004,4,0,Cash
T02241,2024-08-24 00:00:00,C157,P042,S003,1,0,Cash
T02242,2024-08-02 00:00:00,C114,P029,S003,5,0,Credit Card
T02243,2024-04-18 00:00:00,C083,P025,S001,4,0.15,Credit Card
T02244,2024-05-30 00:00:00,C164,P010,S005,5,0.05,Credit Card
T02245,2024-11-08 00:00:00,C065,P017,S004,4,0.1,Credit Card
T02246,2023-11-20 00:00:00,C052,P008,S002,4,0.05,Cash
T02247,2023-12-13 00:00:00,C150,P040,S001,1,0.05,Cash
T02248,2024-10-25 00:00:00,C036,P012,S001,3,0.15,Cash
T02249,2023-09-15 00:00:00,C088,P035,S002,5,0.15,Credit Card
T02250,2025-04-07 00:00:00,C054,P016,S005,4,0.1,Bank Transfer
T02251,2025-03-21 00:00:00,C159,P008,S005,2,0,Mobile Money
T02252,2023-11-23 00:00:00,C110,P016,S004,1,0,Credit Card
T02253,2024-11-22 00:00:00,C133,P031,S003,1,0,Mobile Money
T02254,2024-09-09 00:00:00,C060,P034,S001,5,0.1,Cash
T02255,2024-01-19 00:00:00,C058,P036,S003,3,0.15,Bank Transfer
T02256,2025-05-24 00:00:00,C018,P040,S002,3,0,Credit Card
T02257,2024-06-05 00:00:00,C133,P041,S005,5,0.1,Mobile Money
T02258,2024-11-27 00:00:00,C159,P031,S001,5,0,Mobile Money
T02259,2024-11-22 00:00:00,C068,P038,S001,1,0.1,Mobile Money
T02260,2024-01-23 00:00:00,C067,P015,S002,3,0,Credit Card
T02261,2025-01-16 00:00:00,C053,P038,S005,3,0,Credit Card
T02262,2025-04-24 00:00:00,C127,P046,S001,5,0,Bank Transfer
T02263,2023-11-03 00:00:00,C019,P009,S004,5,0,Mobile Money
T02264,2024-08-07 00:00:00,C034,P044,S003,1,0,Cash
T02265,2025-03-11 00:00:00,C128,P049,S005,2,0.1,Mobile Money
T02266,2024-03-24 00:00:00,C123,P007,S003,2,0,Cash
T02267,2025-06-12 00:00:00,C007,P017,S002,5,0.15,Cash
T02268,2024-03-18 00:00:00,C142,P009,S004,1,0.15,Mobile Money
T02269,2025-04-29 00:00:00,C179,P003,S002,4,0.15,Credit Card
T02270,2025-02-01 00:00:00,C030,P010,S004,1,0.1,Bank Transfer
T02271,2024-05-25 00:00:00,C050,P017,S003,4,0,Credit Card
T02272,2025-05-22 00:00:00,C060,P050,S001,5,0,Credit Card
T02273,2025-04-06 00:00:00,C106,P037,S005,5,0,Cash
T02274,2025-03-24 00:00:00,C185,P026,S002,1,0,Cash
T02275,2024-01-08 00:00:00,C033,P016,S004,2,0.1,Cash
T02276,2024-08-17 00:00:00,C081,P024,S003,5,0.05,Bank Transfer
T02277,2023-10-23 00:00:00,C034,P003,S005,4,0.15,Cash
T02278,2024-06-08 00:00:00,C169,P043,S001,1,0.1,Credit Card
T02279,2025-03-25 00:00:00,C127,P047,S003,2,0.15,Bank Transfer
T02280,2025-03-16 00:00:00,C094,P023,S005,3,0.05,Bank Transfer
T02281,2024-04-09 00:00:00,C082,P044,S005,5,0,Cash
T02282,2023-09-13 00:00:00,C089,P042,S004,5,0.15,Bank Transfer
T02283,2024-01-20 00:00:00,C021,P004,S002,2,0.05,Bank Transfer
T02284,2025-01-30 00:00:00,C190,P016,S005,2,0,Bank Transfer
T02285,2024-04-29 00:00:00,C186,P027,S002,1,0.05,Mobile Money
T02286,2023-12-07 00:00:00,C167,P033,S004,1,0,Mobile Money
T02287,2025-07-26 00:00:00,C009,P001,S003,3,0.15,Bank Transfer
T02288,2024-09-28 00:00:00,C022,P011,S001,3,0.15,Mobile Money
T02289,2024-06-24 00:00:00,C005,P010,S004,4,0.15,Cash
T02290,2024-08-28 00:00:00,C058,P038,S002,4,0.05,Mobile Money
T02291,2023-10-14 00:00:00,C137,P013,S001,3,0,Bank Transfer
T02292,2023-12-20 00:00:00,C007,P023,S005,3,0.1,Credit Card
T02293,2024-11-02 00:00:00,C194,P001,S001,3,0.15,Mobile Money
T02294,2023-11-29 00:00:00,C187,P018,S001,1,0.15,Bank Transfer
T02295,2025-02-17 00:00:00,C137,P019,S004,4,0.1,Credit Card
T02296,2024-05-06 00:00:00,C098,P021,S004,2,0.05,Cash
T02297,2023-10-31 00:00:00,C072,P041,S003,1,0.05,Bank Transfer
T02298,2023-11-13 00:00:00,C087,P038,S005,4,0,Bank Transfer
T02299,2025-06-23 00:00:00,C093,P047,S003,3,0,Cash
T02300,2025-06-23 00:00:00,C079,P027,S005,3,0.1,Credit Card
T02301,2025-04-21 00:00:00,C114,P045,S004,1,0.15,Cash
T02302,2025-02-25 00:00:00,C120,P037,S001,3,0.15,Credit Card
T02303,2025-01-09 00:00:00,C105,P027,S001,5,0,Bank Transfer
T02304,2025-08-23 00:00:00,C157,P003,S005,3,0,Mobile Money
T02305,2023-10-12 00:00:00,C047,P015,S003,3,0.1,Mobile Money
T02306,2023-10-26 00:00:00,C033,P033,S002,2,0.05,Cash
T02307,2023-10-25 00:00:00,C060,P013,S001,1,0.05,Mobile Money
T02308,2025-08-26 00:00:00,C149,P028,S003,1,0.05,Cash
T02309,2023-10-24 00:00:00,C183,P040,S003,3,0,Bank Transfer
T02310,2024-08-03 00:00:00,C139,P013,S001,5,0.05,Bank Transfer
T02311,2024-05-25 00:00:00,C028,P021,S001,5,0.15,Cash
T02312,2024-11-21 00:00:00,C131,P035,S001,2,0.05,Bank Transfer
T02313,2024-06-28 00:00:00,C147,P005,S003,4,0,Mobile Money
T02314,2024-03-12 00:00:00,C073,P027,S002,1,0.1,Bank Transfer
T02315,2023-10-24 00:00:00,C086,P036,S004,3,0.15,Bank Transfer
T02316,2023-10-20 00:00:00,C160,P014,S001,2,0.1,Cash
T02317,2025-04-23 00:00:00,C075,P021,S002,5,0,Cash
T02318,2024-11-10 00:00:00,C156,P001,S002,3,0.1,Credit Card
T02319,2023-10-22 00:00:00,C097,P020,S005,1,0.05,Mobile Money
T02320,2023-11-13 00:00:00,C196,P007,S001,1,0.05,Mobile Money
T02321,2024-07-28 00:00:00,C138,P049,S001,5,0,Mobile Money
T02322,2024-04-14 00:00:00,C169,P015,S005,5,0.15,Bank Transfer
T02323,2024-03-26 00:00:00,C069,P046,S002,5,0.1,Credit Card
T02324,2024-03-10 00:00:00,C085,P014,S002,3,0.05,Mobile Money
T02325,2024-09-08 00:00:00,C081,P003,S001,2,0.15,Mobile Money
T02326,2023-10-24 00:00:00,C093,P040,S001,3,0,Bank Transfer
T02327,2024-08-31 00:00:00,C168,P036,S004,5,0.05,Mobile Money
T02328,2025-02-28 00:00:00,C108,P022,S002,5,0.05,Credit Card
T02329,2024-04-10 00:00:00,C199,P043,S004,5,0.05,Bank Transfer
T02330,2024-05-05 00:00:00,C074,P046,S003,3,0,Cash
T02331,2024-12-06 00:00:00,C105,P032,S004,5,0.05,Mobile Money
T02332,2025-07-29 00:00:00,C162,P048,S002,2,0.15,Cash
T02333,2025-07-18 00:00:00,C043,P037,S001,4,0.1,Mobile Money
T02334,2023-10-18 00:00:00,C191,P038,S001,2,0,Mobile Money
T02335,2025-08-21 00:00:00,C007,P039,S002,1,0.05,Mobile Money
T02336,2024-02-18 00:00:00,C109,P023,S003,2,0.15,Credit Card
T02337,2024-11-12 00:00:00,C183,P039,S003,1,0.1,Bank Transfer
T02338,2025-01-13 00:00:00,C152,P047,S005,5,0,Cash
T02339,2024-06-06 00:00:00,C019,P032,S003,4,0.15,Mobile Money
T02340,2024-04-27 00:00:00,C190,P005,S004,3,0.15,Credit Card
T02341,2024-01-31 00:00:00,C188,P016,S002,5,0,Credit Card
T02342,2025-06-29 00:00:00,C002,P028,S005,5,0.1,Mobile Money
T02343,2024-03-10 00:00:00,C098,P044,S003,4,0.05,Bank Transfer
T02344,2025-08-07 00:00:00,C198,P030,S001,2,0.1,Mobile Money
T02345,2025-03-11 00:00:00,C088,P022,S001,5,0.15,Bank Transfer
T02346,2024-04-12 00:00:00,C083,P013,S004,3,0.05,Credit Card
T02347,2025-05-13 00:00:00,C011,P033,S002,4,0.1,Bank Transfer
T02348,2024-06-27 00:00:00,C026,P047,S003,3,0.05,Cash
T02349,2025-07-07 00:00:00,C074,P009,S003,4,0.15,Credit Card
T02350,2025-05-16 00:00:00,C044,P025,S003,3,0,Credit Card
T02351,2024-06-16 00:00:00,C171,P017,S003,2,0,Credit Card
T02352,2025-06-14 00:00:00,C142,P002,S005,2,0,Cash
T02353,2024-04-07 00:00:00,C139,P014,S005,2,0,Mobile Money
T02354,2024-12-22 00:00:00,C007,P039,S003,2,0.1,Mobile Money
T02355,2024-05-03 00:00:00,C188,P011,S004,5,0.05,Mobile Money
T02356,2023-12-25 00:00:00,C076,P011,S001,1,0.15,Mobile Money
T02357,2023-12-20 00:00:00,C127,P033,S003,1,0.05,Bank Transfer
T02358,2025-07-22 00:00:00,C188,P036,S001,3,0,Credit Card
T02359,2024-11-05 00:00:00,C187,P021,S001,3,0.05,Bank Transfer
T02360,2025-07-22 00:00:00,C071,P037,S004,5,0,Bank Transfer
T02361,2025-03-14 00:00:00,C010,P012,S004,1,0.1,Credit Card
T02362,2024-09-19 00:00:00,C143,P033,S001,1,0.05,Credit Card
T02363,2024-04-11 00:00:00,C151,P041,S004,2,0.05,Bank Transfer
T02364,2024-06-05 00:00:00,C121,P010,S002,4,0.05,Mobile Money
T02365,2024-05-14 00:00:00,C073,P037,S002,2,0,Credit Card
T02366,2024-05-22 00:00:00,C001,P019,S004,1,0.15,Credit Card
T02367,2025-03-31 00:00:00,C182,P013,S002,1,0.15,Bank Transfer
T02368,2024-02-07 00:00:00,C158,P048,S004,5,0.05,Bank Transfer
T02369,2023-09-24 00:00:00,C124,P021,S005,2,0.1,Credit Card
T02370,2023-12-30 00:00:00,C075,P020,S004,4,0.15,Bank Transfer
T02371,2023-11-07 00:00:00,C140,P016,S004,3,0,Credit Card
T02372,2024-02-14 00:00:00,C029,P023,S003,4,0.15,Bank Transfer
T02373,2023-10-24 00:00:00,C064,P014,S004,1,0.05,Mobile Money
T02374,2025-02-20 00:00:00,C082,P040,S001,3,0.15,Credit Card
T02375,2025-07-17 00:00:00,C199,P003,S004,4,0.15,Credit Card
T02376,2025-02-01 00:00:00,C008,P040,S003,3,0.05,Mobile Money
T02377,2025-04-26 00:00:00,C016,P047,S005,3,0.1,Bank Transfer
T02378,2025-05-18 00:00:00,C106,P020,S004,4,0.15,Mobile Money
T02379,2024-02-12 00:00:00,C067,P028,S001,3,0.15,Credit Card
T02380,2023-12-01 00:00:00,C087,P024,S001,3,0.15,Mobile Money
T02381,2023-12-18 00:00:00,C057,P007,S005,2,0.05,Cash
T02382,2025-06-08 00:00:00,C158,P035,S005,3,0.05,Cash
T02383,2024-11-22 00:00:00,C185,P034,S001,4,0,Bank Transfer
T02384,2024-05-12 00:00:00,C091,P049,S005,1,0,Credit Card
T02385,2025-06-20 00:00:00,C093,P042,S005,2,0.05,Mobile Money
T02386,2025-09-03 00:00:00,C184,P047,S002,3,0.05,Bank Transfer
T02387,2024-07-25 00:00:00,C085,P029,S004,2,0.05,Cash
T02388,2023-10-05 00:00:00,C010,P050,S001,5,0,Mobile Money
T02389,2024-04-07 00:00:00,C125,P017,S001,2,0.1,Bank Transfer
T02390,2025-08-26 00:00:00,C007,P014,S002,2,0,Bank Transfer
T02391,2024-11-30 00:00:00,C192,P017,S001,4,0.15,Credit Card
T02392,2025-04-10 00:00:00,C190,P031,S003,1,0,Cash
T02393,2024-01-22 00:00:00,C130,P030,S004,1,0,Credit Card
T02394,2024-07-04 00:00:00,C025,P034,S005,4,0.05,Bank Transfer
T02395,2024-06-22 00:00:00,C083,P048,S004,5,0,Bank Transfer
T02396,2025-04-19 00:00:00,C071,P015,S004,2,0,Bank Transfer
T02397,2025-07-22 00:00:00,C168,P039,S005,4,0.15,Bank Transfer
T02398,2024-05-30 00:00:00,C110,P021,S001,2,0.15,Bank Transfer
T02399,2024-06-23 00:00:00,C124,P039,S003,5,0.05,Mobile Money
T02400,2025-03-08 00:00:00,C005,P038,S004,4,0.1,Cash
T02401,2024-01-02 00:00:00,C116,P015,S002,5,0,Mobile Money
T02402,2025-01-27 00:00:00,C198,P032,S002,4,0.1,Mobile Money
T02403,2025-05-06 00:00:00,C145,P041,S001,3,0.1,Credit Card
T02404,2024-05-20 00:00:00,C162,P014,S001,1,0.05,Credit Card
T02405,2025-09-05 00:00:00,C126,P022,S005,2,0,Credit Card
T02406,2023-09-16 00:00:00,C104,P042,S005,4,0.05,Cash
T02407,2024-10-20 00:00:00,C197,P012,S004,3,0.15,Bank Transfer
T02408,2025-03-31 00:00:00,C190,P050,S003,2,0,Bank Transfer
T02409,2024-07-03 00:00:00,C177,P033,S005,5,0.15,Cash
T02410,2025-01-09 00:00:00,C069,P002,S002,5,0.15,Mobile Money
T02411,2023-09-22 00:00:00,C081,P049,S002,3,0.15,Mobile Money
T02412,2025-04-04 00:00:00,C132,P014,S005,1,0,Mobile Money
T02413,2025-04-18 00:00:00,C180,P027,S001,4,0.05,Cash
T02414,2025-03-18 00:00:00,C042,P013,S005,1,0.05,Credit Card
T02415,2025-08-16 00:00:00,C113,P045,S001,1,0.15,Mobile Money
T02416,2024-09-10 00:00:00,C044,P021,S005,4,0.05,Mobile Money
T02417,2024-08-09 00:00:00,C103,P050,S001,3,0,Mobile Money
T02418,2023-11-11 00:00:00,C076,P045,S003,5,0.1,Bank Transfer
T02419,2025-08-24 00:00:00,C145,P037,S002,2,0.1,Credit Card
T02420,2024-02-02 00:00:00,C158,P011,S003,5,0.1,Mobile Money
T02421,2025-07-16 00:00:00,C119,P011,S002,3,0.05,Credit Card
T02422,2025-06-27 00:00:00,C135,P006,S004,1,0.1,Mobile Money
T02423,2025-09-01 00:00:00,C046,P044,S002,4,0,Cash
T02424,2025-03-06 00:00:00,C080,P041,S002,2,0,Mobile Money
T02425,2025-01-23 00:00:00,C085,P009,S001,1,0.15,Credit Card
T02426,2024-07-28 00:00:00,C018,P050,S003,5,0.05,Bank Transfer
T02427,2025-05-10 00:00:00,C161,P011,S001,2,0.1,Bank Transfer
T02428,2025-04-24 00:00:00,C110,P032,S005,3,0.1,Mobile Money
T02429,2023-09-10 00:00:00,C066,P012,S005,5,0.05,Cash
T02430,2023-11-09 00:00:00,C152,P033,S002,1,0.05,Bank Transfer
T02431,2024-03-21 00:00:00,C046,P028,S003,5,0,Credit Card
T02432,2024-09-29 00:00:00,C134,P004,S005,4,0.1,Bank Transfer
T02433,2024-03-14 00:00:00,C189,P017,S005,4,0.05,Credit Card
T02434,2024-11-08 00:00:00,C001,P018,S002,2,0,Credit Card
T02435,2025-03-26 00:00:00,C037,P033,S002,4,0,Bank Transfer
T02436,2025-06-07 00:00:00,C020,P001,S001,2,0.15,Mobile Money
T02437,2025-08-22 00:00:00,C171,P002,S004,3,0.1,Cash
T02438,2025-06-27 00:00:00,C062,P031,S005,4,0.15,Mobile Money
T02439,2023-10-18 00:00:00,C181,P003,S004,3,0.1,Bank Transfer
T02440,2025-03-11 00:00:00,C136,P045,S001,5,0.05,Credit Card
T02441,2025-09-02 00:00:00,C163,P047,S003,2,0.15,Mobile Money
T02442,2023-11-18 00:00:00,C126,P020,S003,1,0.15,Bank Transfer
T02443,2024-02-15 00:00:00,C046,P028,S001,3,0.15,Bank Transfer
T02444,2025-04-21 00:00:00,C187,P030,S004,2,0.05,Mobile Money
T02445,2024-02-09 00:00:00,C096,P049,S002,1,0.05,Mobile Money
T02446,2023-10-15 00:00:00,C093,P041,S005,2,0,Bank Transfer
T02447,2024-07-22 00:00:00,C085,P011,S001,3,0.1,Cash
T02448,2024-08-19 00:00:00,C156,P039,S003,1,0.1,Mobile Money
T02449,2025-04-20 00:00:00,C102,P004,S001,3,0.1,Cash
T02450,2023-10-21 00:00:00,C147,P009,S001,4,0.15,Mobile Money
T02451,2024-10-12 00:00:00,C045,P049,S004,5,0,Cash
T02452,2025-03-22 00:00:00,C095,P005,S001,5,0.05,Credit Card
T02453,2025-06-30 00:00:00,C034,P021,S001,4,0,Cash
T02454,2025-04-17 00:00:00,C114,P026,S001,3,0,Bank Transfer
T02455,2024-07-05 00:00:00,C050,P048,S005,1,0.1,Bank Transfer
T02456,2023-10-11 00:00:00,C182,P021,S002,5,0.1,Cash
T02457,2024-07-11 00:00:00,C171,P029,S004,4,0,Cash
T02458,2025-04-28 00:00:00,C050,P038,S005,2,0.1,Cash
T02459,2023-12-14 00:00:00,C045,P020,S004,1,0.1,Credit Card
T02460,2024-07-27 00:00:00,C177,P006,S005,4,0.05,Cash
T02461,2024-07-04 00:00:00,C080,P028,S003,5,0.1,Cash
T02462,2025-06-11 00:00:00,C088,P012,S004,5,0,Mobile Money
T02463,2023-12-09 00:00:00,C023,P029,S001,1,0.05,Cash
T02464,2024-02-28 00:00:00,C048,P025,S003,5,0,Credit Card
T02465,2024-06-12 00:00:00,C003,P017,S002,3,0.15,Cash
T02466,2024-10-28 00:00:00,C186,P049,S002,3,0.05,Credit Card
T02467,2025-02-14 00:00:00,C080,P009,S001,4,0.1,Credit Card
T02468,2024-04-01 00:00:00,C072,P049,S002,5,0.1,Mobile Money
T02469,2024-08-02 00:00:00,C058,P012,S002,3,0.05,Credit Card
T02470,2024-11-15 00:00:00,C076,P042,S003,4,0.1,Cash
T02471,2023-10-26 00:00:00,C126,P001,S003,5,0.1,Bank Transfer
T02472,2024-07-07 00:00:00,C198,P008,S005,4,0.05,Cash
T02473,2024-09-07 00:00:00,C150,P021,S004,2,0.05,Mobile Money
T02474,2024-06-04 00:00:00,C089,P039,S003,2,0.1,Bank Transfer
T02475,2024-12-24 00:00:00,C024,P001,S005,2,0.1,Credit Card
T02476,2024-10-29 00:00:00,C120,P042,S003,1,0,Credit Card
T02477,2025-04-29 00:00:00,C122,P012,S002,4,0.1,Bank Transfer
T02478,2025-07-01 00:00:00,C145,P018,S004,5,0,Bank Transfer
T02479,2023-09-14 00:00:00,C180,P020,S001,3,0,Credit Card
T02480,2024-10-17 00:00:00,C108,P028,S004,3,0.1,Cash
T02481,2024-05-07 00:00:00,C048,P040,S003,3,0.05,Mobile Money
T02482,2025-08-23 00:00:00,C140,P013,S002,1,0.15,Mobile Money
T02483,2025-01-06 00:00:00,C152,P032,S005,4,0.15,Mobile Money
T02484,2023-10-31 00:00:00,C063,P022,S003,3,0.1,Mobile Money
T02485,2025-04-23 00:00:00,C174,P048,S004,3,0,Credit Card
T02486,2023-11-01 00:00:00,C196,P006,S005,1,0.15,Mobile Money
T02487,2024-10-21 00:00:00,C199,P018,S003,5,0.15,Cash
T02488,2024-10-16 00:00:00,C042,P023,S005,2,0.1,Credit Card
T02489,2024-03-02 00:00:00,C146,P023,S002,2,0.1,Cash
T02490,2024-09-14 00:00:00,C024,P040,S003,2,0.1,Mobile Money
T02491,2024-01-30 00:00:00,C102,P033,S002,4,0,Credit Card
T02492,2025-02-24 00:00:00,C052,P030,S002,3,0.1,Cash
T02493,2024-05-06 00:00:00,C048,P022,S002,2,0.15,Cash
T02494,2024-02-18 00:00:00,C186,P049,S002,2,0.1,Cash
T02495,2024-02-21 00:00:00,C123,P043,S002,3,0,Mobile Money
T02496,2025-09-09 00:00:00,C141,P040,S004,2,0.15,Mobile Money
T02497,2024-05-23 00:00:00,C119,P018,S002,1,0.15,Credit Card
T02498,2025-07-12 00:00:00,C082,P014,S002,4,0.1,Bank Transfer
T02499,2025-01-23 00:00:00,C173,P036,S004,5,0.15,Cash
T02500,2023-11-11 00:00:00,C089,P032,S004,5,0,Credit Card
T02501,2025-03-07 00:00:00,C156,P010,S002,2,0.1,Bank Transfer
T02502,2024-02-25 00:00:00,C088,P001,S005,1,0.15,Cash
T02503,2025-01-13 00:00:00,C166,P047,S002,2,0.15,Credit Card
T02504,2025-02-10 00:00:00,C012,P013,S002,3,0.15,Cash
T02505,2024-01-17 00:00:00,C087,P029,S004,2,0.15,Credit Card
T02506,2025-03-07 00:00:00,C073,P024,S003,4,0.15,Cash
T02507,2025-03-17 00:00:00,C067,P019,S004,2,0.05,Mobile Money
T02508,2024-03-17 00:00:00,C175,P006,S005,1,0.15,Cash
T02509,2025-05-27 00:00:00,C089,P019,S001,4,0,Credit Card
T02510,2024-06-07 00:00:00,C082,P038,S002,5,0.15,Mobile Money
T02511,2023-09-14 00:00:00,C003,P034,S004,4,0.15,Cash
T02512,2023-10-14 00:00:00,C078,P040,S004,3,0,Mobile Money
T02513,2024-10-03 00:00:00,C129,P025,S003,4,0.1,Bank Transfer
T02514,2024-09-07 00:00:00,C029,P038,S002,4,0.15,Cash
T02515,2024-08-03 00:00:00,C039,P035,S001,3,0.1,Credit Card
T02516,2023-11-01 00:00:00,C132,P044,S005,4,0.15,Cash
T02517,2025-01-18 00:00:00,C119,P023,S003,1,0,Mobile Money
T02518,2025-07-05 00:00:00,C118,P049,S003,1,0.1,Bank Transfer
T02519,2024-12-29 00:00:00,C109,P023,S003,3,0,Bank Transfer
T02520,2025-06-05 00:00:00,C046,P006,S003,3,0.15,Cash
T02521,2024-09-15 00:00:00,C115,P026,S003,3,0,Cash
T02522,2023-10-21 00:00:00,C092,P024,S001,5,0.15,Credit Card
T02523,2025-05-10 00:00:00,C045,P032,S001,5,0,Credit Card
T02524,2025-03-20 00:00:00,C187,P010,S002,4,0.15,Bank Transfer
T02525,2025-08-26 00:00:00,C089,P003,S004,5,0.05,Mobile Money
T02526,2024-04-06 00:00:00,C011,P019,S001,3,0.1,Cash
T02527,2025-05-17 00:00:00,C038,P046,S005,1,0.15,Cash
T02528,2025-04-17 00:00:00,C087,P004,S003,4,0.15,Cash
T02529,2024-01-12 00:00:00,C048,P034,S003,1,0.15,Cash
T02530,2025-05-24 00:00:00,C050,P038,S005,3,0.1,Credit Card
T02531,2025-06-22 00:00:00,C178,P001,S001,3,0.15,Credit Card
T02532,2024-06-12 00:00:00,C195,P048,S004,3,0.05,Bank Transfer
T02533,2024-04-15 00:00:00,C129,P037,S001,5,0.15,Credit Card
T02534,2025-05-01 00:00:00,C174,P028,S003,3,0,Mobile Money
T02535,2025-08-23 00:00:00,C054,P012,S001,4,0.05,Bank Transfer
T02536,2024-05-13 00:00:00,C069,P038,S004,5,0.1,Cash
T02537,2025-06-30 00:00:00,C057,P006,S002,1,0.1,Credit Card
T02538,2024-09-29 00:00:00,C017,P016,S005,3,0.15,Mobile Money
T02539,2025-08-22 00:00:00,C163,P022,S005,3,0.15,Mobile Money
T02540,2025-09-03 00:00:00,C143,P027,S001,3,0.1,Bank Transfer
T02541,2024-09-03 00:00:00,C089,P041,S004,2,0.15,Mobile Money
T02542,2024-11-02 00:00:00,C054,P016,S005,2,0.15,Bank Transfer
T02543,2023-10-26 00:00:00,C104,P019,S001,5,0,Mobile Money
T02544,2025-01-16 00:00:00,C144,P004,S003,1,0.05,Bank Transfer
T02545,2024-12-13 00:00:00,C078,P026,S003,3,0.15,Mobile Money
T02546,2024-07-26 00:00:00,C008,P040,S002,5,0.05,Bank Transfer
T02547,2024-11-13 00:00:00,C145,P030,S004,4,0,Bank Transfer
T02548,2024-10-18 00:00:00,C143,P039,S004,2,0.15,Credit Card
T02549,2025-05-25 00:00:00,C097,P049,S005,1,0,Mobile Money
T02550,2023-10-04 00:00:00,C056,P014,S002,1,0.1,Credit Card
T02551,2024-06-09 00:00:00,C041,P045,S004,5,0.15,Bank Transfer
T02552,2024-09-11 00:00:00,C193,P049,S002,4,0.1,Bank Transfer
T02553,2024-07-07 00:00:00,C198,P034,S003,1,0.1,Mobile Money
T02554,2024-07-18 00:00:00,C058,P004,S004,4,0.15,Bank Transfer
T02555,2023-11-18 00:00:00,C116,P005,S002,2,0.15,Bank Transfer
T02556,2024-07-26 00:00:00,C001,P031,S005,3,0.15,Credit Card
T02557,2025-04-25 00:00:00,C175,P002,S001,4,0.15,Mobile Money
T02558,2025-04-11 00:00:00,C106,P045,S002,1,0.05,Credit Card
T02559,2024-04-05 00:00:00,C157,P047,S005,5,0,Mobile Money
T02560,2025-08-18 00:00:00,C006,P045,S003,5,0.05,Credit Card
T02561,2025-02-13 00:00:00,C146,P032,S004,1,0.1,Cash
T02562,2023-12-11 00:00:00,C191,P001,S005,4,0.05,Credit Card
T02563,2025-07-29 00:00:00,C118,P038,S003,2,0.05,Mobile Money
T02564,2024-03-31 00:00:00,C183,P005,S002,3,0.05,Bank Transfer
T02565,2025-08-31 00:00:00,C017,P006,S001,2,0.15,Mobile Money
T02566,2023-09-22 00:00:00,C063,P021,S005,4,0.05,Credit Card
T02567,2025-05-31 00:00:00,C119,P028,S005,1,0.1,Credit Card
T02568,2025-04-15 00:00:00,C063,P050,S004,1,0,Cash
T02569,2025-07-22 00:00:00,C175,P024,S004,5,0.15,Mobile Money
T02570,2024-06-14 00:00:00,C019,P014,S004,3,0,Cash
T02571,2024-08-04 00:00:00,C113,P045,S004,1,0.1,Mobile Money
T02572,2024-02-19 00:00:00,C186,P009,S001,3,0.15,Mobile Money
T02573,2025-01-04 00:00:00,C110,P009,S001,1,0.05,Bank Transfer
T02574,2025-03-14 00:00:00,C195,P004,S005,1,0.05,Bank Transfer
T02575,2025-06-10 00:00:00,C106,P013,S003,2,0.05,Mobile Money
T02576,2025-08-18 00:00:00,C054,P036,S003,1,0.1,Cash
T02577,2024-07-05 00:00:00,C118,P029,S004,2,0.1,Bank Transfer
T02578,2024-03-25 00:00:00,C076,P028,S004,3,0.15,Bank Transfer
T02579,2024-10-13 00:00:00,C146,P002,S003,5,0,Credit Card
T02580,2024-12-04 00:00:00,C038,P001,S005,3,0,Credit Card
T02581,2025-02-14 00:00:00,C095,P036,S005,3,0.1,Bank Transfer
T02582,2024-07-04 00:00:00,C184,P030,S002,5,0.1,Mobile Money
T02583,2025-08-13 00:00:00,C183,P002,S004,3,0.05,Credit Card
T02584,2024-10-04 00:00:00,C038,P028,S005,3,0.15,Bank Transfer
T02585,2024-09-08 00:00:00,C164,P036,S002,1,0.05,Bank Transfer
T02586,2023-11-14 00:00:00,C038,P044,S005,1,0.1,Bank Transfer
T02587,2025-07-28 00:00:00,C185,P044,S005,5,0.15,Mobile Money
T02588,2023-12-28 00:00:00,C159,P024,S002,3,0.05,Bank Transfer
T02589,2025-06-29 00:00:00,C134,P017,S003,4,0.15,Credit Card
T02590,2023-11-13 00:00:00,C135,P050,S004,2,0.15,Mobile Money
T02591,2025-05-09 00:00:00,C004,P039,S001,3,0.05,Bank Transfer
T02592,2024-02-11 00:00:00,C053,P006,S002,2,0.1,Cash
T02593,2024-08-20 00:00:00,C167,P035,S002,3,0.15,Mobile Money
T02594,2024-05-26 00:00:00,C146,P012,S001,5,0.05,Credit Card
T02595,2025-03-24 00:00:00,C094,P030,S001,4,0,Bank Transfer
T02596,2024-03-11 00:00:00,C130,P029,S001,3,0,Cash
T02597,2025-08-13 00:00:00,C115,P006,S005,5,0.05,Credit Card
T02598,2025-08-25 00:00:00,C066,P030,S002,2,0.05,Mobile Money
T02599,2025-05-17 00:00:00,C046,P034,S001,5,0.1,Bank Transfer
T02600,2024-02-11 00:00:00,C024,P035,S002,1,0.05,Bank Transfer
T02601,2025-07-13 00:00:00,C016,P028,S002,2,0.05,Mobile Money
T02602,2023-10-02 00:00:00,C119,P043,S001,5,0,Bank Transfer
T02603,2025-03-23 00:00:00,C163,P032,S001,2,0.15,Cash
T02604,2024-01-15 00:00:00,C114,P005,S001,4,0.05,Cash
T02605,2024-10-12 00:00:00,C139,P019,S005,2,0.15,Bank Transfer
T02606,2024-07-14 00:00:00,C146,P040,S001,5,0.15,Cash
T02607,2024-12-01 00:00:00,C185,P034,S004,2,0.15,Cash
T02608,2024-11-04 00:00:00,C065,P037,S004,5,0.1,Mobile Money
T02609,2023-12-13 00:00:00,C162,P049,S002,3,0.15,Bank Transfer
T02610,2025-02-08 00:00:00,C166,P032,S003,3,0.05,Bank Transfer
T02611,2024-01-06 00:00:00,C071,P039,S005,5,0.1,Mobile Money
T02612,2025-02-26 00:00:00,C029,P034,S002,4,0,Bank Transfer
T02613,2024-05-05 00:00:00,C131,P002,S004,4,0.05,Credit Card
T02614,2024-05-07 00:00:00,C017,P043,S004,3,0,Mobile Money
T02615,2024-08-15 00:00:00,C088,P011,S005,2,0.05,Cash
T02616,2024-12-22 00:00:00,C196,P050,S002,2,0.1,Bank Transfer
T02617,2025-06-03 00:00:00,C082,P022,S005,4,0,Bank Transfer
T02618,2024-12-29 00:00:00,C157,P004,S002,5,0.05,Bank Transfer
T02619,2023-09-22 00:00:00,C041,P014,S002,4,0.05,Credit Card
T02620,2024-07-30 00:00:00,C157,P046,S002,3,0.15,Mobile Money
T02621,2025-09-06 00:00:00,C200,P045,S003,2,0.1,Mobile Money
T02622,2024-09-24 00:00:00,C078,P008,S003,2,0.1,Bank Transfer
T02623,2025-07-01 00:00:00,C187,P013,S003,3,0.15,Bank Transfer
T02624,2025-08-15 00:00:00,C109,P030,S005,4,0.15,Cash
T02625,2024-05-28 00:00:00,C196,P005,S004,1,0.15,Bank Transfer
T02626,2025-05-04 00:00:00,C166,P034,S002,4,0.1,Cash
T02627,2024-08-31 00:00:00,C181,P046,S002,2,0.1,Bank Transfer
T02628,2024-06-03 00:00:00,C096,P030,S001,3,0.15,Mobile Money
T02629,2024-06-21 00:00:00,C084,P026,S005,5,0.05,Credit Card
T02630,2025-02-19 00:00:00,C159,P037,S005,4,0.1,Cash
T02631,2024-05-18 00:00:00,C020,P006,S002,2,0.1,Mobile Money
T02632,2024-11-18 00:00:00,C185,P007,S005,4,0,Mobile Money
T02633,2024-10-16 00:00:00,C177,P009,S004,2,0.1,Mobile Money
T02634,2023-11-25 00:00:00,C016,P027,S001,1,0.1,Bank Transfer
T02635,2024-06-12 00:00:00,C138,P034,S003,4,0.1,Cash
T02636,2023-10-05 00:00:00,C121,P034,S002,1,0.1,Mobile Money
T02637,2024-04-08 00:00:00,C039,P027,S002,5,0.1,Credit Card
T02638,2025-08-24 00:00:00,C144,P050,S001,4,0.05,Bank Transfer
T02639,2024-10-09 00:00:00,C147,P014,S005,3,0.1,Cash
T02640,2023-09-16 00:00:00,C036,P024,S001,3,0.1,Mobile Money
T02641,2025-03-15 00:00:00,C192,P008,S002,2,0.1,Mobile Money
T02642,2024-11-26 00:00:00,C059,P018,S004,3,0.1,Credit Card
T02643,2024-11-26 00:00:00,C174,P031,S003,3,0,Credit Card
T02644,2024-04-26 00:00:00,C031,P047,S004,4,0.15,Mobile Money
T02645,2024-03-08 00:00:00,C013,P044,S005,1,0.1,Cash
T02646,2024-01-10 00:00:00,C145,P042,S004,1,0.1,Mobile Money
T02647,2025-07-03 00:00:00,C073,P029,S005,3,0,Cash
T02648,2025-07-29 00:00:00,C145,P023,S001,5,0,Credit Card
T02649,2025-03-19 00:00:00,C132,P012,S001,5,0.15,Credit Card
T02650,2023-10-10 00:00:00,C193,P035,S001,4,0.1,Mobile Money
T02651,2025-06-18 00:00:00,C116,P037,S002,3,0,Credit Card
T02652,2024-05-15 00:00:00,C166,P045,S005,3,0.15,Mobile Money
T02653,2023-12-25 00:00:00,C006,P021,S004,5,0.1,Cash
T02654,2024-05-22 00:00:00,C160,P041,S004,1,0,Credit Card
T02655,2024-12-30 00:00:00,C083,P006,S004,2,0.1,Credit Card
T02656,2025-08-03 00:00:00,C150,P032,S003,5,0.15,Credit Card
T02657,2025-03-14 00:00:00,C198,P013,S005,3,0.05,Credit Card
T02658,2025-06-18 00:00:00,C198,P048,S002,2,0.1,Credit Card
T02659,2024-04-19 00:00:00,C026,P037,S001,5,0,Credit Card
T02660,2025-04-23 00:00:00,C139,P019,S003,1,0.1,Bank Transfer
T02661,2024-04-28 00:00:00,C059,P011,S002,2,0.1,Credit Card
T02662,2024-01-03 00:00:00,C109,P037,S003,2,0.05,Bank Transfer
T02663,2025-06-17 00:00:00,C007,P046,S002,4,0,Mobile Money
T02664,2024-11-15 00:00:00,C007,P046,S004,2,0.15,Cash
T02665,2025-05-15 00:00:00,C115,P008,S004,4,0.05,Credit Card
T02666,2024-01-29 00:00:00,C198,P049,S004,5,0,Cash
T02667,2023-12-28 00:00:00,C045,P037,S005,5,0,Credit Card
T02668,2024-05-20 00:00:00,C194,P015,S002,1,0.15,Bank Transfer
T02669,2024-06-08 00:00:00,C192,P047,S003,4,0.05,Credit Card
T02670,2023-12-17 00:00:00,C024,P001,S005,3,0.15,Bank Transfer
T02671,2023-10-29 00:00:00,C131,P007,S001,4,0,Cash
T02672,2025-02-06 00:00:00,C098,P014,S004,4,0,Bank Transfer
T02673,2025-07-18 00:00:00,C093,P036,S003,1,0.15,Bank Transfer
T02674,2025-06-12 00:00:00,C059,P009,S001,4,0.15,Cash
T02675,2024-11-13 00:00:00,C071,P003,S003,1,0.05,Credit Card
T02676,2024-02-01 00:00:00,C046,P005,S005,1,0.05,Credit Card
T02677,2025-07-02 00:00:00,C036,P018,S004,1,0,Credit Card
T02678,2023-09-14 00:00:00,C190,P003,S003,3,0.15,Credit Card
T02679,2024-05-16 00:00:00,C108,P037,S002,2,0.05,Credit Card
T02680,2024-07-03 00:00:00,C094,P042,S001,2,0,Mobile Money
T02681,2024-11-22 00:00:00,C053,P006,S003,4,0.1,Bank Transfer
T02682,2024-06-28 00:00:00,C160,P001,S003,1,0,Bank Transfer
T02683,2024-11-26 00:00:00,C008,P003,S004,1,0.05,Mobile Money
T02684,2024-01-03 00:00:00,C012,P013,S005,4,0.05,Credit Card
T02685,2024-08-22 00:00:00,C026,P044,S001,3,0.05,Cash
T02686,2025-05-01 00:00:00,C108,P038,S001,1,0.15,Mobile Money
T02687,2024-02-10 00:00:00,C107,P030,S005,4,0.05,Cash
T02688,2024-06-12 00:00:00,C080,P009,S004,4,0.1,Credit Card
T02689,2025-07-27 00:00:00,C083,P004,S005,3,0,Mobile Money
T02690,2025-05-17 00:00:00,C127,P010,S005,2,0.05,Credit Card
T02691,2025-07-08 00:00:00,C132,P023,S002,2,0.05,Cash
T02692,2025-01-01 00:00:00,C191,P044,S001,4,0.1,Cash
T02693,2024-01-06 00:00:00,C064,P050,S002,3,0.05,Bank Transfer
T02694,2023-09-23 00:00:00,C085,P044,S004,5,0.1,Credit Card
T02695,2025-05-13 00:00:00,C084,P028,S004,3,0.05,Cash
T02696,2024-06-21 00:00:00,C192,P042,S004,1,0.05,Credit Card
T02697,2024-03-04 00:00:00,C004,P013,S002,1,0.05,Credit Card
T02698,2025-03-22 00:00:00,C102,P042,S003,1,0.15,Mobile Money
T02699,2025-02-16 00:00:00,C089,P008,S002,5,0.15,Mobile Money
T02700,2023-10-23 00:00:00,C055,P032,S004,5,0.1,Mobile Money
T02701,2024-01-07 00:00:00,C031,P016,S003,5,0.1,Bank Transfer
T02702,2024-10-04 00:00:00,C048,P050,S003,3,0.15,Mobile Money
T02703,2025-04-16 00:00:00,C170,P021,S001,3,0.1,Cash
T02704,2024-04-03 00:00:00,C094,P039,S004,1,0.05,Cash
T02705,2023-09-13 00:00:00,C059,P010,S004,1,0,Bank Transfer
T02706,2025-04-27 00:00:00,C033,P030,S003,3,0.15,Mobile Money
T02707,2024-08-16 00:00:00,C142,P005,S001,5,0.05,Mobile Money
T02708,2025-05-24 00:00:00,C131,P040,S002,2,0.05,Cash
T02709,2023-12-11 00:00:00,C051,P011,S003,5,0.05,Cash
T02710,2025-03-18 00:00:00,C137,P031,S003,5,0.05,Credit Card
T02711,2023-10-12 00:00:00,C096,P018,S002,1,0.05,Credit Card
T02712,2025-08-08 00:00:00,C193,P050,S002,5,0.15,Credit Card
T02713,2024-03-07 00:00:00,C072,P028,S001,4,0.1,Mobile Money
T02714,2023-10-03 00:00:00,C134,P009,S004,4,0.15,Bank Transfer
T02715,2024-10-05 00:00:00,C035,P030,S003,1,0,Bank Transfer
T02716,2024-01-05 00:00:00,C182,P002,S005,3,0.05,Cash
T02717,2024-05-02 00:00:00,C016,P045,S004,2,0.05,Mobile Money
T02718,2025-04-28 00:00:00,C042,P024,S002,4,0.05,Mobile Money
T02719,2025-07-27 00:00:00,C101,P025,S005,2,0.05,Bank Transfer
T02720,2025-07-30 00:00:00,C019,P031,S002,3,0.05,Mobile Money
T02721,2024-09-26 00:00:00,C032,P043,S005,2,0.05,Mobile Money
T02722,2024-10-31 00:00:00,C037,P005,S003,3,0,Cash
T02723,2025-08-27 00:00:00,C134,P006,S003,5,0,Mobile Money
T02724,2025-09-07 00:00:00,C060,P005,S004,3,0,Mobile Money
T02725,2024-08-07 00:00:00,C040,P038,S001,3,0.1,Cash
T02726,2025-04-27 00:00:00,C098,P036,S003,1,0.15,Mobile Money
T02727,2024-06-22 00:00:00,C150,P028,S002,4,0.1,Credit Card
T02728,2025-02-02 00:00:00,C134,P032,S001,1,0.1,Credit Card
T02729,2025-08-20 00:00:00,C171,P012,S004,4,0.15,Cash
T02730,2025-02-03 00:00:00,C164,P038,S001,3,0.1,Bank Transfer
T02731,2024-09-09 00:00:00,C164,P007,S005,3,0.15,Bank Transfer
T02732,2024-06-01 00:00:00,C092,P007,S001,1,0,Mobile Money
T02733,2024-06-01 00:00:00,C063,P012,S005,4,0.05,Mobile Money
T02734,2025-03-25 00:00:00,C171,P045,S003,1,0.15,Mobile Money
T02735,2024-07-10 00:00:00,C156,P031,S005,4,0,Cash
T02736,2023-09-14 00:00:00,C152,P010,S001,5,0,Cash
T02737,2024-02-02 00:00:00,C196,P027,S002,3,0.15,Mobile Money
T02738,2024-04-01 00:00:00,C184,P047,S001,3,0.15,Mobile Money
T02739,2023-12-04 00:00:00,C147,P034,S005,1,0.15,Mobile Money
T02740,2024-02-20 00:00:00,C172,P010,S001,2,0.05,Cash
T02741,2024-08-29 00:00:00,C162,P045,S003,1,0.1,Mobile Money
T02742,2025-06-04 00:00:00,C008,P025,S004,3,0.1,Bank Transfer
T02743,2024-12-28 00:00:00,C091,P022,S002,3,0.15,Cash
T02744,2024-02-22 00:00:00,C084,P017,S004,3,0.05,Credit Card
T02745,2025-07-30 00:00:00,C143,P001,S005,3,0.15,Bank Transfer
T02746,2024-10-03 00:00:00,C200,P001,S002,4,0,Bank Transfer
T02747,2024-01-22 00:00:00,C091,P037,S005,5,0.05,Bank Transfer
T02748,2025-02-09 00:00:00,C079,P023,S001,1,0.15,Bank Transfer
T02749,2024-08-27 00:00:00,C160,P028,S004,2,0.15,Credit Card
T02750,2024-01-14 00:00:00,C068,P041,S004,3,0.1,Mobile Money
T02751,2024-07-06 00:00:00,C093,P042,S002,2,0.1,Cash
T02752,2024-12-15 00:00:00,C029,P001,S002,5,0.1,Bank Transfer
T02753,2024-11-21 00:00:00,C194,P040,S005,5,0.05,Mobile Money
T02754,2024-04-01 00:00:00,C159,P043,S001,2,0,Cash
T02755,2025-01-10 00:00:00,C183,P010,S005,4,0.1,Credit Card
T02756,2025-01-29 00:00:00,C184,P010,S003,5,0.1,Mobile Money
T02757,2024-07-25 00:00:00,C035,P030,S004,1,0.1,Cash
T02758,2023-11-01 00:00:00,C083,P011,S002,4,0,Credit Card
T02759,2025-06-26 00:00:00,C141,P017,S002,3,0,Mobile Money
T02760,2024-08-08 00:00:00,C058,P047,S002,2,0.05,Mobile Money
T02761,2023-12-30 00:00:00,C166,P010,S002,2,0,Bank Transfer
T02762,2024-09-23 00:00:00,C063,P015,S001,5,0.15,Mobile Money
T02763,2025-01-24 00:00:00,C107,P002,S005,5,0.05,Mobile Money
T02764,2023-11-10 00:00:00,C048,P045,S005,5,0.15,Mobile Money
T02765,2024-06-27 00:00:00,C192,P050,S003,3,0.1,Mobile Money
T02766,2025-05-30 00:00:00,C095,P050,S003,2,0.1,Bank Transfer
T02767,2025-06-22 00:00:00,C020,P046,S002,3,0.05,Credit Card
T02768,2025-07-20 00:00:00,C025,P011,S005,4,0.1,Cash
T02769,2025-03-05 00:00:00,C155,P034,S002,3,0.05,Mobile Money
T02770,2025-05-07 00:00:00,C069,P026,S005,1,0.15,Mobile Money
T02771,2023-12-12 00:00:00,C128,P045,S005,4,0,Credit Card
T02772,2024-05-30 00:00:00,C006,P030,S005,4,0,Bank Transfer
T02773,2023-11-02 00:00:00,C123,P036,S002,1,0.1,Cash
T02774,2024-01-22 00:00:00,C185,P003,S003,5,0.1,Cash
T02775,2025-07-01 00:00:00,C183,P039,S005,4,0.15,Credit Card
T02776,2024-08-23 00:00:00,C102,P040,S002,4,0.1,Bank Transfer
T02777,2024-08-13 00:00:00,C085,P043,S002,5,0.15,Credit Card
T02778,2024-09-01 00:00:00,C197,P021,S005,5,0.1,Cash
T02779,2024-03-07 00:00:00,C157,P013,S001,3,0,Cash
T02780,2024-08-09 00:00:00,C158,P041,S001,5,0.15,Credit Card
T02781,2025-09-02 00:00:00,C188,P023,S002,2,0.05,Credit Card
T02782,2025-06-18 00:00:00,C008,P045,S004,1,0.1,Cash
T02783,2024-01-14 00:00:00,C025,P026,S004,5,0.15,Mobile Money
T02784,2025-01-24 00:00:00,C098,P009,S004,2,0.1,Credit Card
T02785,2024-02-15 00:00:00,C025,P010,S003,3,0.05,Mobile Money
T02786,2024-10-03 00:00:00,C065,P045,S004,1,0.05,Bank Transfer
T02787,2025-05-15 00:00:00,C103,P021,S002,2,0.1,Cash
T02788,2024-06-23 00:00:00,C087,P038,S004,1,0.1,Cash
T02789,2025-03-17 00:00:00,C156,P044,S001,5,0,Bank Transfer
T02790,2023-11-03 00:00:00,C025,P023,S002,1,0,Cash
T02791,2025-07-19 00:00:00,C084,P027,S004,3,0,Bank Transfer
T02792,2024-09-29 00:00:00,C018,P033,S002,2,0.15,Credit Card
T02793,2024-08-25 00:00:00,C138,P037,S002,3,0,Credit Card
T02794,2024-04-04 00:00:00,C154,P002,S003,5,0.05,Mobile Money
T02795,2024-02-26 00:00:00,C181,P040,S002,5,0.05,Mobile Money
T02796,2023-11-15 00:00:00,C008,P012,S005,1,0,Bank Transfer
T02797,2023-11-06 00:00:00,C075,P024,S001,3,0.05,Credit Card
T02798,2023-12-10 00:00:00,C026,P028,S004,2,0.05,Bank Transfer
T02799,2024-06-30 00:00:00,C117,P033,S005,4,0.15,Cash
T02800,2024-07-18 00:00:00,C172,P008,S005,1,0.1,Credit Card
T02801,2024-02-06 00:00:00,C094,P046,S002,2,0.15,Credit Card
T02802,2025-03-23 00:00:00,C104,P002,S001,3,0,Mobile Money
T02803,2024-01-02 00:00:00,C169,P028,S005,1,0,Bank Transfer
T02804,2024-02-17 00:00:00,C135,P044,S005,5,0.15,Credit Card
T02805,2025-01-23 00:00:00,C073,P034,S003,2,0.15,Credit Card
T02806,2024-06-28 00:00:00,C075,P021,S004,4,0.15,Mobile Money
T02807,2024-06-19 00:00:00,C022,P020,S004,1,0.15,Cash
T02808,2024-01-29 00:00:00,C083,P026,S005,4,0.15,Bank Transfer
T02809,2025-08-05 00:00:00,C128,P026,S003,1,0,Credit Card
T02810,2025-06-10 00:00:00,C023,P037,S003,5,0.05,Bank Transfer
T02811,2025-02-18 00:00:00,C190,P026,S001,5,0,Cash
T02812,2024-06-26 00:00:00,C078,P042,S004,2,0.1,Cash
T02813,2025-02-08 00:00:00,C176,P020,S004,5,0.05,Bank Transfer
T02814,2024-08-18 00:00:00,C175,P018,S001,2,0,Mobile Money
T02815,2024-12-26 00:00:00,C048,P041,S002,3,0,Credit Card
T02816,2024-10-20 00:00:00,C127,P001,S002,5,0,Cash
T02817,2024-12-21 00:00:00,C098,P043,S002,1,0.1,Cash
T02818,2024-05-10 00:00:00,C062,P002,S003,2,0.15,Credit Card
T02819,2024-11-20 00:00:00,C096,P023,S004,1,0.05,Credit Card
T02820,2025-04-14 00:00:00,C154,P043,S002,5,0.1,Mobile Money
T02821,2025-02-08 00:00:00,C175,P025,S005,3,0.05,Bank Transfer
T02822,2024-01-03 00:00:00,C105,P007,S001,4,0.15,Mobile Money
T02823,2024-05-11 00:00:00,C072,P020,S002,4,0.1,Cash
T02824,2025-05-01 00:00:00,C161,P022,S004,1,0.15,Credit Card
T02825,2024-01-28 00:00:00,C170,P006,S002,1,0,Cash
T02826,2025-05-15 00:00:00,C041,P014,S004,1,0.05,Bank Transfer
T02827,2023-11-19 00:00:00,C043,P017,S003,4,0.1,Bank Transfer
T02828,2025-07-18 00:00:00,C073,P021,S005,3,0,Cash
T02829,2024-09-16 00:00:00,C102,P038,S002,1,0.15,Credit Card
T02830,2025-05-07 00:00:00,C033,P014,S005,1,0.15,Mobile Money
T02831,2025-06-07 00:00:00,C028,P033,S001,2,0,Mobile Money
T02832,2024-08-29 00:00:00,C048,P003,S001,1,0.05,Mobile Money
T02833,2024-10-02 00:00:00,C158,P006,S003,4,0.05,Mobile Money
T02834,2024-08-18 00:00:00,C153,P022,S001,5,0.05,Credit Card
T02835,2023-11-10 00:00:00,C186,P044,S003,1,0,Credit Card
T02836,2024-03-08 00:00:00,C088,P034,S003,2,0.1,Mobile Money
T02837,2025-02-26 00:00:00,C052,P031,S001,4,0.15,Credit Card
T02838,2025-02-22 00:00:00,C075,P048,S005,1,0.05,Credit Card
T02839,2023-12-21 00:00:00,C161,P026,S002,3,0.15,Cash
T02840,2025-01-29 00:00:00,C113,P038,S001,2,0.1,Credit Card
T02841,2025-08-20 00:00:00,C037,P027,S005,3,0,Cash
T02842,2025-03-12 00:00:00,C176,P017,S001,4,0,Credit Card
T02843,2024-09-10 00:00:00,C186,P002,S003,3,0,Credit Card
T02844,2024-03-07 00:00:00,C027,P011,S002,1,0.15,Cash
T02845,2024-06-20 00:00:00,C145,P007,S001,4,0,Credit Card
T02846,2024-07-15 00:00:00,C196,P028,S001,5,0,Cash
T02847,2024-08-24 00:00:00,C167,P006,S004,5,0.15,Bank Transfer
T02848,2025-04-01 00:00:00,C176,P032,S005,4,0.15,Credit Card
T02849,2025-05-30 00:00:00,C175,P017,S004,5,0.1,Bank Transfer
T02850,2024-10-08 00:00:00,C163,P010,S004,4,0.05,Mobile Money
T02851,2024-09-07 00:00:00,C138,P008,S003,2,0.05,Bank Transfer
T02852,2023-10-15 00:00:00,C164,P014,S002,4,0.1,Credit Card
T02853,2024-01-18 00:00:00,C095,P030,S001,4,0.1,Credit Card
T02854,2025-01-30 00:00:00,C011,P022,S004,4,0.05,Mobile Money
T02855,2024-07-01 00:00:00,C033,P025,S003,2,0.15,Mobile Money
T02856,2024-08-06 00:00:00,C107,P011,S004,4,0.15,Mobile Money
T02857,2024-11-01 00:00:00,C119,P049,S003,3,0.1,Mobile Money
T02858,2024-01-01 00:00:00,C035,P039,S005,2,0.05,Credit Card
T02859,2025-06-25 00:00:00,C183,P021,S002,5,0.05,Bank Transfer
T02860,2025-07-07 00:00:00,C119,P004,S005,4,0.1,Bank Transfer
T02861,2024-06-22 00:00:00,C055,P036,S004,2,0.15,Cash
T02862,2024-08-28 00:00:00,C139,P021,S004,3,0.15,Cash
T02863,2025-06-02 00:00:00,C052,P012,S002,3,0.05,Mobile Money
T02864,2025-01-17 00:00:00,C133,P031,S004,2,0.15,Cash
T02865,2025-02-26 00:00:00,C178,P046,S002,4,0.05,Bank Transfer
T02866,2023-11-14 00:00:00,C191,P012,S005,2,0.15,Credit Card
T02867,2023-12-25 00:00:00,C039,P010,S004,3,0.15,Credit Card
T02868,2024-05-03 00:00:00,C190,P021,S002,4,0.1,Cash
T02869,2024-06-02 00:00:00,C174,P004,S001,1,0,Cash
T02870,2024-03-31 00:00:00,C003,P005,S001,3,0,Bank Transfer
T02871,2024-02-07 00:00:00,C092,P012,S002,2,0.05,Bank Transfer
T02872,2024-06-06 00:00:00,C017,P044,S003,5,0.1,Mobile Money
T02873,2024-03-11 00:00:00,C122,P029,S003,2,0.1,Bank Transfer
T02874,2023-12-19 00:00:00,C026,P024,S005,2,0.05,Credit Card
T02875,2024-10-24 00:00:00,C107,P043,S001,5,0.15,Credit Card
T02876,2024-12-27 00:00:00,C144,P041,S005,4,0.1,Credit Card
T02877,2024-10-05 00:00:00,C030,P023,S002,4,0,Cash
T02878,2025-06-13 00:00:00,C035,P018,S004,4,0.15,Mobile Money
T02879,2025-08-23 00:00:00,C044,P031,S001,5,0.1,Mobile Money
T02880,2025-07-28 00:00:00,C150,P002,S005,2,0.15,Cash
T02881,2024-11-30 00:00:00,C126,P033,S005,3,0.1,Cash
T02882,2024-06-22 00:00:00,C095,P046,S001,2,0.05,Bank Transfer
T02883,2025-05-17 00:00:00,C174,P048,S004,2,0,Credit Card
T02884,2024-04-06 00:00:00,C163,P030,S003,3,0,Bank Transfer
T02885,2023-12-28 00:00:00,C155,P025,S004,1,0.15,Credit Card
T02886,2023-09-14 00:00:00,C094,P004,S003,2,0.1,Cash
T02887,2024-04-14 00:00:00,C126,P047,S003,2,0,Credit Card
T02888,2025-04-01 00:00:00,C180,P038,S003,3,0.15,Mobile Money
T02889,2025-01-30 00:00:00,C087,P016,S001,3,0.15,Cash
T02890,2024-11-07 00:00:00,C086,P039,S005,1,0.05,Cash
T02891,2024-06-11 00:00:00,C189,P015,S005,1,0.1,Mobile Money
T02892,2025-04-28 00:00:00,C052,P010,S004,4,0.15,Cash
T02893,2025-05-15 00:00:00,C178,P002,S003,4,0.1,Bank Transfer
T02894,2024-01-15 00:00:00,C132,P011,S004,4,0.1,Credit Card
T02895,2024-01-30 00:00:00,C089,P021,S003,5,0.05,Mobile Money
T02896,2024-12-18 00:00:00,C073,P019,S003,1,0.15,Cash
T02897,2024-04-05 00:00:00,C171,P014,S003,5,0,Cash
T02898,2024-10-13 00:00:00,C033,P008,S001,2,0,Credit Card
T02899,2024-05-18 00:00:00,C096,P033,S001,2,0.05,Cash
T02900,2023-12-02 00:00:00,C020,P025,S001,1,0.1,Cash
T02901,2025-07-02 00:00:00,C040,P021,S005,4,0.1,Cash
T02902,2025-05-15 00:00:00,C157,P049,S001,1,0.05,Credit Card
T02903,2025-03-02 00:00:00,C191,P038,S001,2,0,Cash
T02904,2024-04-01 00:00:00,C001,P025,S004,2,0.05,Cash
T02905,2024-11-17 00:00:00,C184,P035,S001,4,0.1,Credit Card
T02906,2025-02-09 00:00:00,C122,P022,S002,4,0.05,Mobile Money
T02907,2024-09-20 00:00:00,C074,P008,S005,1,0.15,Credit Card
T02908,2024-04-10 00:00:00,C130,P037,S001,1,0.05,Credit Card
T02909,2025-03-14 00:00:00,C068,P009,S002,5,0.05,Cash
T02910,2025-08-07 00:00:00,C180,P008,S001,2,0.05,Bank Transfer
T02911,2024-06-23 00:00:00,C194,P028,S002,2,0.15,Bank Transfer
T02912,2024-07-05 00:00:00,C154,P028,S004,5,0.1,Credit Card
T02913,2025-09-09 00:00:00,C110,P049,S003,3,0.05,Cash
T02914,2024-03-21 00:00:00,C168,P004,S003,3,0.05,Cash
T02915,2024-06-27 00:00:00,C016,P002,S001,4,0.1,Cash
T02916,2023-12-07 00:00:00,C159,P002,S004,1,0.15,Cash
T02917,2024-10-07 00:00:00,C191,P035,S001,3,0.1,Cash
T02918,2025-06-18 00:00:00,C146,P023,S003,3,0.15,Bank Transfer
T02919,2024-01-20 00:00:00,C191,P037,S004,3,0.15,Bank Transfer
T02920,2025-02-20 00:00:00,C196,P042,S004,3,0.05,Credit Card
T02921,2025-06-22 00:00:00,C151,P018,S002,1,0.1,Mobile Money
T02922,2024-09-06 00:00:00,C120,P048,S004,3,0.15,Mobile Money
T02923,2025-01-09 00:00:00,C119,P023,S004,2,0.05,Mobile Money
T02924,2025-01-14 00:00:00,C108,P034,S001,2,0.1,Mobile Money
T02925,2025-03-05 00:00:00,C162,P041,S002,4,0.1,Cash
T02926,2024-08-16 00:00:00,C112,P014,S002,2,0.05,Credit Card
T02927,2024-03-18 00:00:00,C025,P014,S001,4,0.15,Credit Card
T02928,2024-05-26 00:00:00,C070,P020,S003,2,0,Mobile Money
T02929,2023-12-13 00:00:00,C101,P008,S002,3,0.1,Credit Card
T02930,2023-12-19 00:00:00,C049,P001,S004,5,0.15,Mobile Money
T02931,2023-10-09 00:00:00,C112,P007,S002,4,0,Bank Transfer
T02932,2024-05-05 00:00:00,C028,P008,S001,3,0.15,Bank Transfer
T02933,2024-05-06 00:00:00,C037,P030,S002,5,0.15,Credit Card
T02934,2024-07-15 00:00:00,C107,P013,S004,1,0.1,Credit Card
T02935,2024-10-14 00:00:00,C087,P031,S003,5,0.15,Cash
T02936,2024-04-24 00:00:00,C154,P023,S002,5,0.1,Bank Transfer
T02937,2024-04-19 00:00:00,C186,P026,S003,2,0.1,Mobile Money
T02938,2024-06-20 00:00:00,C017,P028,S001,4,0.1,Mobile Money
T02939,2023-12-22 00:00:00,C064,P038,S002,3,0.05,Bank Transfer
T02940,2024-02-21 00:00:00,C163,P044,S004,3,0.1,Bank Transfer
T02941,2025-08-01 00:00:00,C179,P009,S002,2,0.1,Credit Card
T02942,2023-10-24 00:00:00,C182,P026,S005,5,0.05,Credit Card
T02943,2024-01-10 00:00:00,C126,P016,S005,4,0,Bank Transfer
T02944,2024-06-25 00:00:00,C131,P029,S001,4,0.05,Bank Transfer
T02945,2025-01-23 00:00:00,C021,P031,S005,4,0.15,Bank Transfer
T02946,2023-12-23 00:00:00,C018,P043,S004,4,0.05,Bank Transfer
T02947,2023-10-12 00:00:00,C183,P019,S002,3,0,Mobile Money
T02948,2024-03-23 00:00:00,C064,P001,S002,1,0.1,Bank Transfer
T02949,2023-12-28 00:00:00,C159,P016,S004,5,0.05,Bank Transfer
T02950,2024-08-04 00:00:00,C082,P045,S004,3,0.05,Credit Card
T02951,2024-01-20 00:00:00,C153,P038,S005,1,0.1,Cash
T02952,2025-04-21 00:00:00,C189,P033,S002,5,0.1,Credit Card
T02953,2025-03-18 00:00:00,C097,P017,S004,1,0.1,Bank Transfer
T02954,2024-04-02 00:00:00,C053,P021,S002,3,0,Cash
T02955,2024-01-10 00:00:00,C167,P013,S004,1,0.1,Mobile Money
T02956,2024-12-21 00:00:00,C199,P035,S002,4,0.15,Credit Card
T02957,2024-07-28 00:00:00,C153,P019,S004,3,0,Bank Transfer
T02958,2024-12-05 00:00:00,C117,P027,S003,2,0.15,Bank Transfer
T02959,2025-07-23 00:00:00,C042,P034,S005,2,0.1,Cash
T02960,2024-09-22 00:00:00,C032,P037,S001,3,0.15,Bank Transfer
T02961,2024-12-03 00:00:00,C037,P036,S003,4,0,Mobile Money
T02962,2024-09-10 00:00:00,C166,P038,S003,4,0.05,Bank Transfer
T02963,2025-05-19 00:00:00,C157,P027,S001,3,0.1,Cash
T02964,2024-04-15 00:00:00,C131,P018,S001,2,0.15,Cash
T02965,2024-12-10 00:00:00,C018,P045,S002,2,0,Credit Card
T02966,2025-08-07 00:00:00,C183,P013,S002,1,0.1,Bank Transfer
T02967,2024-09-24 00:00:00,C087,P035,S001,4,0.1,Cash
T02968,2023-12-04 00:00:00,C127,P029,S004,5,0,Mobile Money
T02969,2024-09-08 00:00:00,C165,P034,S004,2,0,Credit Card
T02970,2023-10-07 00:00:00,C115,P031,S002,1,0.1,Credit Card
T02971,2025-04-03 00:00:00,C062,P047,S001,5,0,Cash
T02972,2024-11-25 00:00:00,C165,P009,S002,4,0,Cash
T02973,2024-02-23 00:00:00,C057,P017,S002,2,0.05,Bank Transfer
T02974,2023-10-15 00:00:00,C083,P001,S004,4,0,Bank Transfer
T02975,2024-08-21 00:00:00,C127,P011,S001,4,0,Cash
T02976,2025-04-11 00:00:00,C052,P002,S005,1,0.05,Credit Card
T02977,2024-08-01 00:00:00,C150,P012,S004,1,0.1,Cash
T02978,2025-05-05 00:00:00,C149,P024,S003,5,0.05,Mobile Money
T02979,2024-06-11 00:00:00,C055,P007,S002,5,0,Bank Transfer
T02980,2023-10-13 00:00:00,C069,P033,S005,3,0.15,Credit Card
T02981,2024-08-11 00:00:00,C052,P041,S005,3,0.1,Credit Card
T02982,2024-02-01 00:00:00,C084,P050,S003,4,0,Bank Transfer
T02983,2025-07-01 00:00:00,C116,P032,S001,4,0.15,Credit Card
T02984,2024-06-03 00:00:00,C048,P014,S001,1,0.15,Cash
T02985,2025-09-03 00:00:00,C191,P023,S002,2,0.1,Credit Card
T02986,2025-05-20 00:00:00,C152,P043,S003,3,0.15,Cash
T02987,2024-11-16 00:00:00,C166,P035,S002,5,0.1,Credit Card
T02988,2025-05-04 00:00:00,C131,P039,S001,3,0,Credit Card
T02989,2025-09-07 00:00:00,C047,P022,S003,2,0.15,Mobile Money
T02990,2025-05-31 00:00:00,C185,P037,S003,4,0.15,Credit Card
T02991,2025-04-22 00:00:00,C126,P040,S004,5,0.1,Credit Card
T02992,2025-02-18 00:00:00,C020,P016,S005,1,0,Cash
T02993,2024-10-04 00:00:00,C159,P047,S001,1,0.1,Cash
T02994,2024-12-17 00:00:00,C078,P030,S004,4,0.05,Cash
T02995,2025-02-25 00:00:00,C014,P035,S003,2,0.05,Mobile Money
T02996,2025-05-28 00:00:00,C190,P016,S003,1,0.1,Mobile Money
T02997,2024-06-13 00:00:00,C168,P033,S001,3,0,Cash
T02998,2025-06-16 00:00:00,C078,P005,S002,3,0.15,Credit Card
T02999,2024-08-24 00:00:00,C031,P030,S001,4,0.05,Cash
T03000,2025-01-22 00:00:00,C029,P022,S001,2,0.15,Bank Transfer
T03001,2024-06-12 00:00:00,C070,P027,S001,5,0.15,Cash
T03002,2025-01-14 00:00:00,C188,P025,S002,2,0,Mobile Money
T03003,2023-12-31 00:00:00,C174,P009,S004,1,0,Mobile Money
T03004,2024-01-15 00:00:00,C111,P023,S004,4,0.05,Cash
T03005,2024-01-27 00:00:00,C148,P014,S001,1,0.1,Bank Transfer
T03006,2023-12-13 00:00:00,C185,P049,S004,2,0.1,Cash
T03007,2025-06-29 00:00:00,C172,P016,S003,2,0.05,Mobile Money
T03008,2024-12-31 00:00:00,C001,P030,S001,5,0.15,Mobile Money
T03009,2025-05-19 00:00:00,C060,P027,S001,3,0.1,Cash
T03010,2023-11-17 00:00:00,C154,P007,S003,4,0.15,Credit Card
T03011,2024-02-29 00:00:00,C096,P014,S003,5,0.05,Bank Transfer
T03012,2025-06-26 00:00:00,C189,P023,S003,4,0.05,Mobile Money
T03013,2023-10-03 00:00:00,C096,P029,S004,3,0.1,Credit Card
T03014,2024-03-07 00:00:00,C173,P012,S004,5,0.15,Bank Transfer
T03015,2023-11-18 00:00:00,C111,P031,S001,5,0.1,Credit Card
T03016,2024-01-08 00:00:00,C086,P017,S003,4,0.15,Credit Card
T03017,2024-06-23 00:00:00,C011,P009,S003,5,0.05,Bank Transfer
T03018,2024-03-23 00:00:00,C139,P029,S002,5,0.05,Credit Card
T03019,2023-11-04 00:00:00,C178,P050,S004,1,0.15,Cash
T03020,2024-10-09 00:00:00,C129,P020,S005,1,0,Cash
T03021,2024-02-16 00:00:00,C066,P038,S005,2,0.05,Bank Transfer
T03022,2025-01-30 00:00:00,C126,P015,S001,3,0.1,Mobile Money
T03023,2025-07-29 00:00:00,C134,P029,S004,2,0.1,Mobile Money
T03024,2024-07-11 00:00:00,C177,P037,S001,2,0.15,Credit Card
T03025,2024-11-08 00:00:00,C178,P044,S002,1,0,Mobile Money
T03026,2024-10-15 00:00:00,C037,P020,S001,3,0.05,Mobile Money
T03027,2024-06-25 00:00:00,C078,P025,S002,5,0,Credit Card
T03028,2024-05-24 00:00:00,C007,P049,S001,1,0.1,Cash
T03029,2024-01-08 00:00:00,C054,P011,S002,1,0,Bank Transfer
T03030,2023-11-29 00:00:00,C116,P048,S001,4,0.1,Mobile Money
T03031,2024-04-02 00:00:00,C003,P024,S005,3,0.1,Mobile Money
T03032,2024-06-12 00:00:00,C096,P018,S002,3,0.15,Mobile Money
T03033,2025-07-03 00:00:00,C163,P040,S005,5,0,Mobile Money
T03034,2023-10-12 00:00:00,C009,P023,S004,3,0.1,Cash
T03035,2025-01-15 00:00:00,C066,P029,S004,4,0,Mobile Money
T03036,2025-08-01 00:00:00,C177,P012,S005,5,0.1,Mobile Money
T03037,2023-11-15 00:00:00,C007,P045,S004,1,0.15,Cash
T03038,2025-07-27 00:00:00,C122,P006,S003,5,0,Cash
T03039,2024-09-19 00:00:00,C063,P007,S001,4,0.15,Bank Transfer
T03040,2025-07-08 00:00:00,C062,P038,S005,4,0,Bank Transfer
T03041,2024-10-30 00:00:00,C080,P015,S005,4,0.05,Mobile Money
T03042,2024-10-09 00:00:00,C025,P038,S001,2,0,Mobile Money
T03043,2024-07-24 00:00:00,C018,P021,S005,2,0.15,Bank Transfer
T03044,2024-05-24 00:00:00,C179,P003,S005,4,0,Bank Transfer
T03045,2025-07-11 00:00:00,C150,P040,S001,5,0.15,Credit Card
T03046,2024-09-16 00:00:00,C116,P046,S003,2,0,Bank Transfer
T03047,2025-01-15 00:00:00,C154,P013,S003,4,0,Credit Card
T03048,2023-10-17 00:00:00,C020,P002,S002,4,0.15,Credit Card
T03049,2025-06-18 00:00:00,C002,P006,S004,2,0.15,Cash
T03050,2024-01-26 00:00:00,C078,P025,S002,2,0.1,Mobile Money
T03051,2023-10-22 00:00:00,C059,P022,S004,1,0,Credit Card
T03052,2023-11-04 00:00:00,C036,P019,S002,5,0,Mobile Money
T03053,2024-07-29 00:00:00,C128,P020,S003,4,0,Bank Transfer
T03054,2024-10-03 00:00:00,C163,P027,S005,1,0.15,Mobile Money
T03055,2025-04-25 00:00:00,C009,P037,S003,4,0.15,Cash
T03056,2024-07-11 00:00:00,C017,P034,S001,3,0.1,Mobile Money
T03057,2023-09-19 00:00:00,C103,P021,S005,2,0.05,Cash
T03058,2023-12-16 00:00:00,C007,P036,S002,1,0.05,Credit Card
T03059,2024-03-21 00:00:00,C115,P019,S005,3,0.1,Mobile Money
T03060,2024-08-11 00:00:00,C018,P031,S002,5,0.15,Cash
T03061,2024-01-01 00:00:00,C144,P038,S001,2,0.05,Credit Card
T03062,2025-07-19 00:00:00,C077,P049,S002,4,0,Bank Transfer
T03063,2023-10-20 00:00:00,C016,P002,S005,1,0,Bank Transfer
T03064,2024-04-18 00:00:00,C150,P039,S005,1,0.1,Credit Card
T03065,2024-05-03 00:00:00,C082,P021,S002,4,0.05,Credit Card
T03066,2024-12-08 00:00:00,C170,P021,S004,4,0.15,Credit Card
T03067,2025-03-22 00:00:00,C026,P018,S002,4,0,Credit Card
T03068,2025-04-28 00:00:00,C171,P002,S002,5,0.05,Cash
T03069,2024-09-20 00:00:00,C123,P016,S005,1,0.05,Credit Card
T03070,2024-11-17 00:00:00,C161,P039,S004,3,0.05,Bank Transfer
T03071,2023-09-14 00:00:00,C105,P013,S001,4,0,Bank Transfer
T03072,2024-09-29 00:00:00,C200,P018,S004,1,0.05,Bank Transfer
T03073,2025-02-14 00:00:00,C101,P050,S004,5,0.05,Credit Card
T03074,2025-06-30 00:00:00,C123,P005,S005,5,0.15,Credit Card
T03075,2023-12-31 00:00:00,C062,P040,S005,5,0.1,Mobile Money
T03076,2024-10-22 00:00:00,C198,P036,S001,4,0,Mobile Money
T03077,2024-10-17 00:00:00,C017,P017,S005,1,0.05,Cash
T03078,2024-02-28 00:00:00,C095,P029,S003,4,0.1,Mobile Money
T03079,2025-04-21 00:00:00,C167,P041,S003,3,0.1,Bank Transfer
T03080,2025-04-16 00:00:00,C121,P035,S005,4,0.15,Credit Card
T03081,2024-02-04 00:00:00,C121,P020,S003,1,0.15,Bank Transfer
T03082,2025-05-09 00:00:00,C137,P045,S005,5,0,Bank Transfer
T03083,2024-02-16 00:00:00,C162,P042,S003,3,0.1,Credit Card
T03084,2023-11-27 00:00:00,C081,P031,S003,2,0.05,Bank Transfer
T03085,2023-11-05 00:00:00,C079,P037,S002,3,0.15,Bank Transfer
T03086,2023-11-19 00:00:00,C068,P007,S005,4,0.05,Credit Card
T03087,2024-09-13 00:00:00,C198,P043,S003,2,0.1,Bank Transfer
T03088,2024-11-22 00:00:00,C053,P039,S004,5,0.05,Cash
T03089,2023-12-07 00:00:00,C186,P026,S003,2,0.05,Bank Transfer
T03090,2024-06-23 00:00:00,C047,P018,S004,3,0.05,Mobile Money
T03091,2024-10-19 00:00:00,C124,P019,S003,5,0.15,Bank Transfer
T03092,2024-05-28 00:00:00,C038,P048,S003,5,0,Bank Transfer
T03093,2024-04-12 00:00:00,C032,P015,S004,5,0.15,Cash
T03094,2023-11-07 00:00:00,C018,P009,S002,3,0.15,Mobile Money
T03095,2025-04-27 00:00:00,C141,P001,S005,3,0.15,Credit Card
T03096,2025-06-05 00:00:00,C069,P023,S001,4,0.15,Cash
T03097,2025-02-15 00:00:00,C122,P050,S004,4,0.1,Cash
T03098,2025-09-08 00:00:00,C036,P040,S002,1,0.1,Cash
T03099,2025-03-09 00:00:00,C011,P014,S001,3,0,Bank Transfer
T03100,2024-04-02 00:00:00,C033,P035,S001,4,0.05,Cash
T03101,2025-06-07 00:00:00,C170,P001,S005,1,0,Cash
T03102,2024-01-27 00:00:00,C087,P022,S005,3,0.1,Mobile Money
T03103,2024-09-25 00:00:00,C062,P041,S002,2,0.1,Bank Transfer
T03104,2024-03-19 00:00:00,C061,P007,S002,1,0.1,Credit Card
T03105,2025-07-04 00:00:00,C044,P017,S004,2,0,Credit Card
T03106,2024-02-18 00:00:00,C024,P002,S005,5,0.1,Mobile Money
T03107,2025-01-09 00:00:00,C032,P014,S001,2,0.15,Credit Card
T03108,2025-01-27 00:00:00,C062,P005,S004,5,0.05,Credit Card
T03109,2023-09-24 00:00:00,C057,P012,S003,1,0,Credit Card
T03110,2024-06-08 00:00:00,C172,P033,S003,4,0.15,Mobile Money
T03111,2025-07-10 00:00:00,C055,P044,S002,1,0,Mobile Money
T03112,2024-05-07 00:00:00,C183,P034,S004,4,0.05,Mobile Money
T03113,2024-11-23 00:00:00,C158,P002,S004,1,0.1,Credit Card
T03114,2025-07-06 00:00:00,C173,P028,S004,4,0.1,Bank Transfer
T03115,2025-03-18 00:00:00,C006,P025,S004,5,0.15,Mobile Money
T03116,2024-07-18 00:00:00,C156,P038,S002,3,0.05,Cash
T03117,2024-10-24 00:00:00,C154,P034,S004,2,0.15,Credit Card
T03118,2024-05-09 00:00:00,C056,P029,S003,3,0.15,Bank Transfer
T03119,2024-07-15 00:00:00,C064,P034,S003,2,0.15,Mobile Money
T03120,2024-01-29 00:00:00,C007,P003,S005,2,0,Mobile Money
T03121,2025-02-23 00:00:00,C183,P026,S001,4,0.1,Bank Transfer
T03122,2023-12-18 00:00:00,C098,P048,S001,4,0.15,Mobile Money
T03123,2024-03-11 00:00:00,C109,P004,S001,4,0.1,Bank Transfer
T03124,2024-03-23 00:00:00,C059,P033,S003,3,0.1,Mobile Money
T03125,2024-06-13 00:00:00,C041,P031,S002,2,0.05,Cash
T03126,2023-09-26 00:00:00,C098,P011,S003,1,0.05,Cash
T03127,2024-08-10 00:00:00,C182,P048,S002,1,0,Bank Transfer
T03128,2025-01-04 00:00:00,C021,P011,S005,3,0.15,Credit Card
T03129,2024-10-23 00:00:00,C076,P029,S002,4,0.1,Credit Card
T03130,2024-09-27 00:00:00,C059,P032,S004,3,0.05,Cash
T03131,2024-09-16 00:00:00,C060,P046,S001,5,0,Credit Card
T03132,2023-11-30 00:00:00,C074,P019,S005,4,0.15,Credit Card
T03133,2023-12-05 00:00:00,C061,P009,S001,2,0,Cash
T03134,2024-03-22 00:00:00,C198,P036,S001,3,0.05,Cash
T03135,2025-06-19 00:00:00,C200,P020,S004,5,0.1,Credit Card
T03136,2023-12-03 00:00:00,C040,P014,S005,2,0.05,Cash
T03137,2024-09-15 00:00:00,C084,P021,S002,3,0,Cash
T03138,2023-10-29 00:00:00,C101,P049,S002,2,0,Mobile Money
T03139,2024-12-12 00:00:00,C040,P041,S002,2,0.1,Bank Transfer
T03140,2025-01-07 00:00:00,C119,P008,S002,4,0.05,Cash
T03141,2023-11-12 00:00:00,C183,P020,S002,2,0,Cash
T03142,2024-11-14 00:00:00,C097,P010,S002,1,0.1,Mobile Money
T03143,2024-05-25 00:00:00,C136,P033,S004,4,0.15,Mobile Money
T03144,2024-11-15 00:00:00,C166,P045,S005,3,0.15,Bank Transfer
T03145,2025-04-17 00:00:00,C135,P012,S004,2,0.15,Credit Card
T03146,2023-11-17 00:00:00,C010,P033,S002,1,0.1,Bank Transfer
T03147,2024-05-02 00:00:00,C030,P038,S005,4,0.15,Mobile Money
T03148,2024-11-17 00:00:00,C077,P034,S003,1,0.1,Mobile Money
T03149,2024-02-09 00:00:00,C051,P024,S001,2,0.15,Credit Card
T03150,2025-01-11 00:00:00,C116,P009,S005,2,0.1,Mobile Money
T03151,2024-01-10 00:00:00,C063,P007,S002,1,0.05,Mobile Money
T03152,2024-01-06 00:00:00,C065,P015,S004,4,0.15,Mobile Money
T03153,2025-04-19 00:00:00,C096,P048,S002,4,0.05,Mobile Money
T03154,2023-11-18 00:00:00,C014,P033,S002,2,0,Bank Transfer
T03155,2025-01-25 00:00:00,C096,P027,S001,3,0.15,Mobile Money
T03156,2024-04-03 00:00:00,C168,P023,S004,1,0.1,Bank Transfer
T03157,2025-01-26 00:00:00,C132,P028,S005,4,0,Mobile Money
T03158,2024-01-13 00:00:00,C018,P023,S003,3,0.05,Bank Transfer
T03159,2023-12-05 00:00:00,C130,P010,S002,1,0,Credit Card
T03160,2025-01-14 00:00:00,C191,P034,S005,3,0,Cash
T03161,2024-01-20 00:00:00,C131,P023,S002,5,0.1,Cash
T03162,2024-08-23 00:00:00,C115,P030,S004,3,0.15,Bank Transfer
T03163,2024-12-23 00:00:00,C160,P004,S003,3,0.1,Cash
T03164,2025-03-06 00:00:00,C133,P002,S005,1,0.15,Mobile Money
T03165,2024-07-26 00:00:00,C111,P043,S005,1,0,Credit Card
T03166,2025-04-06 00:00:00,C097,P017,S003,4,0.1,Credit Card
T03167,2024-04-15 00:00:00,C037,P026,S002,1,0.15,Bank Transfer
T03168,2023-10-16 00:00:00,C101,P019,S002,1,0,Bank Transfer
T03169,2025-07-25 00:00:00,C004,P010,S002,2,0.15,Credit Card
T03170,2024-10-03 00:00:00,C107,P001,S002,4,0.1,Credit Card
T03171,2025-06-28 00:00:00,C001,P001,S001,2,0,Bank Transfer
T03172,2024-03-20 00:00:00,C187,P040,S004,1,0.05,Mobile Money
T03173,2025-06-01 00:00:00,C043,P019,S004,1,0,Mobile Money
T03174,2025-03-26 00:00:00,C088,P032,S005,3,0.15,Bank Transfer
T03175,2025-01-08 00:00:00,C148,P017,S005,5,0.1,Bank Transfer
T03176,2024-09-20 00:00:00,C135,P023,S002,5,0.1,Credit Card
T03177,2025-05-16 00:00:00,C058,P048,S001,4,0.15,Bank Transfer
T03178,2024-12-19 00:00:00,C085,P041,S005,3,0.15,Mobile Money
T03179,2024-11-24 00:00:00,C014,P038,S005,3,0.1,Cash
T03180,2024-08-18 00:00:00,C038,P020,S005,2,0.05,Credit Card
T03181,2024-09-12 00:00:00,C119,P022,S002,1,0.1,Mobile Money
T03182,2024-01-23 00:00:00,C191,P027,S004,4,0.1,Bank Transfer
T03183,2023-12-26 00:00:00,C021,P027,S002,2,0.15,Cash
T03184,2024-07-06 00:00:00,C199,P032,S003,1,0.15,Mobile Money
T03185,2024-01-15 00:00:00,C111,P043,S002,4,0.15,Cash
T03186,2024-04-01 00:00:00,C086,P031,S003,1,0.1,Credit Card
T03187,2025-06-22 00:00:00,C125,P042,S004,4,0.05,Mobile Money
T03188,2024-04-22 00:00:00,C111,P026,S002,3,0.05,Credit Card
T03189,2025-01-21 00:00:00,C087,P009,S002,5,0.1,Mobile Money
T03190,2025-02-27 00:00:00,C022,P037,S001,1,0,Cash
T03191,2025-04-29 00:00:00,C039,P046,S005,4,0.15,Cash
T03192,2025-01-25 00:00:00,C179,P009,S002,1,0,Mobile Money
T03193,2025-06-25 00:00:00,C046,P012,S001,2,0.1,Bank Transfer
T03194,2025-06-30 00:00:00,C174,P004,S003,5,0,Cash
T03195,2025-03-15 00:00:00,C043,P048,S003,3,0,Cash
T03196,2024-05-18 00:00:00,C150,P024,S001,1,0,Credit Card
T03197,2025-08-28 00:00:00,C044,P036,S004,4,0,Bank Transfer
T03198,2024-06-22 00:00:00,C152,P036,S003,5,0,Bank Transfer
T03199,2024-09-17 00:00:00,C036,P028,S001,4,0.1,Credit Card
T03200,2023-11-05 00:00:00,C165,P008,S005,1,0.15,Credit Card
T03201,2025-04-08 00:00:00,C177,P035,S003,1,0.15,Bank Transfer
T03202,2024-06-12 00:00:00,C171,P022,S002,4,0.15,Bank Transfer
T03203,2023-11-14 00:00:00,C131,P046,S003,3,0.15,Mobile Money
T03204,2025-04-22 00:00:00,C061,P015,S003,3,0.05,Credit Card
T03205,2023-10-07 00:00:00,C119,P003,S002,2,0,Cash
T03206,2025-01-18 00:00:00,C016,P013,S005,1,0.05,Cash
T03207,2024-08-07 00:00:00,C115,P021,S002,2,0,Bank Transfer
T03208,2024-03-12 00:00:00,C198,P034,S003,3,0.05,Mobile Money
T03209,2025-02-23 00:00:00,C112,P016,S004,1,0.1,Credit Card
T03210,2024-07-01 00:00:00,C122,P009,S001,3,0.05,Mobile Money
T03211,2024-07-21 00:00:00,C050,P034,S003,1,0,Cash
T03212,2025-04-05 00:00:00,C065,P041,S004,2,0.15,Mobile Money
T03213,2024-07-03 00:00:00,C169,P015,S004,3,0.15,Credit Card
T03214,2025-04-12 00:00:00,C084,P032,S004,3,0.05,Cash
T03215,2024-10-16 00:00:00,C043,P026,S003,4,0,Mobile Money
T03216,2024-02-17 00:00:00,C086,P043,S002,1,0.05,Credit Card
T03217,2024-04-13 00:00:00,C132,P006,S005,4,0.1,Credit Card
T03218,2025-03-27 00:00:00,C185,P003,S002,4,0,Cash
T03219,2024-04-21 00:00:00,C162,P019,S003,3,0.1,Bank Transfer
T03220,2024-11-12 00:00:00,C001,P048,S001,4,0.05,Credit Card
T03221,2025-05-19 00:00:00,C038,P035,S003,5,0.1,Mobile Money
T03222,2024-09-21 00:00:00,C136,P011,S005,5,0.05,Mobile Money
T03223,2025-07-13 00:00:00,C198,P003,S001,4,0.1,Mobile Money
T03224,2025-06-25 00:00:00,C012,P036,S003,3,0,Mobile Money
T03225,2025-08-08 00:00:00,C151,P001,S001,4,0.15,Mobile Money
T03226,2023-09-10 00:00:00,C156,P024,S005,2,0.1,Credit Card
T03227,2024-02-27 00:00:00,C116,P006,S003,3,0,Credit Card
T03228,2023-11-03 00:00:00,C172,P033,S005,3,0.15,Bank Transfer
T03229,2025-01-13 00:00:00,C002,P011,S005,2,0,Credit Card
T03230,2023-11-19 00:00:00,C116,P012,S002,4,0,Mobile Money
T03231,2024-05-17 00:00:00,C013,P025,S001,3,0.15,Cash
T03232,2025-02-05 00:00:00,C129,P015,S003,5,0,Mobile Money
T03233,2025-07-14 00:00:00,C149,P008,S002,5,0.1,Cash
T03234,2023-12-22 00:00:00,C061,P017,S004,5,0.1,Credit Card
T03235,2024-05-08 00:00:00,C140,P009,S002,1,0.15,Cash
T03236,2025-06-25 00:00:00,C085,P048,S002,4,0,Cash
T03237,2024-11-09 00:00:00,C034,P031,S003,2,0.1,Bank Transfer
T03238,2024-01-27 00:00:00,C107,P012,S002,4,0.05,Credit Card
T03239,2025-04-17 00:00:00,C093,P015,S001,3,0.1,Cash
T03240,2024-04-09 00:00:00,C020,P020,S002,1,0,Credit Card
T03241,2023-12-10 00:00:00,C017,P046,S003,2,0,Mobile Money
T03242,2024-07-07 00:00:00,C087,P011,S001,5,0.15,Cash
T03243,2025-02-22 00:00:00,C124,P050,S005,3,0,Bank Transfer
T03244,2025-04-11 00:00:00,C024,P004,S003,2,0.15,Credit Card
T03245,2023-10-19 00:00:00,C140,P033,S003,1,0,Cash
T03246,2024-12-02 00:00:00,C042,P035,S002,3,0.05,Credit Card
T03247,2024-12-29 00:00:00,C123,P030,S003,1,0.1,Mobile Money
T03248,2023-09-10 00:00:00,C194,P038,S004,1,0.15,Credit Card
T03249,2024-03-02 00:00:00,C043,P044,S002,5,0.15,Cash
T03250,2024-05-10 00:00:00,C191,P031,S002,4,0.15,Mobile Money
T03251,2023-11-05 00:00:00,C083,P043,S003,2,0,Cash
T03252,2024-05-16 00:00:00,C116,P032,S002,1,0.1,Cash
T03253,2024-09-10 00:00:00,C171,P038,S003,3,0.15,Cash
T03254,2024-12-06 00:00:00,C081,P011,S004,1,0.05,Cash
T03255,2025-04-13 00:00:00,C153,P037,S005,5,0,Credit Card
T03256,2024-01-12 00:00:00,C122,P035,S004,5,0.1,Cash
T03257,2024-09-26 00:00:00,C160,P009,S001,3,0.05,Bank Transfer
T03258,2024-07-07 00:00:00,C138,P020,S004,3,0,Cash
T03259,2025-07-10 00:00:00,C015,P037,S003,2,0.1,Mobile Money
T03260,2025-03-17 00:00:00,C040,P050,S003,3,0.15,Cash
T03261,2024-03-20 00:00:00,C136,P039,S003,1,0.15,Bank Transfer
T03262,2024-11-12 00:00:00,C190,P022,S003,4,0,Cash
T03263,2025-03-21 00:00:00,C073,P008,S003,2,0,Credit Card
T03264,2024-12-17 00:00:00,C135,P045,S005,5,0,Bank Transfer
T03265,2023-11-04 00:00:00,C030,P005,S001,3,0.1,Bank Transfer
T03266,2024-06-17 00:00:00,C032,P013,S002,5,0.05,Cash
T03267,2024-07-29 00:00:00,C060,P026,S001,3,0.1,Cash
T03268,2024-11-19 00:00:00,C183,P036,S005,5,0.1,Bank Transfer
T03269,2025-07-24 00:00:00,C026,P034,S004,1,0.1,Mobile Money
T03270,2025-02-14 00:00:00,C024,P035,S003,3,0,Credit Card
T03271,2025-09-07 00:00:00,C018,P048,S001,5,0,Cash
T03272,2025-08-15 00:00:00,C123,P019,S001,4,0.1,Mobile Money
T03273,2023-10-27 00:00:00,C139,P048,S001,3,0.05,Credit Card
T03274,2024-08-02 00:00:00,C021,P036,S003,2,0.05,Cash
T03275,2025-04-20 00:00:00,C162,P012,S001,4,0.05,Credit Card
T03276,2024-07-16 00:00:00,C044,P048,S005,2,0.15,Cash
T03277,2023-11-11 00:00:00,C175,P022,S005,3,0.05,Mobile Money
T03278,2023-11-22 00:00:00,C141,P026,S002,1,0.15,Credit Card
T03279,2025-01-07 00:00:00,C157,P040,S004,2,0.1,Bank Transfer
T03280,2024-03-12 00:00:00,C035,P018,S004,5,0.15,Bank Transfer
T03281,2025-03-29 00:00:00,C069,P025,S002,5,0,Mobile Money
T03282,2023-11-05 00:00:00,C066,P033,S005,4,0,Cash
T03283,2025-07-26 00:00:00,C104,P032,S005,2,0.1,Credit Card
T03284,2024-02-06 00:00:00,C148,P017,S002,5,0,Credit Card
T03285,2023-09-11 00:00:00,C034,P007,S001,2,0.05,Cash
T03286,2025-08-19 00:00:00,C188,P031,S001,4,0.05,Credit Card
T03287,2025-02-15 00:00:00,C071,P034,S001,5,0,Credit Card
T03288,2023-10-19 00:00:00,C184,P004,S001,1,0.15,Cash
T03289,2024-03-26 00:00:00,C088,P049,S002,4,0.05,Credit Card
T03290,2025-08-27 00:00:00,C186,P021,S001,3,0.1,Mobile Money
T03291,2023-10-26 00:00:00,C097,P044,S005,3,0.15,Credit Card
T03292,2024-02-04 00:00:00,C163,P042,S002,2,0.15,Bank Transfer
T03293,2025-05-13 00:00:00,C049,P022,S002,4,0.15,Bank Transfer
T03294,2025-03-02 00:00:00,C112,P034,S001,3,0,Mobile Money
T03295,2024-12-03 00:00:00,C119,P004,S002,1,0,Mobile Money
T03296,2025-02-09 00:00:00,C135,P049,S003,2,0.15,Cash
T03297,2024-02-05 00:00:00,C074,P040,S002,3,0.1,Credit Card
T03298,2023-11-03 00:00:00,C110,P045,S001,4,0,Mobile Money
T03299,2025-06-25 00:00:00,C090,P040,S003,2,0.15,Credit Card
T03300,2023-11-21 00:00:00,C177,P036,S003,4,0.15,Bank Transfer
T03301,2025-04-28 00:00:00,C042,P043,S004,2,0.15,Credit Card
T03302,2024-04-25 00:00:00,C005,P033,S002,4,0.15,Credit Card
T03303,2025-06-29 00:00:00,C142,P013,S005,2,0,Bank Transfer
T03304,2025-05-22 00:00:00,C185,P040,S003,5,0.1,Cash
T03305,2023-09-27 00:00:00,C070,P010,S005,3,0.15,Cash
T03306,2025-07-13 00:00:00,C017,P030,S005,1,0.05,Bank Transfer
T03307,2024-06-13 00:00:00,C065,P030,S002,5,0.05,Mobile Money
T03308,2024-11-17 00:00:00,C136,P033,S001,2,0,Bank Transfer
T03309,2025-01-09 00:00:00,C197,P042,S005,4,0.1,Cash
T03310,2025-07-22 00:00:00,C124,P042,S002,2,0,Bank Transfer
T03311,2024-10-03 00:00:00,C185,P038,S004,3,0.1,Credit Card
T03312,2025-05-09 00:00:00,C161,P043,S004,5,0.1,Cash
T03313,2023-11-01 00:00:00,C098,P034,S004,5,0.05,Credit Card
T03314,2024-08-10 00:00:00,C084,P006,S001,3,0.1,Mobile Money
T03315,2025-08-07 00:00:00,C195,P015,S002,5,0.1,Mobile Money
T03316,2023-09-15 00:00:00,C059,P012,S004,5,0,Cash
T03317,2024-06-24 00:00:00,C027,P033,S005,2,0.05,Mobile Money
T03318,2024-02-25 00:00:00,C012,P037,S002,4,0.15,Cash
T03319,2023-10-18 00:00:00,C027,P049,S005,4,0.05,Credit Card
T03320,2024-06-10 00:00:00,C189,P048,S002,2,0.1,Cash
T03321,2023-10-25 00:00:00,C010,P043,S003,1,0.15,Cash
T03322,2025-08-16 00:00:00,C072,P023,S005,4,0.05,Cash
T03323,2024-01-31 00:00:00,C088,P035,S002,5,0,Cash
T03324,2024-09-09 00:00:00,C065,P023,S005,5,0.05,Cash
T03325,2025-07-20 00:00:00,C122,P049,S003,5,0.05,Cash
T03326,2023-11-06 00:00:00,C126,P002,S002,4,0.1,Cash
T03327,2025-04-08 00:00:00,C023,P047,S005,5,0.05,Bank Transfer
T03328,2024-12-05 00:00:00,C001,P010,S004,3,0.1,Mobile Money
T03329,2025-08-23 00:00:00,C143,P022,S002,1,0,Cash
T03330,2024-02-21 00:00:00,C171,P045,S003,2,0.05,Credit Card
T03331,2024-04-09 00:00:00,C060,P037,S001,2,0.05,Credit Card
T03332,2024-01-04 00:00:00,C051,P020,S002,3,0.15,Cash
T03333,2024-10-29 00:00:00,C170,P046,S004,2,0.05,Cash
T03334,2024-07-09 00:00:00,C031,P042,S002,3,0.1,Mobile Money
T03335,2025-04-04 00:00:00,C040,P009,S001,2,0.15,Mobile Money
T03336,2024-03-05 00:00:00,C002,P042,S002,3,0,Credit Card
T03337,2025-08-16 00:00:00,C176,P012,S004,1,0,Credit Card
T03338,2024-06-02 00:00:00,C055,P024,S001,2,0.15,Cash
T03339,2024-12-30 00:00:00,C112,P037,S002,2,0.1,Bank Transfer
T03340,2024-06-25 00:00:00,C116,P025,S002,5,0.05,Mobile Money
T03341,2025-02-27 00:00:00,C109,P043,S002,5,0.15,Bank Transfer
T03342,2024-03-28 00:00:00,C081,P013,S003,5,0.05,Cash
T03343,2025-04-22 00:00:00,C051,P045,S004,3,0.15,Mobile Money
T03344,2024-07-17 00:00:00,C024,P039,S005,1,0.05,Cash
T03345,2023-12-13 00:00:00,C059,P013,S005,1,0.15,Mobile Money
T03346,2024-06-20 00:00:00,C167,P022,S005,2,0,Credit Card
T03347,2024-09-01 00:00:00,C138,P010,S002,2,0.05,Cash
T03348,2024-10-29 00:00:00,C131,P033,S005,5,0,Credit Card
T03349,2025-01-13 00:00:00,C138,P014,S005,1,0.1,Cash
T03350,2024-04-20 00:00:00,C067,P047,S003,3,0.05,Credit Card
T03351,2024-04-14 00:00:00,C012,P045,S004,4,0.05,Credit Card
T03352,2023-10-06 00:00:00,C057,P007,S001,5,0.05,Mobile Money
T03353,2024-04-08 00:00:00,C019,P022,S004,5,0,Bank Transfer
T03354,2024-12-26 00:00:00,C118,P029,S002,3,0.1,Cash
T03355,2024-10-30 00:00:00,C009,P031,S001,1,0,Cash
T03356,2024-10-29 00:00:00,C022,P007,S003,2,0,Cash
T03357,2024-06-05 00:00:00,C177,P050,S002,4,0,Mobile Money
T03358,2024-12-23 00:00:00,C138,P042,S003,1,0,Credit Card
T03359,2025-01-24 00:00:00,C091,P007,S003,4,0,Bank Transfer
T03360,2023-11-14 00:00:00,C193,P030,S003,3,0.05,Cash
T03361,2025-04-11 00:00:00,C140,P002,S002,5,0.15,Bank Transfer
T03362,2025-05-20 00:00:00,C126,P008,S005,1,0.05,Credit Card
T03363,2024-01-24 00:00:00,C196,P031,S003,5,0,Bank Transfer
T03364,2024-11-30 00:00:00,C098,P040,S004,1,0.15,Mobile Money
T03365,2024-07-06 00:00:00,C007,P008,S001,5,0,Cash
T03366,2025-02-25 00:00:00,C170,P046,S003,2,0.15,Bank Transfer
T03367,2024-05-18 00:00:00,C163,P016,S003,1,0.1,Bank Transfer
T03368,2024-03-30 00:00:00,C136,P046,S002,4,0.15,Cash
T03369,2024-10-26 00:00:00,C061,P018,S004,2,0.1,Credit Card
T03370,2024-01-17 00:00:00,C083,P039,S003,1,0.1,Bank Transfer
T03371,2024-01-12 00:00:00,C044,P015,S005,4,0,Cash
T03372,2025-03-13 00:00:00,C161,P028,S004,1,0.15,Credit Card
T03373,2024-02-11 00:00:00,C062,P014,S004,5,0.15,Bank Transfer
T03374,2024-05-21 00:00:00,C005,P027,S005,5,0.05,Credit Card
T03375,2024-11-05 00:00:00,C017,P012,S001,3,0,Cash
T03376,2024-02-06 00:00:00,C101,P013,S003,5,0,Cash
T03377,2024-03-22 00:00:00,C067,P023,S003,2,0.15,Mobile Money
T03378,2024-08-31 00:00:00,C064,P009,S005,2,0.15,Credit Card
T03379,2024-11-03 00:00:00,C136,P049,S001,4,0.1,Credit Card
T03380,2025-09-03 00:00:00,C040,P021,S001,2,0.15,Bank Transfer
T03381,2025-05-17 00:00:00,C186,P015,S002,5,0.1,Mobile Money
T03382,2025-06-07 00:00:00,C077,P023,S002,1,0.05,Mobile Money
T03383,2024-04-23 00:00:00,C194,P038,S002,3,0.15,Credit Card
T03384,2024-03-18 00:00:00,C027,P042,S003,3,0,Mobile Money
T03385,2024-05-12 00:00:00,C011,P011,S004,3,0.15,Credit Card
T03386,2025-05-06 00:00:00,C091,P044,S003,3,0,Credit Card
T03387,2025-03-05 00:00:00,C104,P023,S002,3,0.1,Credit Card
T03388,2024-03-24 00:00:00,C076,P044,S002,1,0,Mobile Money
T03389,2024-04-22 00:00:00,C097,P009,S003,4,0.1,Bank Transfer
T03390,2024-12-19 00:00:00,C132,P021,S005,5,0,Credit Card
T03391,2025-07-24 00:00:00,C188,P007,S001,3,0.05,Credit Card
T03392,2023-10-07 00:00:00,C071,P031,S003,2,0.15,Cash
T03393,2023-09-17 00:00:00,C173,P007,S003,1,0.1,Cash
T03394,2025-06-04 00:00:00,C075,P049,S002,2,0.05,Credit Card
T03395,2025-01-23 00:00:00,C196,P003,S003,2,0.1,Bank Transfer
T03396,2024-02-08 00:00:00,C182,P018,S001,4,0.05,Credit Card
T03397,2024-12-20 00:00:00,C027,P002,S001,1,0.15,Mobile Money
T03398,2024-12-29 00:00:00,C185,P020,S001,5,0,Credit Card
T03399,2023-11-10 00:00:00,C062,P002,S005,1,0.05,Mobile Money
T03400,2024-09-16 00:00:00,C056,P040,S002,4,0.1,Credit Card
T03401,2025-07-09 00:00:00,C011,P026,S004,1,0,Cash
T03402,2024-06-04 00:00:00,C193,P039,S005,5,0.15,Bank Transfer
T03403,2024-12-12 00:00:00,C100,P029,S001,4,0.15,Cash
T03404,2025-08-10 00:00:00,C003,P013,S002,2,0,Cash
T03405,2024-05-03 00:00:00,C151,P032,S001,3,0.15,Cash
T03406,2024-04-24 00:00:00,C141,P019,S002,5,0,Credit Card
T03407,2025-07-08 00:00:00,C177,P018,S004,3,0.15,Mobile Money
T03408,2025-04-15 00:00:00,C068,P026,S003,5,0,Mobile Money
T03409,2025-09-06 00:00:00,C001,P019,S005,2,0.15,Bank Transfer
T03410,2024-07-29 00:00:00,C157,P044,S003,2,0,Cash
T03411,2024-11-22 00:00:00,C080,P048,S005,1,0,Bank Transfer
T03412,2025-06-17 00:00:00,C028,P026,S005,3,0.05,Credit Card
T03413,2025-09-06 00:00:00,C102,P027,S005,4,0.1,Cash
T03414,2023-09-24 00:00:00,C151,P022,S002,4,0.05,Credit Card
T03415,2024-07-24 00:00:00,C186,P025,S002,2,0.05,Cash
T03416,2025-05-30 00:00:00,C062,P034,S004,3,0.1,Bank Transfer
T03417,2025-02-14 00:00:00,C108,P026,S001,1,0.1,Cash
T03418,2024-01-07 00:00:00,C179,P048,S003,2,0.15,Cash
T03419,2024-03-23 00:00:00,C094,P038,S001,3,0.05,Mobile Money
T03420,2025-03-04 00:00:00,C102,P023,S004,4,0,Cash
T03421,2025-06-30 00:00:00,C030,P037,S002,4,0,Cash
T03422,2024-06-07 00:00:00,C050,P010,S001,5,0.05,Bank Transfer
T03423,2024-02-24 00:00:00,C100,P035,S004,5,0,Cash
T03424,2023-10-13 00:00:00,C099,P024,S002,4,0,Bank Transfer
T03425,2024-05-15 00:00:00,C191,P015,S002,1,0.05,Credit Card
T03426,2024-09-23 00:00:00,C066,P010,S003,3,0,Mobile Money
T03427,2025-09-05 00:00:00,C131,P044,S005,2,0.15,Cash
T03428,2024-04-24 00:00:00,C125,P009,S004,4,0.05,Credit Card
T03429,2024-04-05 00:00:00,C135,P035,S003,3,0,Cash
T03430,2024-08-09 00:00:00,C062,P031,S003,5,0,Mobile Money
T03431,2025-04-23 00:00:00,C200,P029,S002,3,0.1,Credit Card
T03432,2024-07-17 00:00:00,C123,P005,S005,5,0.05,Mobile Money
T03433,2024-09-09 00:00:00,C012,P048,S002,2,0.1,Cash
T03434,2024-04-23 00:00:00,C014,P034,S001,3,0.15,Cash
T03435,2023-12-05 00:00:00,C156,P012,S001,5,0.1,Cash
T03436,2025-07-08 00:00:00,C075,P049,S003,5,0.05,Cash
T03437,2025-06-12 00:00:00,C183,P048,S004,3,0.05,Mobile Money
T03438,2025-01-20 00:00:00,C194,P003,S005,5,0.15,Mobile Money
T03439,2025-05-14 00:00:00,C200,P024,S003,5,0.15,Cash
T03440,2024-01-04 00:00:00,C134,P036,S003,2,0.1,Mobile Money
T03441,2024-07-26 00:00:00,C164,P035,S005,2,0.05,Bank Transfer
T03442,2025-06-08 00:00:00,C145,P006,S001,3,0,Bank Transfer
T03443,2024-04-13 00:00:00,C146,P024,S005,2,0.05,Credit Card
T03444,2024-12-09 00:00:00,C028,P015,S002,2,0.1,Credit Card
T03445,2025-04-18 00:00:00,C199,P039,S004,4,0,Mobile Money
T03446,2025-06-06 00:00:00,C160,P016,S001,5,0.15,Credit Card
T03447,2025-06-26 00:00:00,C102,P041,S001,4,0.15,Cash
T03448,2025-02-28 00:00:00,C165,P030,S004,2,0.05,Bank Transfer
T03449,2025-02-14 00:00:00,C144,P039,S002,5,0.05,Bank Transfer
T03450,2024-02-12 00:00:00,C172,P040,S005,3,0.05,Credit Card
T03451,2023-09-23 00:00:00,C169,P015,S005,1,0.1,Cash
T03452,2024-03-20 00:00:00,C089,P015,S004,1,0.05,Mobile Money
T03453,2025-05-08 00:00:00,C088,P050,S001,5,0.05,Mobile Money
T03454,2024-09-02 00:00:00,C152,P043,S003,5,0.05,Mobile Money
T03455,2024-07-03 00:00:00,C170,P047,S003,1,0.15,Mobile Money
T03456,2023-10-02 00:00:00,C089,P044,S004,1,0.05,Cash
T03457,2024-10-26 00:00:00,C144,P035,S004,4,0,Credit Card
T03458,2024-05-27 00:00:00,C197,P013,S002,5,0.1,Bank Transfer
T03459,2025-07-30 00:00:00,C193,P033,S001,3,0.05,Bank Transfer
T03460,2023-12-17 00:00:00,C103,P010,S005,2,0.05,Bank Transfer
T03461,2023-12-30 00:00:00,C131,P029,S003,1,0,Credit Card
T03462,2025-08-01 00:00:00,C123,P049,S002,1,0,Mobile Money
T03463,2025-04-21 00:00:00,C154,P023,S004,4,0,Cash
T03464,2024-10-29 00:00:00,C030,P017,S004,5,0.05,Cash
T03465,2024-02-19 00:00:00,C021,P038,S002,5,0.1,Cash
T03466,2025-08-14 00:00:00,C013,P015,S001,4,0,Bank Transfer
T03467,2023-11-17 00:00:00,C021,P017,S003,5,0,Bank Transfer
T03468,2023-11-23 00:00:00,C014,P006,S004,4,0.05,Credit Card
T03469,2024-01-17 00:00:00,C150,P034,S004,4,0.05,Cash
T03470,2024-04-06 00:00:00,C187,P044,S003,2,0.1,Bank Transfer
T03471,2024-07-31 00:00:00,C005,P034,S004,4,0.15,Bank Transfer
T03472,2025-09-09 00:00:00,C101,P023,S002,1,0.15,Credit Card
T03473,2024-03-13 00:00:00,C186,P013,S004,4,0.05,Credit Card
T03474,2024-07-12 00:00:00,C089,P036,S001,5,0,Mobile Money
T03475,2024-03-10 00:00:00,C186,P035,S004,4,0,Credit Card
T03476,2025-07-29 00:00:00,C145,P007,S005,1,0.1,Cash
T03477,2025-06-13 00:00:00,C102,P048,S005,5,0.1,Cash
T03478,2024-06-04 00:00:00,C050,P050,S002,2,0.15,Credit Card
T03479,2023-10-16 00:00:00,C023,P029,S002,3,0.1,Credit Card
T03480,2025-01-09 00:00:00,C052,P032,S003,4,0,Mobile Money
T03481,2024-05-15 00:00:00,C140,P050,S001,4,0,Credit Card
T03482,2023-09-14 00:00:00,C043,P004,S001,1,0.05,Cash
T03483,2025-02-21 00:00:00,C098,P038,S001,2,0.15,Credit Card
T03484,2024-04-28 00:00:00,C132,P006,S003,2,0.15,Mobile Money
T03485,2023-11-06 00:00:00,C140,P016,S005,3,0.15,Cash
T03486,2023-12-11 00:00:00,C049,P033,S002,4,0,Bank Transfer
T03487,2024-03-29 00:00:00,C079,P032,S003,5,0,Credit Card
T03488,2024-05-25 00:00:00,C149,P009,S003,1,0.05,Mobile Money
T03489,2023-12-29 00:00:00,C076,P020,S005,1,0,Mobile Money
T03490,2024-03-25 00:00:00,C071,P049,S003,1,0.05,Mobile Money
T03491,2024-07-15 00:00:00,C053,P037,S003,1,0.15,Mobile Money
T03492,2024-03-15 00:00:00,C137,P049,S001,2,0.15,Mobile Money
T03493,2024-04-21 00:00:00,C171,P033,S005,2,0.05,Cash
T03494,2023-12-08 00:00:00,C004,P018,S002,1,0.15,Credit Card
T03495,2025-04-03 00:00:00,C027,P040,S002,3,0.15,Credit Card
T03496,2024-12-03 00:00:00,C147,P020,S005,3,0.15,Mobile Money
T03497,2024-03-11 00:00:00,C060,P047,S004,2,0.05,Cash
T03498,2025-08-10 00:00:00,C132,P014,S002,5,0.1,Mobile Money
T03499,2025-04-12 00:00:00,C008,P031,S003,2,0.15,Cash
T03500,2025-08-17 00:00:00,C127,P032,S005,5,0.15,Mobile Money
T03501,2024-08-22 00:00:00,C175,P029,S001,4,0.15,Cash
T03502,2025-02-14 00:00:00,C104,P049,S004,2,0.15,Credit Card
T03503,2025-09-06 00:00:00,C004,P047,S003,1,0.15,Credit Card
T03504,2025-03-20 00:00:00,C022,P031,S002,2,0.05,Bank Transfer
T03505,2025-04-15 00:00:00,C084,P029,S002,1,0.15,Bank Transfer
T03506,2025-03-04 00:00:00,C004,P045,S003,5,0.15,Cash
T03507,2024-09-08 00:00:00,C176,P005,S003,4,0.05,Cash
T03508,2024-10-20 00:00:00,C134,P024,S002,1,0.05,Bank Transfer
T03509,2024-02-09 00:00:00,C146,P039,S004,4,0,Bank Transfer
T03510,2024-02-18 00:00:00,C061,P048,S004,5,0.1,Cash
T03511,2024-05-01 00:00:00,C041,P006,S002,1,0.1,Cash
T03512,2024-11-02 00:00:00,C155,P023,S002,5,0.15,Bank Transfer
T03513,2025-01-06 00:00:00,C130,P032,S003,2,0.1,Bank Transfer
T03514,2025-02-26 00:00:00,C189,P034,S005,5,0,Cash
T03515,2024-06-09 00:00:00,C073,P013,S003,4,0.15,Cash
T03516,2025-01-31 00:00:00,C178,P027,S004,1,0.1,Credit Card
T03517,2024-02-27 00:00:00,C061,P010,S005,4,0.15,Mobile Money
T03518,2024-03-06 00:00:00,C123,P015,S002,5,0.05,Cash
T03519,2025-04-19 00:00:00,C158,P001,S004,3,0.15,Cash
T03520,2024-03-13 00:00:00,C158,P041,S001,4,0.15,Mobile Money
T03521,2025-02-24 00:00:00,C099,P050,S005,2,0.15,Mobile Money
T03522,2024-08-30 00:00:00,C184,P021,S002,2,0.1,Credit Card
T03523,2024-01-30 00:00:00,C127,P049,S001,5,0.1,Cash
T03524,2025-08-30 00:00:00,C103,P040,S002,2,0.1,Cash
T03525,2024-03-28 00:00:00,C179,P039,S003,1,0.1,Mobile Money
T03526,2025-02-27 00:00:00,C098,P035,S005,3,0.15,Cash
T03527,2024-06-21 00:00:00,C008,P017,S001,2,0.1,Credit Card
T03528,2024-11-26 00:00:00,C200,P040,S003,3,0.1,Bank Transfer
T03529,2025-04-29 00:00:00,C047,P008,S005,4,0.15,Mobile Money
T03530,2024-06-20 00:00:00,C051,P017,S002,3,0.1,Credit Card
T03531,2024-02-09 00:00:00,C164,P029,S002,2,0.1,Mobile Money
T03532,2025-03-07 00:00:00,C057,P019,S002,5,0,Bank Transfer
T03533,2023-11-24 00:00:00,C104,P042,S002,3,0,Bank Transfer
T03534,2024-08-20 00:00:00,C048,P022,S005,3,0.15,Credit Card
T03535,2025-06-18 00:00:00,C088,P024,S004,2,0.05,Mobile Money
T03536,2024-01-03 00:00:00,C151,P031,S002,2,0.1,Bank Transfer
T03537,2024-01-28 00:00:00,C027,P046,S002,5,0,Mobile Money
T03538,2023-09-18 00:00:00,C095,P050,S003,1,0.15,Bank Transfer
T03539,2025-05-03 00:00:00,C099,P006,S005,3,0,Bank Transfer
T03540,2025-02-22 00:00:00,C194,P046,S004,3,0.1,Credit Card
T03541,2024-03-13 00:00:00,C002,P032,S002,3,0,Cash
T03542,2025-04-11 00:00:00,C029,P014,S004,5,0.15,Credit Card
T03543,2023-09-20 00:00:00,C013,P015,S002,5,0.1,Credit Card
T03544,2023-12-22 00:00:00,C069,P037,S001,1,0.1,Credit Card
T03545,2025-06-13 00:00:00,C101,P024,S003,1,0.1,Bank Transfer
T03546,2023-10-17 00:00:00,C117,P015,S001,3,0.1,Credit Card
T03547,2024-06-25 00:00:00,C028,P025,S002,2,0.1,Credit Card
T03548,2024-12-06 00:00:00,C108,P021,S004,5,0,Credit Card
T03549,2024-09-30 00:00:00,C110,P002,S004,3,0,Cash
T03550,2025-01-05 00:00:00,C159,P046,S003,2,0,Bank Transfer
T03551,2025-07-25 00:00:00,C198,P002,S001,1,0.1,Credit Card
T03552,2025-08-18 00:00:00,C117,P037,S004,5,0,Mobile Money
T03553,2024-02-22 00:00:00,C144,P027,S001,5,0.05,Mobile Money
T03554,2023-11-18 00:00:00,C002,P022,S003,3,0.05,Credit Card
T03555,2024-10-12 00:00:00,C132,P017,S005,5,0.1,Mobile Money
T03556,2025-02-23 00:00:00,C042,P029,S002,3,0.15,Mobile Money
T03557,2024-02-04 00:00:00,C015,P013,S003,5,0.15,Mobile Money
T03558,2024-06-12 00:00:00,C138,P027,S004,3,0.1,Credit Card
T03559,2024-05-13 00:00:00,C036,P003,S004,3,0.1,Bank Transfer
T03560,2024-01-29 00:00:00,C139,P013,S003,5,0.15,Bank Transfer
T03561,2024-08-10 00:00:00,C082,P030,S005,3,0.05,Credit Card
T03562,2025-08-27 00:00:00,C078,P031,S005,1,0,Mobile Money
T03563,2023-11-22 00:00:00,C086,P038,S001,2,0,Cash
T03564,2025-04-18 00:00:00,C011,P031,S002,3,0.1,Credit Card
T03565,2025-01-05 00:00:00,C151,P032,S002,1,0.05,Credit Card
T03566,2025-01-18 00:00:00,C165,P007,S001,3,0.1,Cash
T03567,2024-12-02 00:00:00,C054,P034,S001,3,0.1,Mobile Money
T03568,2025-05-19 00:00:00,C009,P015,S005,2,0.15,Credit Card
T03569,2025-08-07 00:00:00,C175,P018,S001,3,0.1,Bank Transfer
T03570,2024-08-30 00:00:00,C134,P002,S005,5,0.15,Mobile Money
T03571,2025-01-01 00:00:00,C151,P040,S005,4,0.05,Mobile Money
T03572,2025-07-23 00:00:00,C177,P021,S002,4,0.15,Mobile Money
T03573,2024-09-02 00:00:00,C185,P011,S003,4,0.05,Cash
T03574,2024-12-10 00:00:00,C034,P048,S003,5,0.05,Bank Transfer
T03575,2025-03-21 00:00:00,C074,P002,S002,1,0.05,Credit Card
T03576,2024-06-01 00:00:00,C182,P023,S005,1,0.05,Credit Card
T03577,2024-01-26 00:00:00,C017,P028,S002,2,0.05,Cash
T03578,2024-02-22 00:00:00,C161,P041,S003,5,0,Cash
T03579,2023-09-22 00:00:00,C097,P034,S001,1,0.05,Mobile Money
T03580,2024-08-08 00:00:00,C068,P012,S004,2,0.05,Mobile Money
T03581,2024-03-27 00:00:00,C089,P048,S001,5,0.05,Mobile Money
T03582,2024-08-22 00:00:00,C104,P012,S005,1,0.15,Credit Card
T03583,2024-01-11 00:00:00,C047,P010,S003,4,0.15,Bank Transfer
T03584,2024-02-19 00:00:00,C067,P022,S003,5,0.1,Mobile Money
T03585,2024-07-28 00:00:00,C035,P007,S004,2,0,Bank Transfer
T03586,2025-01-05 00:00:00,C037,P009,S005,1,0.15,Mobile Money
T03587,2024-06-25 00:00:00,C169,P022,S005,2,0,Mobile Money
T03588,2024-05-03 00:00:00,C014,P020,S005,2,0.15,Cash
T03589,2023-10-11 00:00:00,C166,P011,S004,2,0,Mobile Money
T03590,2023-09-20 00:00:00,C176,P016,S002,2,0.15,Credit Card
T03591,2025-02-07 00:00:00,C145,P013,S005,2,0,Bank Transfer
T03592,2025-04-01 00:00:00,C047,P023,S002,2,0.05,Mobile Money
T03593,2024-11-15 00:00:00,C044,P048,S001,4,0.1,Cash
T03594,2025-06-29 00:00:00,C164,P019,S003,2,0.05,Credit Card
T03595,2025-04-25 00:00:00,C043,P024,S003,3,0.05,Credit Card
T03596,2025-08-18 00:00:00,C082,P039,S005,3,0.1,Mobile Money
T03597,2024-02-03 00:00:00,C032,P033,S004,4,0.15,Credit Card
T03598,2024-09-12 00:00:00,C042,P045,S004,3,0.05,Cash
T03599,2025-04-09 00:00:00,C147,P006,S003,3,0.1,Mobile Money
T03600,2024-03-12 00:00:00,C157,P002,S001,2,0.15,Mobile Money
T03601,2024-06-10 00:00:00,C001,P029,S002,5,0.05,Mobile Money
T03602,2025-02-23 00:00:00,C018,P006,S002,1,0.1,Credit Card
T03603,2024-07-07 00:00:00,C171,P022,S005,4,0.15,Cash
T03604,2025-05-11 00:00:00,C055,P034,S004,3,0.05,Credit Card
T03605,2025-06-15 00:00:00,C034,P021,S002,1,0,Credit Card
T03606,2025-02-10 00:00:00,C094,P024,S004,1,0.05,Credit Card
T03607,2025-04-03 00:00:00,C010,P047,S001,3,0.15,Mobile Money
T03608,2025-04-24 00:00:00,C133,P031,S005,5,0.15,Bank Transfer
T03609,2023-11-29 00:00:00,C176,P014,S002,3,0.1,Credit Card
T03610,2023-12-05 00:00:00,C061,P011,S005,4,0,Cash
T03611,2024-04-11 00:00:00,C052,P035,S001,3,0.1,Credit Card
T03612,2024-11-21 00:00:00,C100,P014,S001,5,0.1,Cash
T03613,2023-11-09 00:00:00,C118,P012,S001,3,0.05,Credit Card
T03614,2025-08-12 00:00:00,C187,P020,S005,1,0,Credit Card
T03615,2023-10-01 00:00:00,C165,P026,S005,2,0.1,Cash
T03616,2024-10-05 00:00:00,C024,P041,S003,2,0.15,Bank Transfer
T03617,2024-10-02 00:00:00,C168,P048,S005,2,0,Credit Card
T03618,2024-04-29 00:00:00,C002,P016,S005,4,0.15,Cash
T03619,2024-06-10 00:00:00,C054,P001,S005,4,0,Cash
T03620,2024-02-09 00:00:00,C038,P044,S004,1,0.05,Credit Card
T03621,2024-08-29 00:00:00,C030,P008,S002,2,0,Mobile Money
T03622,2024-11-03 00:00:00,C105,P049,S004,2,0,Cash
T03623,2025-05-13 00:00:00,C156,P020,S001,1,0,Mobile Money
T03624,2024-05-26 00:00:00,C104,P026,S001,2,0.05,Cash
T03625,2024-05-26 00:00:00,C031,P015,S005,1,0.15,Credit Card
T03626,2024-06-13 00:00:00,C186,P001,S003,5,0.15,Credit Card
T03627,2025-07-27 00:00:00,C051,P023,S005,2,0,Bank Transfer
T03628,2024-09-19 00:00:00,C147,P007,S002,4,0.15,Bank Transfer
T03629,2024-03-07 00:00:00,C054,P047,S005,1,0.05,Mobile Money
T03630,2024-12-25 00:00:00,C167,P017,S003,5,0,Credit Card
T03631,2024-07-17 00:00:00,C196,P022,S003,2,0,Cash
T03632,2025-02-21 00:00:00,C073,P030,S001,5,0.15,Credit Card
T03633,2023-10-28 00:00:00,C087,P020,S001,5,0.1,Credit Card
T03634,2025-06-30 00:00:00,C039,P018,S005,3,0.15,Credit Card
T03635,2024-11-21 00:00:00,C005,P018,S005,2,0.1,Bank Transfer
T03636,2025-01-19 00:00:00,C185,P013,S004,1,0,Credit Card
T03637,2024-07-09 00:00:00,C184,P004,S005,5,0.1,Credit Card
T03638,2024-09-17 00:00:00,C200,P036,S005,4,0,Cash
T03639,2025-04-09 00:00:00,C059,P050,S004,1,0.05,Bank Transfer
T03640,2025-06-10 00:00:00,C049,P035,S004,3,0.1,Bank Transfer
T03641,2023-11-18 00:00:00,C100,P046,S003,2,0.05,Cash
T03642,2024-04-30 00:00:00,C067,P025,S001,2,0,Credit Card
T03643,2023-12-29 00:00:00,C124,P013,S001,4,0,Bank Transfer
T03644,2024-11-22 00:00:00,C158,P041,S002,4,0.05,Mobile Money
T03645,2024-07-17 00:00:00,C072,P036,S001,2,0,Mobile Money
T03646,2024-10-17 00:00:00,C185,P007,S001,4,0.15,Cash
T03647,2024-03-29 00:00:00,C106,P014,S002,2,0.05,Bank Transfer
T03648,2023-09-21 00:00:00,C136,P024,S001,3,0.1,Bank Transfer
T03649,2024-02-18 00:00:00,C041,P003,S001,2,0.1,Cash
T03650,2024-09-22 00:00:00,C064,P029,S001,1,0,Bank Transfer
T03651,2024-01-14 00:00:00,C104,P034,S004,5,0.15,Bank Transfer
T03652,2024-05-14 00:00:00,C109,P008,S003,5,0,Bank Transfer
T03653,2024-09-06 00:00:00,C114,P043,S005,3,0.1,Bank Transfer
T03654,2025-01-26 00:00:00,C109,P008,S002,2,0.1,Mobile Money
T03655,2025-01-29 00:00:00,C028,P047,S002,3,0.15,Mobile Money
T03656,2024-09-24 00:00:00,C001,P026,S001,1,0,Cash
T03657,2025-08-29 00:00:00,C132,P046,S001,1,0.05,Cash
T03658,2025-07-30 00:00:00,C189,P039,S004,5,0.05,Cash
T03659,2024-02-04 00:00:00,C116,P007,S004,3,0,Mobile Money
T03660,2025-05-12 00:00:00,C042,P042,S004,5,0,Cash
T03661,2024-07-21 00:00:00,C133,P042,S001,3,0.15,Cash
T03662,2024-06-08 00:00:00,C038,P029,S005,1,0,Bank Transfer
T03663,2024-06-15 00:00:00,C181,P050,S001,4,0,Credit Card
T03664,2024-07-31 00:00:00,C131,P032,S001,4,0.15,Cash
T03665,2025-05-26 00:00:00,C064,P023,S001,4,0.05,Bank Transfer
T03666,2023-10-05 00:00:00,C021,P038,S001,3,0.1,Bank Transfer
T03667,2023-10-01 00:00:00,C126,P042,S003,2,0.15,Credit Card
T03668,2025-05-18 00:00:00,C030,P015,S002,1,0,Mobile Money
T03669,2024-02-12 00:00:00,C047,P046,S003,5,0.1,Mobile Money
T03670,2025-01-07 00:00:00,C110,P028,S004,5,0.1,Mobile Money
T03671,2025-08-15 00:00:00,C008,P048,S002,1,0,Bank Transfer
T03672,2024-09-26 00:00:00,C051,P035,S002,5,0.15,Credit Card
T03673,2025-06-21 00:00:00,C113,P022,S003,4,0.15,Mobile Money
T03674,2025-05-21 00:00:00,C039,P026,S001,3,0,Credit Card
T03675,2024-11-22 00:00:00,C036,P003,S004,1,0,Cash
T03676,2024-08-13 00:00:00,C069,P039,S004,4,0.15,Cash
T03677,2024-10-30 00:00:00,C080,P032,S003,5,0,Cash
T03678,2024-03-15 00:00:00,C030,P014,S001,4,0.15,Mobile Money
T03679,2025-03-02 00:00:00,C032,P029,S003,1,0,Bank Transfer
T03680,2023-12-01 00:00:00,C150,P018,S002,5,0,Bank Transfer
T03681,2025-04-14 00:00:00,C147,P029,S001,3,0.05,Cash
T03682,2024-08-21 00:00:00,C082,P025,S002,1,0.1,Cash
T03683,2024-10-27 00:00:00,C151,P015,S003,5,0.15,Mobile Money
T03684,2025-04-21 00:00:00,C156,P048,S005,4,0.05,Cash
T03685,2025-07-06 00:00:00,C051,P028,S004,5,0.15,Cash
T03686,2025-06-20 00:00:00,C107,P048,S004,5,0.1,Cash
T03687,2024-03-11 00:00:00,C106,P016,S004,1,0.05,Credit Card
T03688,2023-09-27 00:00:00,C125,P036,S003,1,0.15,Mobile Money
T03689,2025-06-16 00:00:00,C147,P013,S003,2,0.05,Credit Card
T03690,2025-06-23 00:00:00,C196,P045,S003,4,0.05,Credit Card
T03691,2025-02-01 00:00:00,C189,P019,S005,5,0.1,Cash
T03692,2025-01-15 00:00:00,C157,P003,S004,1,0,Bank Transfer
T03693,2024-10-11 00:00:00,C043,P028,S004,2,0,Credit Card
T03694,2025-04-24 00:00:00,C120,P050,S001,5,0.15,Credit Card
T03695,2025-03-14 00:00:00,C028,P028,S001,4,0,Credit Card
T03696,2024-04-05 00:00:00,C170,P021,S001,3,0,Cash
T03697,2024-01-09 00:00:00,C061,P007,S003,5,0.15,Credit Card
T03698,2025-01-20 00:00:00,C029,P045,S001,4,0,Bank Transfer
T03699,2025-03-07 00:00:00,C170,P022,S005,1,0,Mobile Money
T03700,2023-12-25 00:00:00,C067,P002,S003,5,0.05,Credit Card
T03701,2023-09-18 00:00:00,C195,P048,S001,4,0.1,Credit Card
T03702,2024-10-13 00:00:00,C147,P026,S004,5,0.1,Mobile Money
T03703,2023-12-17 00:00:00,C003,P046,S005,2,0,Cash
T03704,2025-01-11 00:00:00,C067,P024,S005,1,0.15,Mobile Money
T03705,2024-02-17 00:00:00,C082,P026,S004,1,0.05,Credit Card
T03706,2023-09-29 00:00:00,C098,P047,S005,1,0.1,Mobile Money
T03707,2024-02-08 00:00:00,C024,P001,S001,2,0.15,Bank Transfer
T03708,2024-08-14 00:00:00,C043,P011,S005,4,0.05,Mobile Money
T03709,2025-07-02 00:00:00,C186,P044,S004,5,0.15,Cash
T03710,2025-01-08 00:00:00,C069,P016,S001,5,0.1,Credit Card
T03711,2024-11-21 00:00:00,C183,P028,S001,3,0,Mobile Money
T03712,2024-09-14 00:00:00,C029,P009,S003,4,0,Mobile Money
T03713,2024-11-26 00:00:00,C142,P032,S002,2,0.15,Bank Transfer
T03714,2025-07-05 00:00:00,C173,P046,S005,5,0.05,Bank Transfer
T03715,2025-06-16 00:00:00,C186,P047,S004,3,0,Mobile Money
T03716,2023-12-31 00:00:00,C149,P012,S004,2,0.1,Cash
T03717,2023-09-27 00:00:00,C155,P018,S004,3,0.15,Mobile Money
T03718,2025-01-18 00:00:00,C140,P026,S002,3,0.15,Cash
T03719,2025-06-18 00:00:00,C069,P030,S004,5,0.1,Credit Card
T03720,2025-03-18 00:00:00,C017,P037,S004,1,0.05,Bank Transfer
T03721,2025-03-16 00:00:00,C027,P003,S004,2,0.05,Bank Transfer
T03722,2024-08-30 00:00:00,C149,P008,S002,4,0.1,Credit Card
T03723,2025-09-02 00:00:00,C001,P014,S005,5,0.05,Bank Transfer
T03724,2025-07-18 00:00:00,C137,P045,S004,5,0.05,Cash
T03725,2024-02-21 00:00:00,C112,P047,S002,3,0.15,Mobile Money
T03726,2024-11-03 00:00:00,C039,P011,S005,4,0,Mobile Money
T03727,2024-10-16 00:00:00,C006,P010,S005,1,0,Bank Transfer
T03728,2025-02-10 00:00:00,C019,P044,S002,1,0.05,Bank Transfer
T03729,2024-05-28 00:00:00,C170,P037,S005,2,0.05,Mobile Money
T03730,2025-06-23 00:00:00,C028,P040,S002,2,0.15,Mobile Money
T03731,2024-11-06 00:00:00,C001,P010,S003,2,0.05,Cash
T03732,2025-02-09 00:00:00,C066,P034,S003,5,0,Mobile Money
T03733,2025-08-02 00:00:00,C086,P047,S001,2,0.1,Bank Transfer
T03734,2025-09-09 00:00:00,C193,P028,S003,4,0.05,Bank Transfer
T03735,2023-12-10 00:00:00,C032,P005,S005,1,0.15,Bank Transfer
T03736,2024-03-07 00:00:00,C167,P040,S001,2,0.1,Bank Transfer
T03737,2023-12-24 00:00:00,C008,P032,S005,4,0.15,Cash
T03738,2023-09-30 00:00:00,C121,P042,S004,1,0.05,Bank Transfer
T03739,2024-08-12 00:00:00,C153,P049,S005,5,0,Cash
T03740,2024-05-21 00:00:00,C103,P029,S004,5,0.05,Cash
T03741,2025-05-15 00:00:00,C070,P013,S001,4,0.1,Mobile Money
T03742,2024-05-22 00:00:00,C133,P027,S001,2,0.1,Credit Card
T03743,2024-10-20 00:00:00,C101,P015,S004,3,0.15,Credit Card
T03744,2024-06-27 00:00:00,C179,P002,S005,4,0.15,Bank Transfer
T03745,2025-01-08 00:00:00,C130,P037,S004,5,0.1,Cash
T03746,2025-06-23 00:00:00,C084,P023,S003,5,0.1,Bank Transfer
T03747,2023-10-07 00:00:00,C169,P031,S001,1,0,Credit Card
T03748,2025-08-13 00:00:00,C185,P023,S005,2,0,Mobile Money
T03749,2024-06-05 00:00:00,C093,P013,S002,4,0,Bank Transfer
T03750,2025-01-29 00:00:00,C030,P038,S001,4,0,Mobile Money
T03751,2024-12-21 00:00:00,C175,P023,S001,2,0.15,Credit Card
T03752,2024-06-11 00:00:00,C108,P008,S003,2,0.15,Credit Card
T03753,2025-05-12 00:00:00,C026,P031,S005,5,0.1,Bank Transfer
T03754,2025-07-19 00:00:00,C096,P027,S005,1,0.15,Mobile Money
T03755,2024-12-23 00:00:00,C002,P029,S001,1,0.1,Credit Card
T03756,2024-03-15 00:00:00,C077,P035,S005,5,0.1,Credit Card
T03757,2024-02-11 00:00:00,C013,P031,S003,4,0.15,Bank Transfer
T03758,2025-02-14 00:00:00,C190,P030,S005,5,0.15,Mobile Money
T03759,2023-11-18 00:00:00,C128,P048,S004,1,0.1,Mobile Money
T03760,2024-04-13 00:00:00,C068,P023,S002,1,0.1,Bank Transfer
T03761,2024-11-12 00:00:00,C109,P005,S003,4,0.15,Bank Transfer
T03762,2025-05-26 00:00:00,C138,P044,S001,5,0.15,Bank Transfer
T03763,2024-04-09 00:00:00,C197,P005,S003,2,0.05,Cash
T03764,2025-07-01 00:00:00,C109,P001,S002,2,0.1,Bank Transfer
T03765,2025-08-06 00:00:00,C104,P040,S004,2,0.05,Mobile Money
T03766,2023-11-02 00:00:00,C087,P039,S003,1,0,Mobile Money
T03767,2025-09-07 00:00:00,C162,P027,S003,5,0.1,Credit Card
T03768,2025-06-23 00:00:00,C014,P022,S001,4,0.05,Credit Card
T03769,2023-11-03 00:00:00,C031,P033,S002,2,0.1,Credit Card
T03770,2025-03-15 00:00:00,C196,P017,S004,4,0.15,Mobile Money
T03771,2024-08-18 00:00:00,C080,P030,S004,2,0.1,Cash
T03772,2024-01-05 00:00:00,C100,P049,S001,1,0,Credit Card
T03773,2024-04-24 00:00:00,C072,P027,S001,1,0.1,Bank Transfer
T03774,2024-07-22 00:00:00,C137,P029,S005,4,0,Cash
T03775,2025-01-03 00:00:00,C195,P013,S005,1,0,Mobile Money
T03776,2025-05-21 00:00:00,C151,P027,S005,4,0.15,Mobile Money
T03777,2024-05-09 00:00:00,C144,P021,S002,2,0,Credit Card
T03778,2025-02-06 00:00:00,C148,P048,S005,3,0.15,Cash
T03779,2023-11-19 00:00:00,C070,P004,S004,2,0.15,Bank Transfer
T03780,2024-03-28 00:00:00,C043,P034,S004,1,0.05,Cash
T03781,2024-03-31 00:00:00,C043,P005,S001,2,0.1,Credit Card
T03782,2025-06-08 00:00:00,C189,P029,S004,3,0.05,Mobile Money
T03783,2024-09-24 00:00:00,C089,P046,S005,4,0,Mobile Money
T03784,2023-12-26 00:00:00,C142,P019,S003,2,0.1,Bank Transfer
T03785,2025-09-08 00:00:00,C132,P022,S002,3,0.05,Cash
T03786,2025-03-30 00:00:00,C172,P043,S005,2,0.1,Bank Transfer
T03787,2025-02-04 00:00:00,C093,P042,S003,1,0,Mobile Money
T03788,2025-04-11 00:00:00,C066,P017,S003,3,0.1,Mobile Money
T03789,2023-11-22 00:00:00,C087,P042,S002,2,0,Cash
T03790,2025-03-27 00:00:00,C036,P028,S002,2,0.15,Bank Transfer
T03791,2025-03-29 00:00:00,C198,P013,S005,5,0.15,Cash
T03792,2025-01-16 00:00:00,C116,P031,S004,4,0.05,Credit Card
T03793,2025-03-10 00:00:00,C171,P046,S003,2,0.15,Credit Card
T03794,2024-08-17 00:00:00,C008,P021,S002,5,0.15,Credit Card
T03795,2025-01-08 00:00:00,C019,P001,S004,3,0,Cash
T03796,2023-09-26 00:00:00,C018,P018,S005,4,0.05,Cash
T03797,2024-12-19 00:00:00,C066,P022,S003,2,0,Mobile Money
T03798,2024-07-26 00:00:00,C156,P039,S002,3,0.05,Bank Transfer
T03799,2024-06-25 00:00:00,C160,P006,S002,3,0.05,Bank Transfer
T03800,2023-12-20 00:00:00,C004,P019,S001,1,0,Mobile Money
T03801,2024-12-18 00:00:00,C113,P041,S004,5,0.1,Cash
T03802,2024-11-02 00:00:00,C109,P034,S003,2,0.1,Bank Transfer
T03803,2024-05-19 00:00:00,C066,P016,S003,3,0.1,Mobile Money
T03804,2025-05-14 00:00:00,C014,P019,S005,2,0.1,Cash
T03805,2024-02-14 00:00:00,C122,P024,S005,5,0.05,Mobile Money
T03806,2025-01-30 00:00:00,C181,P046,S005,1,0,Bank Transfer
T03807,2023-11-21 00:00:00,C062,P045,S005,1,0.05,Mobile Money
T03808,2023-12-02 00:00:00,C129,P024,S005,3,0.15,Mobile Money
T03809,2024-12-23 00:00:00,C151,P022,S005,5,0.05,Cash
T03810,2023-10-07 00:00:00,C079,P036,S003,4,0.05,Mobile Money
T03811,2025-07-04 00:00:00,C027,P046,S003,4,0.05,Bank Transfer
T03812,2024-10-15 00:00:00,C097,P011,S002,1,0,Mobile Money
T03813,2024-01-19 00:00:00,C182,P048,S003,2,0.1,Credit Card
T03814,2023-11-30 00:00:00,C053,P005,S005,2,0.15,Credit Card
T03815,2023-09-11 00:00:00,C134,P007,S002,2,0,Credit Card
T03816,2024-04-07 00:00:00,C029,P042,S005,4,0,Mobile Money
T03817,2024-07-09 00:00:00,C041,P004,S005,2,0.05,Cash
T03818,2024-05-17 00:00:00,C183,P049,S005,5,0.05,Credit Card
T03819,2023-09-23 00:00:00,C038,P045,S001,1,0,Cash
T03820,2025-02-05 00:00:00,C048,P029,S002,2,0,Cash
T03821,2024-04-16 00:00:00,C017,P002,S005,4,0.15,Mobile Money
T03822,2023-09-15 00:00:00,C098,P024,S001,1,0,Mobile Money
T03823,2024-09-27 00:00:00,C184,P042,S004,1,0,Cash
T03824,2024-07-03 00:00:00,C076,P003,S002,3,0.15,Cash
T03825,2025-04-27 00:00:00,C074,P013,S001,2,0.1,Bank Transfer
T03826,2024-10-24 00:00:00,C167,P008,S002,1,0,Mobile Money
T03827,2025-03-26 00:00:00,C071,P015,S004,5,0.05,Credit Card
T03828,2023-10-20 00:00:00,C081,P010,S003,4,0.1,Cash
T03829,2025-02-15 00:00:00,C009,P050,S001,2,0,Mobile Money
T03830,2024-05-27 00:00:00,C193,P015,S004,2,0,Bank Transfer
T03831,2025-07-07 00:00:00,C072,P004,S003,5,0.15,Mobile Money
T03832,2023-10-30 00:00:00,C020,P039,S003,1,0,Mobile Money
T03833,2024-08-19 00:00:00,C111,P021,S004,4,0.1,Cash
T03834,2023-09-14 00:00:00,C019,P032,S001,4,0.1,Bank Transfer
T03835,2024-01-14 00:00:00,C023,P036,S001,2,0.1,Cash
T03836,2024-11-28 00:00:00,C115,P013,S005,3,0,Mobile Money
T03837,2024-10-06 00:00:00,C158,P014,S005,3,0.15,Cash
T03838,2025-01-16 00:00:00,C134,P037,S005,1,0.1,Credit Card
T03839,2025-04-06 00:00:00,C111,P026,S004,5,0.05,Bank Transfer
T03840,2025-08-09 00:00:00,C142,P023,S002,4,0.15,Credit Card
T03841,2024-06-10 00:00:00,C100,P001,S005,4,0,Credit Card
T03842,2024-05-13 00:00:00,C139,P038,S004,5,0,Mobile Money
T03843,2024-01-30 00:00:00,C136,P031,S004,5,0,Bank Transfer
T03844,2024-06-17 00:00:00,C008,P032,S003,5,0.15,Credit Card
T03845,2024-09-05 00:00:00,C093,P019,S004,1,0.15,Mobile Money
T03846,2025-07-09 00:00:00,C006,P021,S005,2,0.05,Cash
T03847,2025-01-09 00:00:00,C023,P049,S002,4,0.1,Mobile Money
T03848,2023-11-07 00:00:00,C162,P027,S005,5,0.05,Mobile Money
T03849,2025-03-29 00:00:00,C004,P030,S003,1,0,Bank Transfer
T03850,2024-03-14 00:00:00,C036,P047,S001,4,0.1,Bank Transfer
T03851,2025-01-20 00:00:00,C131,P030,S003,1,0.15,Mobile Money
T03852,2024-02-01 00:00:00,C117,P023,S003,1,0.05,Mobile Money
T03853,2025-07-31 00:00:00,C076,P027,S004,5,0.05,Cash
T03854,2024-02-27 00:00:00,C025,P040,S005,5,0.05,Bank Transfer
T03855,2025-01-04 00:00:00,C024,P029,S005,5,0.15,Credit Card
T03856,2025-06-08 00:00:00,C112,P030,S003,2,0.05,Credit Card
T03857,2024-04-08 00:00:00,C155,P020,S004,3,0,Mobile Money
T03858,2024-10-23 00:00:00,C014,P008,S003,3,0.1,Credit Card
T03859,2025-05-08 00:00:00,C027,P045,S005,3,0.1,Bank Transfer
T03860,2024-01-27 00:00:00,C125,P039,S001,3,0.15,Credit Card
T03861,2024-11-17 00:00:00,C001,P009,S005,2,0.05,Bank Transfer
T03862,2025-05-03 00:00:00,C128,P035,S001,5,0,Cash
T03863,2024-10-10 00:00:00,C017,P012,S004,2,0.1,Mobile Money
T03864,2024-03-31 00:00:00,C071,P009,S001,4,0.05,Credit Card
T03865,2023-12-02 00:00:00,C035,P020,S003,4,0.05,Credit Card
T03866,2024-09-17 00:00:00,C144,P010,S005,3,0.1,Cash
T03867,2024-11-19 00:00:00,C015,P005,S001,4,0.05,Credit Card
T03868,2023-12-19 00:00:00,C177,P046,S003,4,0.05,Cash
T03869,2025-03-31 00:00:00,C035,P010,S004,1,0.15,Bank Transfer
T03870,2024-03-25 00:00:00,C002,P049,S004,1,0,Bank Transfer
T03871,2025-07-16 00:00:00,C144,P023,S001,1,0,Bank Transfer
T03872,2025-09-01 00:00:00,C001,P012,S005,2,0.15,Cash
T03873,2025-05-10 00:00:00,C169,P029,S001,3,0.05,Mobile Money
T03874,2025-06-29 00:00:00,C021,P010,S001,3,0.05,Mobile Money
T03875,2024-12-15 00:00:00,C014,P014,S005,2,0.05,Cash
T03876,2024-12-29 00:00:00,C009,P041,S004,1,0.15,Bank Transfer
T03877,2024-09-06 00:00:00,C175,P010,S001,1,0.15,Bank Transfer
T03878,2025-06-15 00:00:00,C180,P036,S001,5,0.1,Bank Transfer
T03879,2024-07-30 00:00:00,C179,P017,S003,2,0.05,Mobile Money
T03880,2023-10-11 00:00:00,C106,P034,S005,5,0.05,Mobile Money
T03881,2024-11-30 00:00:00,C089,P019,S002,5,0.1,Bank Transfer
T03882,2024-07-16 00:00:00,C121,P008,S001,4,0,Credit Card
T03883,2024-10-05 00:00:00,C122,P036,S002,3,0,Credit Card
T03884,2024-05-07 00:00:00,C198,P043,S001,1,0.1,Bank Transfer
T03885,2023-10-03 00:00:00,C012,P024,S002,3,0.15,Credit Card
T03886,2024-10-03 00:00:00,C176,P042,S002,1,0.15,Bank Transfer
T03887,2024-04-11 00:00:00,C055,P044,S003,4,0.1,Credit Card
T03888,2024-04-03 00:00:00,C087,P021,S002,4,0,Mobile Money
T03889,2025-03-23 00:00:00,C070,P010,S005,4,0,Mobile Money
T03890,2025-01-13 00:00:00,C115,P001,S002,5,0.05,Bank Transfer
T03891,2025-03-02 00:00:00,C077,P018,S005,5,0.05,Bank Transfer
T03892,2024-05-21 00:00:00,C046,P039,S003,2,0.15,Bank Transfer
T03893,2024-05-23 00:00:00,C104,P025,S002,5,0,Bank Transfer
T03894,2025-02-22 00:00:00,C086,P032,S001,4,0.15,Bank Transfer
T03895,2025-06-28 00:00:00,C181,P028,S001,4,0.1,Mobile Money
T03896,2024-12-28 00:00:00,C159,P016,S003,3,0,Bank Transfer
T03897,2024-02-16 00:00:00,C102,P022,S002,2,0.05,Cash
T03898,2024-06-13 00:00:00,C153,P045,S001,5,0.1,Bank Transfer
T03899,2025-08-11 00:00:00,C028,P037,S001,4,0.1,Cash
T03900,2025-08-24 00:00:00,C171,P009,S005,1,0.05,Cash
T03901,2025-04-09 00:00:00,C022,P006,S001,4,0.15,Cash
T03902,2025-02-12 00:00:00,C154,P021,S001,2,0.1,Bank Transfer
T03903,2024-04-11 00:00:00,C181,P013,S004,4,0,Credit Card
T03904,2023-12-26 00:00:00,C044,P045,S001,4,0.1,Credit Card
T03905,2025-06-28 00:00:00,C081,P029,S003,1,0.05,Cash
T03906,2024-11-05 00:00:00,C022,P021,S002,2,0.15,Bank Transfer
T03907,2023-10-12 00:00:00,C145,P034,S003,1,0,Credit Card
T03908,2024-07-08 00:00:00,C107,P011,S001,1,0.1,Cash
T03909,2023-12-02 00:00:00,C087,P035,S002,2,0.1,Bank Transfer
T03910,2024-08-12 00:00:00,C113,P028,S005,3,0,Mobile Money
T03911,2024-01-29 00:00:00,C073,P035,S001,4,0,Mobile Money
T03912,2024-11-30 00:00:00,C181,P024,S002,2,0.15,Cash
T03913,2024-03-03 00:00:00,C091,P003,S005,3,0,Credit Card
T03914,2024-07-20 00:00:00,C171,P023,S001,1,0,Mobile Money
T03915,2023-12-09 00:00:00,C074,P024,S005,2,0.1,Cash
T03916,2025-02-20 00:00:00,C053,P033,S005,1,0,Bank Transfer
T03917,2023-09-28 00:00:00,C090,P012,S002,1,0.05,Mobile Money
T03918,2025-04-02 00:00:00,C012,P050,S005,5,0.1,Cash
T03919,2024-11-22 00:00:00,C019,P028,S005,3,0,Credit Card
T03920,2025-08-02 00:00:00,C168,P025,S003,5,0.05,Bank Transfer
T03921,2025-01-06 00:00:00,C089,P038,S002,3,0.1,Credit Card
T03922,2024-11-19 00:00:00,C012,P031,S003,4,0,Cash
T03923,2023-10-06 00:00:00,C016,P017,S004,4,0,Cash
T03924,2025-01-07 00:00:00,C102,P002,S005,4,0,Cash
T03925,2024-04-05 00:00:00,C140,P033,S004,4,0.15,Bank Transfer
T03926,2024-04-19 00:00:00,C012,P012,S002,4,0.1,Credit Card
T03927,2025-08-15 00:00:00,C184,P016,S002,2,0.1,Bank Transfer
T03928,2025-06-23 00:00:00,C149,P004,S003,2,0,Cash
T03929,2023-11-05 00:00:00,C101,P010,S004,4,0.15,Credit Card
T03930,2023-12-21 00:00:00,C086,P043,S003,1,0.05,Credit Card
T03931,2025-03-03 00:00:00,C163,P036,S003,1,0,Mobile Money
T03932,2025-08-15 00:00:00,C055,P037,S004,3,0.1,Credit Card
T03933,2024-04-01 00:00:00,C101,P026,S002,3,0,Mobile Money
T03934,2025-05-15 00:00:00,C138,P042,S003,2,0,Credit Card
T03935,2024-02-06 00:00:00,C170,P030,S005,2,0.05,Credit Card
T03936,2025-02-17 00:00:00,C079,P050,S003,1,0,Cash
T03937,2023-11-09 00:00:00,C189,P015,S001,5,0,Mobile Money
T03938,2024-11-26 00:00:00,C174,P032,S001,3,0.05,Cash
T03939,2025-01-09 00:00:00,C164,P018,S005,5,0.15,Bank Transfer
T03940,2024-08-12 00:00:00,C063,P030,S001,2,0,Cash
T03941,2024-02-11 00:00:00,C099,P045,S004,4,0.05,Credit Card
T03942,2025-02-21 00:00:00,C158,P001,S001,3,0.1,Mobile Money
T03943,2024-12-10 00:00:00,C086,P024,S005,5,0.15,Bank Transfer
T03944,2025-02-13 00:00:00,C145,P033,S002,1,0.05,Mobile Money
T03945,2024-01-14 00:00:00,C080,P019,S002,4,0,Credit Card
T03946,2023-11-16 00:00:00,C062,P034,S004,2,0,Credit Card
T03947,2024-02-22 00:00:00,C118,P032,S003,3,0.05,Cash
T03948,2024-07-23 00:00:00,C066,P032,S004,4,0,Credit Card
T03949,2024-06-13 00:00:00,C001,P025,S004,1,0,Bank Transfer
T03950,2024-01-02 00:00:00,C042,P050,S002,5,0,Credit Card
T03951,2023-12-09 00:00:00,C049,P039,S004,2,0,Credit Card
T03952,2025-02-08 00:00:00,C018,P041,S003,5,0,Mobile Money
T03953,2023-10-14 00:00:00,C186,P003,S001,3,0,Mobile Money
T03954,2023-11-02 00:00:00,C028,P042,S001,5,0.15,Credit Card
T03955,2024-12-07 00:00:00,C138,P032,S003,3,0,Bank Transfer
T03956,2024-11-06 00:00:00,C146,P049,S004,4,0.05,Cash
T03957,2025-01-20 00:00:00,C098,P018,S005,5,0,Cash
T03958,2025-04-20 00:00:00,C193,P013,S003,2,0.15,Credit Card
T03959,2024-12-16 00:00:00,C018,P026,S005,4,0.05,Mobile Money
T03960,2024-02-20 00:00:00,C045,P028,S005,3,0.1,Bank Transfer
T03961,2023-12-11 00:00:00,C014,P012,S001,5,0.05,Credit Card
T03962,2024-02-01 00:00:00,C185,P027,S004,2,0,Cash
T03963,2024-06-11 00:00:00,C046,P005,S005,2,0.1,Credit Card
T03964,2024-07-31 00:00:00,C161,P016,S002,2,0.05,Cash
T03965,2024-10-18 00:00:00,C065,P023,S001,3,0.1,Mobile Money
T03966,2024-07-06 00:00:00,C072,P024,S002,2,0,Cash
T03967,2024-10-10 00:00:00,C108,P004,S003,5,0.05,Cash
T03968,2025-04-25 00:00:00,C173,P003,S002,1,0.05,Cash
T03969,2023-11-29 00:00:00,C163,P026,S002,1,0.1,Credit Card
T03970,2024-04-03 00:00:00,C057,P027,S002,2,0.15,Mobile Money
T03971,2023-12-14 00:00:00,C092,P029,S002,1,0.05,Bank Transfer
T03972,2025-07-15 00:00:00,C184,P023,S002,1,0.05,Cash
T03973,2024-09-09 00:00:00,C107,P045,S003,1,0.15,Bank Transfer
T03974,2023-12-09 00:00:00,C102,P014,S002,1,0,Bank Transfer
T03975,2025-05-14 00:00:00,C184,P020,S005,2,0.15,Mobile Money
T03976,2025-07-03 00:00:00,C118,P036,S003,4,0,Credit Card
T03977,2024-05-26 00:00:00,C034,P040,S001,1,0.05,Cash
T03978,2025-02-13 00:00:00,C107,P017,S001,4,0.1,Mobile Money
T03979,2024-02-17 00:00:00,C156,P019,S001,2,0.05,Cash
T03980,2025-02-24 00:00:00,C008,P035,S003,2,0.1,Cash
T03981,2024-09-25 00:00:00,C159,P031,S004,4,0.05,Credit Card
T03982,2024-06-19 00:00:00,C146,P013,S001,2,0,Mobile Money
T03983,2025-04-25 00:00:00,C125,P019,S001,5,0,Bank Transfer
T03984,2024-02-14 00:00:00,C104,P039,S005,3,0.15,Mobile Money
T03985,2023-09-17 00:00:00,C118,P015,S001,4,0.05,Mobile Money
T03986,2024-07-07 00:00:00,C040,P024,S001,5,0.15,Bank Transfer
T03987,2025-02-20 00:00:00,C093,P041,S001,3,0.1,Bank Transfer
T03988,2024-10-05 00:00:00,C077,P037,S001,4,0.15,Mobile Money
T03989,2025-07-31 00:00:00,C051,P041,S003,5,0.05,Credit Card
T03990,2025-03-16 00:00:00,C146,P010,S004,3,0,Bank Transfer
T03991,2024-03-30 00:00:00,C166,P019,S005,4,0.05,Mobile Money
T03992,2025-03-07 00:00:00,C049,P037,S002,2,0.15,Credit Card
T03993,2024-04-01 00:00:00,C112,P031,S001,1,0.1,Credit Card
T03994,2023-10-28 00:00:00,C066,P012,S002,4,0.05,Bank Transfer
T03995,2023-12-27 00:00:00,C168,P006,S005,3,0.1,Credit Card
T03996,2025-02-12 00:00:00,C026,P029,S005,5,0,Mobile Money
T03997,2024-05-22 00:00:00,C153,P031,S005,1,0.15,Credit Card
T03998,2024-01-08 00:00:00,C164,P033,S002,3,0,Mobile Money
T03999,2025-02-03 00:00:00,C068,P014,S002,2,0.1,Credit Card
T04000,2025-04-08 00:00:00,C035,P031,S003,4,0.05,Bank Transfer
T04001,2024-03-22 00:00:00,C171,P028,S001,3,0.05,Credit Card
T04002,2025-07-06 00:00:00,C063,P026,S003,2,0,Credit Card
T04003,2024-08-13 00:00:00,C020,P008,S001,3,0.15,Mobile Money
T04004,2024-08-02 00:00:00,C008,P004,S003,3,0.1,Mobile Money
T04005,2025-06-03 00:00:00,C200,P014,S004,5,0.1,Mobile Money
T04006,2025-04-01 00:00:00,C085,P047,S004,4,0.1,Bank Transfer
T04007,2023-12-04 00:00:00,C052,P033,S003,2,0.15,Bank Transfer
T04008,2024-06-01 00:00:00,C145,P015,S004,3,0.15,Mobile Money
T04009,2024-07-14 00:00:00,C187,P037,S005,5,0.15,Cash
T04010,2024-08-06 00:00:00,C111,P046,S002,3,0.05,Cash
T04011,2024-11-06 00:00:00,C046,P046,S003,3,0.1,Cash
T04012,2023-10-19 00:00:00,C138,P018,S001,5,0.1,Bank Transfer
T04013,2025-02-13 00:00:00,C131,P043,S001,3,0.05,Mobile Money
T04014,2024-05-18 00:00:00,C153,P049,S002,3,0.1,Mobile Money
T04015,2024-07-29 00:00:00,C102,P049,S003,4,0.05,Cash
T04016,2025-08-25 00:00:00,C062,P009,S001,4,0.1,Credit Card
T04017,2025-01-02 00:00:00,C062,P040,S003,5,0,Bank Transfer
T04018,2023-12-04 00:00:00,C047,P024,S004,1,0.1,Cash
T04019,2023-11-18 00:00:00,C171,P023,S003,5,0.05,Credit Card
T04020,2024-08-06 00:00:00,C041,P017,S004,1,0.1,Bank Transfer
T04021,2024-05-30 00:00:00,C080,P032,S002,1,0.15,Mobile Money
T04022,2024-07-04 00:00:00,C057,P029,S004,2,0,Cash
T04023,2024-04-16 00:00:00,C008,P025,S005,1,0.15,Bank Transfer
T04024,2023-09-22 00:00:00,C043,P007,S002,1,0,Bank Transfer
T04025,2023-11-16 00:00:00,C187,P034,S005,4,0,Bank Transfer
T04026,2024-11-14 00:00:00,C082,P042,S002,2,0.1,Bank Transfer
T04027,2024-12-11 00:00:00,C190,P014,S002,4,0.15,Bank Transfer
T04028,2025-06-03 00:00:00,C069,P046,S004,1,0,Mobile Money
T04029,2024-05-01 00:00:00,C050,P036,S002,1,0.15,Bank Transfer
T04030,2024-01-21 00:00:00,C190,P040,S002,2,0.15,Mobile Money
T04031,2023-11-06 00:00:00,C116,P046,S002,5,0.15,Mobile Money
T04032,2025-06-15 00:00:00,C175,P011,S003,4,0.05,Credit Card
T04033,2024-07-10 00:00:00,C120,P039,S001,1,0.1,Cash
T04034,2023-09-10 00:00:00,C166,P034,S001,3,0.05,Mobile Money
T04035,2025-06-16 00:00:00,C138,P036,S001,1,0.1,Bank Transfer
T04036,2025-03-11 00:00:00,C167,P046,S005,1,0,Cash
T04037,2024-04-14 00:00:00,C039,P017,S004,2,0.05,Cash
T04038,2024-11-07 00:00:00,C080,P046,S002,3,0.15,Credit Card
T04039,2023-09-22 00:00:00,C031,P043,S004,1,0.1,Credit Card
T04040,2024-02-20 00:00:00,C147,P016,S001,2,0.15,Cash
T04041,2025-01-21 00:00:00,C127,P027,S002,1,0.05,Cash
T04042,2025-01-13 00:00:00,C051,P014,S004,5,0.1,Bank Transfer
T04043,2023-12-04 00:00:00,C182,P020,S002,5,0.15,Credit Card
T04044,2024-02-10 00:00:00,C185,P030,S001,5,0.05,Mobile Money
T04045,2024-07-06 00:00:00,C064,P030,S003,2,0.1,Bank Transfer
T04046,2024-10-30 00:00:00,C169,P040,S002,2,0.05,Credit Card
T04047,2025-01-10 00:00:00,C039,P030,S004,2,0.05,Credit Card
T04048,2025-07-06 00:00:00,C001,P004,S003,3,0.15,Credit Card
T04049,2025-07-05 00:00:00,C091,P001,S002,2,0.05,Mobile Money
T04050,2024-05-20 00:00:00,C110,P049,S001,5,0.1,Cash
T04051,2025-04-06 00:00:00,C121,P013,S004,1,0,Mobile Money
T04052,2025-02-14 00:00:00,C012,P023,S005,2,0.15,Mobile Money
T04053,2025-07-13 00:00:00,C031,P036,S005,2,0.05,Mobile Money
T04054,2024-09-16 00:00:00,C010,P037,S001,1,0.15,Cash
T04055,2024-10-02 00:00:00,C040,P017,S004,1,0.1,Credit Card
T04056,2024-10-28 00:00:00,C143,P014,S005,2,0,Mobile Money
T04057,2025-04-03 00:00:00,C171,P002,S004,3,0.1,Mobile Money
T04058,2024-04-05 00:00:00,C123,P001,S002,3,0.15,Bank Transfer
T04059,2024-09-03 00:00:00,C034,P014,S002,2,0.05,Credit Card
T04060,2024-07-18 00:00:00,C037,P027,S002,5,0,Cash
T04061,2024-06-21 00:00:00,C194,P034,S005,3,0.1,Credit Card
T04062,2024-12-31 00:00:00,C089,P005,S005,5,0.05,Credit Card
T04063,2024-12-22 00:00:00,C046,P015,S003,4,0,Mobile Money
T04064,2023-09-18 00:00:00,C047,P019,S005,3,0.05,Bank Transfer
T04065,2023-12-05 00:00:00,C168,P014,S001,4,0.05,Mobile Money
T04066,2024-01-04 00:00:00,C063,P011,S001,1,0,Bank Transfer
T04067,2025-02-16 00:00:00,C102,P040,S004,3,0,Credit Card
T04068,2024-06-06 00:00:00,C002,P006,S004,3,0.05,Bank Transfer
T04069,2025-02-03 00:00:00,C198,P035,S001,5,0.1,Credit Card
T04070,2023-11-08 00:00:00,C004,P037,S001,2,0.15,Credit Card
T04071,2023-09-30 00:00:00,C103,P039,S001,5,0.1,Mobile Money
T04072,2024-01-27 00:00:00,C059,P040,S005,4,0.1,Mobile Money
T04073,2024-01-30 00:00:00,C017,P042,S003,3,0.15,Cash
T04074,2023-12-09 00:00:00,C093,P023,S003,3,0,Credit Card
T04075,2025-05-05 00:00:00,C161,P021,S001,3,0,Mobile Money
T04076,2024-05-12 00:00:00,C185,P023,S003,1,0,Bank Transfer
T04077,2025-08-05 00:00:00,C085,P028,S004,3,0,Cash
T04078,2024-10-29 00:00:00,C148,P006,S004,5,0.05,Bank Transfer
T04079,2025-08-24 00:00:00,C116,P016,S005,4,0.1,Credit Card
T04080,2024-09-08 00:00:00,C016,P018,S004,1,0.05,Cash
T04081,2025-04-10 00:00:00,C065,P022,S002,4,0.05,Cash
T04082,2024-04-18 00:00:00,C019,P015,S005,4,0,Credit Card
T04083,2024-02-08 00:00:00,C187,P007,S001,2,0.1,Cash
T04084,2023-11-05 00:00:00,C052,P031,S005,2,0.15,Mobile Money
T04085,2025-08-24 00:00:00,C119,P014,S005,5,0.15,Mobile Money
T04086,2024-11-08 00:00:00,C010,P040,S005,5,0.15,Credit Card
T04087,2024-04-26 00:00:00,C019,P047,S002,4,0.15,Mobile Money
T04088,2025-05-12 00:00:00,C060,P048,S001,5,0.05,Credit Card
T04089,2024-04-01 00:00:00,C113,P049,S004,1,0.15,Bank Transfer
T04090,2024-04-20 00:00:00,C179,P012,S005,5,0.15,Mobile Money
T04091,2025-04-04 00:00:00,C091,P034,S002,2,0.1,Credit Card
T04092,2024-02-07 00:00:00,C030,P029,S005,1,0.15,Bank Transfer
T04093,2023-09-29 00:00:00,C080,P010,S002,1,0.1,Credit Card
T04094,2023-09-26 00:00:00,C060,P028,S001,2,0,Credit Card
T04095,2024-11-22 00:00:00,C031,P030,S005,1,0.1,Cash
T04096,2023-11-25 00:00:00,C199,P013,S003,4,0.15,Bank Transfer
T04097,2025-08-21 00:00:00,C073,P038,S005,4,0.1,Mobile Money
T04098,2025-01-12 00:00:00,C002,P028,S001,1,0.05,Mobile Money
T04099,2025-04-26 00:00:00,C144,P026,S004,4,0.1,Bank Transfer
T04100,2024-03-21 00:00:00,C140,P043,S004,4,0.15,Bank Transfer
T04101,2025-06-18 00:00:00,C147,P043,S004,5,0.15,Bank Transfer
T04102,2025-08-25 00:00:00,C023,P019,S004,2,0.15,Bank Transfer
T04103,2024-01-26 00:00:00,C110,P036,S001,3,0.1,Cash
T04104,2023-12-15 00:00:00,C006,P014,S004,2,0.1,Bank Transfer
T04105,2024-01-26 00:00:00,C179,P022,S002,4,0.05,Cash
T04106,2025-03-27 00:00:00,C151,P001,S004,3,0.15,Credit Card
T04107,2024-05-04 00:00:00,C119,P022,S004,1,0,Bank Transfer
T04108,2024-03-09 00:00:00,C036,P004,S005,4,0.05,Bank Transfer
T04109,2025-05-15 00:00:00,C053,P045,S001,3,0.15,Cash
T04110,2025-01-13 00:00:00,C046,P024,S003,3,0,Credit Card
T04111,2023-11-03 00:00:00,C136,P031,S002,4,0.15,Credit Card
T04112,2025-05-11 00:00:00,C110,P016,S003,2,0,Bank Transfer
T04113,2023-12-28 00:00:00,C158,P008,S003,5,0.1,Mobile Money
T04114,2025-04-17 00:00:00,C090,P001,S003,4,0.15,Credit Card
T04115,2024-12-19 00:00:00,C077,P015,S003,3,0.1,Credit Card
T04116,2023-09-17 00:00:00,C079,P017,S003,1,0.1,Cash
T04117,2025-08-14 00:00:00,C102,P038,S005,5,0.05,Credit Card
T04118,2023-12-28 00:00:00,C181,P031,S003,3,0.15,Bank Transfer
T04119,2025-06-01 00:00:00,C058,P001,S005,3,0.15,Bank Transfer
T04120,2023-12-08 00:00:00,C005,P034,S005,5,0.05,Credit Card
T04121,2025-01-04 00:00:00,C058,P018,S001,5,0.1,Mobile Money
T04122,2025-03-24 00:00:00,C033,P027,S005,4,0.05,Bank Transfer
T04123,2024-11-07 00:00:00,C026,P049,S002,2,0,Cash
T04124,2024-04-15 00:00:00,C195,P033,S005,4,0.05,Cash
T04125,2025-07-08 00:00:00,C177,P009,S002,1,0.15,Cash
T04126,2024-05-31 00:00:00,C123,P027,S003,3,0.1,Credit Card
T04127,2025-02-22 00:00:00,C074,P015,S004,3,0.1,Mobile Money
T04128,2024-04-13 00:00:00,C150,P004,S002,2,0,Credit Card
T04129,2024-11-16 00:00:00,C003,P026,S001,3,0.1,Mobile Money
T04130,2024-12-28 00:00:00,C078,P014,S004,1,0.05,Credit Card
T04131,2023-10-01 00:00:00,C146,P042,S001,1,0.05,Bank Transfer
T04132,2025-01-18 00:00:00,C028,P029,S002,1,0.05,Mobile Money
T04133,2024-05-29 00:00:00,C086,P033,S004,3,0.15,Credit Card
T04134,2024-11-29 00:00:00,C085,P006,S005,3,0.15,Cash
T04135,2023-12-16 00:00:00,C143,P010,S004,1,0.05,Cash
T04136,2023-10-16 00:00:00,C067,P044,S003,5,0.1,Credit Card
T04137,2025-06-03 00:00:00,C067,P039,S003,4,0.15,Credit Card
T04138,2024-09-13 00:00:00,C022,P030,S001,2,0.1,Cash
T04139,2023-12-19 00:00:00,C053,P015,S003,2,0.05,Mobile Money
T04140,2024-06-24 00:00:00,C041,P013,S002,1,0.05,Credit Card
T04141,2025-05-15 00:00:00,C080,P010,S004,3,0.05,Bank Transfer
T04142,2025-04-18 00:00:00,C105,P024,S002,1,0,Bank Transfer
T04143,2023-12-24 00:00:00,C060,P008,S004,5,0.15,Mobile Money
T04144,2024-02-10 00:00:00,C139,P023,S001,1,0.1,Credit Card
T04145,2023-10-07 00:00:00,C146,P024,S003,4,0,Credit Card
T04146,2023-12-07 00:00:00,C168,P035,S001,4,0.15,Bank Transfer
T04147,2023-12-04 00:00:00,C017,P012,S004,3,0.05,Cash
T04148,2025-04-13 00:00:00,C078,P033,S002,3,0,Credit Card
T04149,2024-02-03 00:00:00,C059,P001,S005,3,0,Credit Card
T04150,2024-12-20 00:00:00,C042,P007,S005,5,0.1,Mobile Money
T04151,2023-10-03 00:00:00,C101,P001,S003,2,0.15,Bank Transfer
T04152,2024-12-24 00:00:00,C187,P011,S002,2,0.05,Credit Card
T04153,2025-07-05 00:00:00,C134,P046,S002,5,0.05,Cash
T04154,2024-04-22 00:00:00,C035,P048,S001,2,0.1,Mobile Money
T04155,2025-06-09 00:00:00,C147,P048,S001,2,0.05,Cash
T04156,2025-03-06 00:00:00,C059,P039,S001,2,0.05,Bank Transfer
T04157,2023-12-26 00:00:00,C105,P010,S004,4,0,Cash
T04158,2024-03-03 00:00:00,C172,P042,S004,4,0.1,Cash
T04159,2025-08-19 00:00:00,C113,P045,S004,2,0.15,Bank Transfer
T04160,2023-10-20 00:00:00,C193,P002,S003,2,0,Credit Card
T04161,2024-09-22 00:00:00,C072,P037,S003,2,0,Cash
T04162,2025-04-27 00:00:00,C045,P009,S002,5,0.1,Mobile Money
T04163,2024-03-06 00:00:00,C044,P005,S002,1,0.05,Bank Transfer
T04164,2025-07-09 00:00:00,C184,P046,S002,1,0.05,Bank Transfer
T04165,2024-10-16 00:00:00,C118,P048,S001,5,0,Cash
T04166,2024-05-23 00:00:00,C117,P010,S002,2,0.05,Bank Transfer
T04167,2025-01-20 00:00:00,C014,P037,S003,1,0.15,Mobile Money
T04168,2023-09-22 00:00:00,C067,P043,S005,4,0,Mobile Money
T04169,2025-05-08 00:00:00,C165,P049,S004,3,0.1,Mobile Money
T04170,2025-06-09 00:00:00,C028,P033,S005,5,0.05,Bank Transfer
T04171,2023-11-20 00:00:00,C013,P004,S004,3,0.05,Mobile Money
T04172,2024-02-20 00:00:00,C040,P022,S004,2,0.1,Cash
T04173,2024-01-03 00:00:00,C047,P035,S002,3,0,Bank Transfer
T04174,2025-06-26 00:00:00,C099,P002,S004,5,0.1,Bank Transfer
T04175,2025-05-07 00:00:00,C130,P043,S002,2,0.15,Credit Card
T04176,2024-09-09 00:00:00,C161,P027,S002,4,0,Credit Card
T04177,2023-09-16 00:00:00,C026,P009,S002,1,0,Cash
T04178,2024-03-24 00:00:00,C031,P024,S005,4,0,Credit Card
T04179,2025-08-26 00:00:00,C179,P037,S003,5,0.15,Cash
T04180,2025-07-27 00:00:00,C172,P031,S001,4,0,Mobile Money
T04181,2025-01-23 00:00:00,C075,P021,S001,2,0.05,Bank Transfer
T04182,2025-04-21 00:00:00,C027,P039,S005,5,0.1,Bank Transfer
T04183,2024-06-12 00:00:00,C046,P005,S005,3,0,Mobile Money
T04184,2023-11-25 00:00:00,C027,P008,S002,2,0.05,Mobile Money
T04185,2024-04-13 00:00:00,C100,P043,S003,2,0.05,Mobile Money
T04186,2023-12-26 00:00:00,C047,P033,S002,1,0.1,Bank Transfer
T04187,2024-05-31 00:00:00,C039,P047,S002,1,0.15,Credit Card
T04188,2024-05-18 00:00:00,C097,P024,S003,3,0.15,Credit Card
T04189,2025-07-15 00:00:00,C050,P037,S001,5,0.05,Credit Card
T04190,2024-10-11 00:00:00,C075,P005,S003,3,0.15,Cash
T04191,2024-03-04 00:00:00,C079,P037,S005,5,0.15,Bank Transfer
T04192,2025-08-15 00:00:00,C004,P039,S003,4,0,Credit Card
T04193,2023-09-15 00:00:00,C003,P006,S003,5,0.15,Bank Transfer
T04194,2025-03-06 00:00:00,C019,P013,S005,3,0.05,Mobile Money
T04195,2024-05-06 00:00:00,C128,P041,S003,5,0.05,Mobile Money
T04196,2024-04-19 00:00:00,C110,P024,S002,2,0.1,Mobile Money
T04197,2025-08-06 00:00:00,C060,P040,S003,2,0.15,Mobile Money
T04198,2024-09-18 00:00:00,C122,P020,S003,2,0.05,Bank Transfer
T04199,2025-08-18 00:00:00,C146,P004,S002,1,0.15,Cash
T04200,2024-07-10 00:00:00,C103,P019,S003,5,0,Credit Card
T04201,2023-11-08 00:00:00,C155,P032,S002,1,0.1,Credit Card
T04202,2025-06-27 00:00:00,C039,P008,S005,3,0,Cash
T04203,2024-10-13 00:00:00,C083,P041,S004,2,0,Credit Card
T04204,2024-07-22 00:00:00,C152,P048,S003,3,0.15,Credit Card
T04205,2024-05-29 00:00:00,C112,P042,S002,4,0.05,Mobile Money
T04206,2024-10-02 00:00:00,C045,P004,S005,3,0.05,Cash
T04207,2024-12-05 00:00:00,C111,P044,S004,1,0.1,Bank Transfer
T04208,2024-10-05 00:00:00,C160,P028,S005,1,0.1,Cash
T04209,2025-02-12 00:00:00,C050,P047,S002,1,0.05,Cash
T04210,2025-09-09 00:00:00,C012,P036,S003,5,0.05,Credit Card
T04211,2025-03-05 00:00:00,C017,P013,S001,2,0.05,Cash
T04212,2024-12-19 00:00:00,C045,P023,S001,3,0.1,Cash
T04213,2024-03-12 00:00:00,C183,P030,S003,5,0.05,Mobile Money
T04214,2025-04-29 00:00:00,C140,P033,S004,5,0.15,Mobile Money
T04215,2025-04-13 00:00:00,C077,P046,S001,1,0,Bank Transfer
T04216,2024-05-06 00:00:00,C068,P002,S005,5,0,Mobile Money
T04217,2024-12-04 00:00:00,C080,P002,S003,2,0,Cash
T04218,2023-11-29 00:00:00,C100,P050,S002,5,0.15,Mobile Money
T04219,2024-11-19 00:00:00,C164,P024,S005,4,0.05,Bank Transfer
T04220,2023-12-03 00:00:00,C134,P024,S003,4,0.15,Bank Transfer
T04221,2024-04-19 00:00:00,C103,P044,S003,1,0.15,Credit Card
T04222,2024-09-30 00:00:00,C056,P018,S003,2,0,Credit Card
T04223,2023-12-23 00:00:00,C184,P027,S004,2,0.05,Cash
T04224,2025-01-24 00:00:00,C050,P017,S002,1,0.1,Cash
T04225,2024-03-30 00:00:00,C012,P003,S003,2,0.1,Credit Card
T04226,2024-12-30 00:00:00,C029,P041,S003,4,0,Cash
T04227,2024-11-13 00:00:00,C121,P002,S005,4,0.05,Mobile Money
T04228,2024-06-27 00:00:00,C151,P048,S005,5,0.1,Cash
T04229,2023-12-04 00:00:00,C167,P019,S002,5,0.05,Cash
T04230,2023-10-13 00:00:00,C189,P041,S005,1,0,Credit Card
T04231,2024-11-22 00:00:00,C111,P009,S004,4,0,Credit Card
T04232,2025-03-15 00:00:00,C181,P031,S001,1,0,Bank Transfer
T04233,2025-02-14 00:00:00,C051,P033,S002,5,0.1,Credit Card
T04234,2024-05-08 00:00:00,C140,P044,S004,2,0,Cash
T04235,2025-07-09 00:00:00,C083,P028,S001,3,0.05,Bank Transfer
T04236,2025-01-27 00:00:00,C063,P022,S005,2,0,Bank Transfer
T04237,2023-10-14 00:00:00,C142,P014,S002,4,0.05,Cash
T04238,2024-01-12 00:00:00,C016,P003,S004,4,0.15,Credit Card
T04239,2025-03-05 00:00:00,C118,P037,S004,2,0.05,Credit Card
T04240,2025-09-08 00:00:00,C143,P027,S002,5,0.15,Credit Card
T04241,2024-12-30 00:00:00,C055,P012,S004,4,0,Bank Transfer
T04242,2024-11-08 00:00:00,C163,P021,S001,5,0.15,Credit Card
T04243,2024-02-10 00:00:00,C102,P016,S004,1,0.05,Mobile Money
T04244,2024-01-29 00:00:00,C142,P031,S003,1,0,Cash
T04245,2024-12-05 00:00:00,C049,P020,S002,5,0.05,Credit Card
T04246,2025-04-17 00:00:00,C058,P008,S005,2,0,Credit Card
T04247,2024-12-15 00:00:00,C090,P017,S002,4,0,Mobile Money
T04248,2024-12-05 00:00:00,C084,P041,S001,4,0.15,Mobile Money
T04249,2025-02-04 00:00:00,C099,P040,S001,1,0.15,Bank Transfer
T04250,2025-06-05 00:00:00,C149,P032,S002,1,0,Bank Transfer
T04251,2024-11-20 00:00:00,C064,P037,S001,5,0.05,Mobile Money
T04252,2023-11-22 00:00:00,C156,P041,S004,4,0,Mobile Money
T04253,2025-03-12 00:00:00,C129,P018,S001,3,0.15,Credit Card
T04254,2024-04-03 00:00:00,C139,P012,S003,3,0.15,Credit Card
T04255,2025-01-25 00:00:00,C189,P043,S001,2,0.15,Mobile Money
T04256,2025-06-30 00:00:00,C095,P009,S004,5,0.15,Credit Card
T04257,2024-10-24 00:00:00,C157,P047,S003,5,0,Credit Card
T04258,2024-08-13 00:00:00,C083,P008,S004,2,0.1,Credit Card
T04259,2024-07-13 00:00:00,C088,P021,S003,2,0.1,Mobile Money
T04260,2024-07-06 00:00:00,C161,P026,S001,4,0.1,Credit Card
T04261,2025-05-10 00:00:00,C149,P016,S005,1,0.15,Bank Transfer
T04262,2024-11-01 00:00:00,C161,P020,S004,2,0.15,Mobile Money
T04263,2023-10-07 00:00:00,C152,P028,S003,1,0.15,Mobile Money
T04264,2024-09-13 00:00:00,C125,P041,S001,5,0,Mobile Money
T04265,2024-08-04 00:00:00,C079,P004,S004,3,0.1,Bank Transfer
T04266,2025-03-02 00:00:00,C104,P046,S003,1,0.05,Bank Transfer
T04267,2023-09-27 00:00:00,C029,P037,S004,4,0.05,Bank Transfer
T04268,2023-09-20 00:00:00,C118,P005,S005,3,0.05,Mobile Money
T04269,2024-11-03 00:00:00,C188,P043,S005,5,0,Mobile Money
T04270,2024-05-23 00:00:00,C075,P038,S005,5,0,Bank Transfer
T04271,2025-02-03 00:00:00,C075,P026,S003,1,0.05,Mobile Money
T04272,2024-08-22 00:00:00,C003,P010,S003,2,0,Cash
T04273,2024-10-29 00:00:00,C042,P010,S004,2,0.15,Cash
T04274,2024-03-29 00:00:00,C102,P012,S004,3,0,Cash
T04275,2024-10-30 00:00:00,C140,P027,S002,3,0.1,Bank Transfer
T04276,2024-04-22 00:00:00,C134,P033,S001,2,0,Credit Card
T04277,2024-12-27 00:00:00,C171,P003,S001,3,0.15,Bank Transfer
T04278,2023-10-15 00:00:00,C171,P022,S005,5,0.05,Mobile Money
T04279,2024-12-02 00:00:00,C068,P039,S001,5,0.1,Mobile Money
T04280,2025-05-19 00:00:00,C061,P033,S001,2,0.15,Bank Transfer
T04281,2025-07-25 00:00:00,C004,P041,S001,1,0.05,Cash
T04282,2025-04-08 00:00:00,C174,P047,S003,4,0.15,Cash
T04283,2024-02-17 00:00:00,C152,P048,S005,3,0.05,Cash
T04284,2025-01-06 00:00:00,C092,P035,S004,3,0,Bank Transfer
T04285,2025-08-15 00:00:00,C197,P027,S005,2,0.15,Bank Transfer
T04286,2023-10-22 00:00:00,C111,P042,S004,5,0,Mobile Money
T04287,2025-05-30 00:00:00,C185,P028,S001,1,0.15,Credit Card
T04288,2024-09-09 00:00:00,C107,P015,S001,1,0,Credit Card
T04289,2023-10-15 00:00:00,C110,P020,S003,1,0,Credit Card
T04290,2024-01-07 00:00:00,C070,P033,S003,3,0.1,Credit Card
T04291,2024-09-06 00:00:00,C154,P029,S005,1,0.15,Mobile Money
T04292,2024-10-26 00:00:00,C071,P039,S003,4,0.15,Bank Transfer
T04293,2025-03-13 00:00:00,C043,P021,S003,1,0.15,Credit Card
T04294,2024-05-12 00:00:00,C200,P041,S002,1,0.1,Bank Transfer
T04295,2025-03-24 00:00:00,C157,P012,S005,4,0.15,Credit Card
T04296,2025-07-06 00:00:00,C081,P026,S004,2,0.05,Credit Card
T04297,2023-12-02 00:00:00,C032,P020,S005,1,0.1,Credit Card
T04298,2025-04-26 00:00:00,C056,P033,S003,4,0,Bank Transfer
T04299,2023-11-10 00:00:00,C128,P042,S003,4,0.15,Bank Transfer
T04300,2023-09-22 00:00:00,C139,P005,S003,3,0.1,Credit Card
T04301,2024-02-25 00:00:00,C154,P036,S004,3,0.05,Cash
T04302,2024-04-01 00:00:00,C060,P036,S005,2,0.1,Cash
T04303,2025-06-01 00:00:00,C126,P001,S001,2,0.1,Bank Transfer
T04304,2024-09-13 00:00:00,C187,P012,S003,2,0,Credit Card
T04305,2024-07-15 00:00:00,C180,P002,S005,1,0,Credit Card
T04306,2025-07-05 00:00:00,C101,P004,S002,2,0,Cash
T04307,2024-09-05 00:00:00,C184,P012,S004,2,0.05,Mobile Money
T04308,2024-05-29 00:00:00,C127,P005,S002,4,0.1,Credit Card
T04309,2025-01-06 00:00:00,C159,P013,S003,5,0.1,Bank Transfer
T04310,2024-06-22 00:00:00,C142,P046,S003,2,0.05,Bank Transfer
T04311,2025-07-05 00:00:00,C044,P041,S003,2,0.1,Cash
T04312,2024-12-22 00:00:00,C104,P019,S001,5,0.1,Mobile Money
T04313,2024-04-26 00:00:00,C095,P026,S005,1,0.15,Cash
T04314,2024-01-04 00:00:00,C015,P008,S003,1,0,Bank Transfer
T04315,2023-12-19 00:00:00,C079,P029,S005,1,0.1,Mobile Money
T04316,2023-10-29 00:00:00,C117,P040,S003,3,0.15,Credit Card
T04317,2024-03-28 00:00:00,C196,P008,S003,2,0.1,Credit Card
T04318,2023-10-01 00:00:00,C077,P048,S004,5,0.1,Cash
T04319,2024-12-10 00:00:00,C119,P035,S001,3,0.1,Mobile Money
T04320,2024-06-01 00:00:00,C052,P010,S003,3,0.05,Cash
T04321,2024-12-02 00:00:00,C086,P032,S002,4,0,Credit Card
T04322,2023-10-18 00:00:00,C050,P045,S001,5,0.05,Mobile Money
T04323,2025-03-16 00:00:00,C022,P035,S001,2,0.05,Credit Card
T04324,2024-01-20 00:00:00,C110,P045,S001,5,0.15,Credit Card
T04325,2023-12-20 00:00:00,C143,P028,S001,3,0.05,Mobile Money
T04326,2024-01-11 00:00:00,C140,P006,S004,2,0,Bank Transfer
T04327,2023-09-18 00:00:00,C143,P008,S004,2,0.1,Cash
T04328,2024-07-22 00:00:00,C081,P039,S002,1,0.15,Bank Transfer
T04329,2024-05-05 00:00:00,C105,P004,S003,2,0.1,Credit Card
T04330,2024-12-02 00:00:00,C124,P047,S005,1,0,Cash
T04331,2024-08-14 00:00:00,C092,P016,S004,4,0.05,Bank Transfer
T04332,2024-11-22 00:00:00,C072,P019,S004,4,0,Mobile Money
T04333,2024-07-04 00:00:00,C114,P012,S004,2,0.15,Cash
T04334,2024-03-11 00:00:00,C080,P010,S002,2,0.15,Credit Card
T04335,2025-05-27 00:00:00,C151,P041,S005,5,0.1,Mobile Money
T04336,2025-08-29 00:00:00,C162,P024,S004,3,0.1,Cash
T04337,2024-02-16 00:00:00,C157,P044,S005,5,0,Cash
T04338,2024-05-25 00:00:00,C029,P008,S001,5,0.1,Mobile Money
T04339,2024-11-04 00:00:00,C059,P018,S005,1,0.05,Bank Transfer
T04340,2024-12-29 00:00:00,C042,P048,S001,1,0.15,Bank Transfer
T04341,2024-05-01 00:00:00,C074,P007,S002,3,0.15,Bank Transfer
T04342,2024-11-02 00:00:00,C189,P012,S005,5,0.1,Mobile Money
T04343,2024-07-27 00:00:00,C150,P012,S003,4,0.05,Bank Transfer
T04344,2025-04-01 00:00:00,C199,P003,S004,3,0.1,Credit Card
T04345,2024-05-12 00:00:00,C133,P045,S001,5,0,Credit Card
T04346,2025-04-09 00:00:00,C037,P006,S001,4,0.15,Cash
T04347,2025-02-08 00:00:00,C036,P019,S003,5,0.05,Mobile Money
T04348,2024-04-01 00:00:00,C021,P025,S004,1,0.1,Bank Transfer
T04349,2023-10-24 00:00:00,C068,P018,S003,1,0.1,Credit Card
T04350,2023-09-17 00:00:00,C109,P044,S004,2,0.15,Cash
T04351,2025-06-28 00:00:00,C022,P013,S002,2,0,Credit Card
T04352,2024-05-05 00:00:00,C136,P003,S005,3,0.15,Cash
T04353,2023-11-19 00:00:00,C199,P034,S001,5,0.05,Mobile Money
T04354,2024-10-22 00:00:00,C138,P020,S001,3,0.1,Cash
T04355,2023-12-21 00:00:00,C006,P018,S005,5,0.05,Cash
T04356,2024-11-20 00:00:00,C114,P021,S004,5,0,Bank Transfer
T04357,2024-07-12 00:00:00,C081,P034,S002,5,0.15,Mobile Money
T04358,2025-07-06 00:00:00,C150,P017,S002,2,0.1,Cash
T04359,2024-12-04 00:00:00,C161,P034,S003,5,0,Mobile Money
T04360,2023-11-20 00:00:00,C192,P027,S001,3,0.05,Credit Card
T04361,2025-05-13 00:00:00,C173,P049,S004,1,0,Cash
T04362,2024-04-22 00:00:00,C148,P026,S002,5,0,Cash
T04363,2024-11-13 00:00:00,C064,P015,S005,2,0.15,Bank Transfer
T04364,2024-08-26 00:00:00,C035,P040,S003,3,0,Credit Card
T04365,2024-12-09 00:00:00,C186,P035,S004,1,0,Bank Transfer
T04366,2024-11-09 00:00:00,C137,P008,S001,5,0,Cash
T04367,2024-12-17 00:00:00,C073,P045,S003,1,0.05,Bank Transfer
T04368,2025-09-02 00:00:00,C055,P027,S004,2,0.15,Cash
T04369,2024-05-17 00:00:00,C088,P047,S005,4,0.05,Mobile Money
T04370,2025-03-14 00:00:00,C194,P019,S004,2,0.15,Cash
T04371,2024-09-13 00:00:00,C056,P050,S003,5,0.15,Credit Card
T04372,2024-06-05 00:00:00,C054,P008,S003,2,0,Cash
T04373,2023-12-03 00:00:00,C161,P013,S003,5,0.1,Mobile Money
T04374,2024-08-13 00:00:00,C024,P037,S003,3,0.15,Credit Card
T04375,2025-08-10 00:00:00,C023,P034,S003,4,0.15,Credit Card
T04376,2025-06-19 00:00:00,C150,P023,S004,5,0.05,Bank Transfer
T04377,2024-12-25 00:00:00,C089,P042,S001,1,0.15,Bank Transfer
T04378,2024-08-17 00:00:00,C064,P048,S004,5,0,Credit Card
T04379,2025-01-05 00:00:00,C131,P030,S002,4,0.15,Credit Card
T04380,2024-09-11 00:00:00,C117,P017,S001,2,0.15,Mobile Money
T04381,2024-06-15 00:00:00,C105,P012,S001,3,0.05,Bank Transfer
T04382,2023-10-01 00:00:00,C046,P039,S005,1,0.15,Bank Transfer
T04383,2023-10-21 00:00:00,C066,P033,S001,4,0,Cash
T04384,2025-02-23 00:00:00,C027,P013,S005,4,0.1,Credit Card
T04385,2024-04-30 00:00:00,C086,P040,S005,3,0.15,Bank Transfer
T04386,2024-09-06 00:00:00,C011,P043,S003,1,0,Credit Card
T04387,2024-07-13 00:00:00,C172,P002,S005,5,0,Credit Card
T04388,2025-02-17 00:00:00,C126,P028,S002,1,0.1,Credit Card
T04389,2023-12-11 00:00:00,C125,P012,S004,2,0.15,Credit Card
T04390,2024-10-18 00:00:00,C131,P006,S001,3,0.1,Bank Transfer
T04391,2024-04-05 00:00:00,C117,P015,S001,5,0.05,Bank Transfer
T04392,2025-06-25 00:00:00,C055,P034,S001,5,0.15,Cash
T04393,2023-10-28 00:00:00,C108,P009,S004,4,0.1,Cash
T04394,2024-06-11 00:00:00,C146,P035,S002,2,0.1,Mobile Money
T04395,2024-09-28 00:00:00,C196,P030,S003,3,0.1,Cash
T04396,2025-08-08 00:00:00,C181,P034,S002,3,0.15,Credit Card
T04397,2025-02-28 00:00:00,C126,P022,S001,4,0.1,Credit Card
T04398,2025-08-29 00:00:00,C006,P011,S004,5,0,Cash
T04399,2025-02-07 00:00:00,C194,P013,S004,3,0,Credit Card
T04400,2025-06-15 00:00:00,C079,P047,S002,5,0,Mobile Money
T04401,2025-02-25 00:00:00,C053,P045,S005,4,0.15,Bank Transfer
T04402,2024-11-09 00:00:00,C132,P016,S002,2,0.05,Mobile Money
T04403,2025-04-26 00:00:00,C073,P027,S004,4,0,Bank Transfer
T04404,2024-02-20 00:00:00,C025,P033,S002,1,0,Cash
T04405,2023-10-18 00:00:00,C090,P002,S002,5,0.15,Cash
T04406,2024-10-06 00:00:00,C048,P008,S005,2,0.15,Credit Card
T04407,2024-10-24 00:00:00,C090,P009,S003,2,0,Bank Transfer
T04408,2025-06-22 00:00:00,C018,P017,S002,2,0,Cash
T04409,2024-12-26 00:00:00,C186,P018,S003,4,0.15,Credit Card
T04410,2024-10-05 00:00:00,C002,P029,S003,3,0,Cash
T04411,2025-04-01 00:00:00,C015,P015,S004,5,0.1,Cash
T04412,2025-09-05 00:00:00,C145,P027,S002,2,0.1,Bank Transfer
T04413,2023-12-31 00:00:00,C200,P008,S002,5,0,Cash
T04414,2025-02-13 00:00:00,C160,P004,S004,5,0.1,Cash
T04415,2024-09-03 00:00:00,C163,P020,S002,2,0.1,Mobile Money
T04416,2023-11-19 00:00:00,C008,P003,S005,5,0.15,Credit Card
T04417,2024-08-21 00:00:00,C191,P001,S004,3,0.15,Credit Card
T04418,2024-05-28 00:00:00,C047,P028,S002,3,0,Mobile Money
T04419,2024-11-04 00:00:00,C077,P004,S002,2,0.1,Cash
T04420,2025-04-26 00:00:00,C068,P035,S002,2,0.15,Cash
T04421,2023-12-11 00:00:00,C028,P029,S005,5,0,Cash
T04422,2025-02-02 00:00:00,C050,P021,S003,4,0.15,Cash
T04423,2025-06-28 00:00:00,C177,P039,S004,2,0,Mobile Money
T04424,2025-08-04 00:00:00,C004,P050,S002,5,0.15,Mobile Money
T04425,2024-11-15 00:00:00,C178,P033,S002,1,0.05,Cash
T04426,2025-08-11 00:00:00,C009,P006,S005,3,0.05,Mobile Money
T04427,2024-11-15 00:00:00,C107,P028,S002,1,0.1,Credit Card
T04428,2024-02-11 00:00:00,C105,P013,S005,5,0,Cash
T04429,2024-11-21 00:00:00,C087,P050,S004,4,0.1,Cash
T04430,2025-08-26 00:00:00,C016,P009,S001,4,0.05,Credit Card
T04431,2023-12-15 00:00:00,C086,P028,S005,1,0,Mobile Money
T04432,2024-06-26 00:00:00,C056,P042,S005,4,0,Credit Card
T04433,2024-08-08 00:00:00,C193,P040,S001,4,0.05,Credit Card
T04434,2024-08-26 00:00:00,C024,P031,S001,2,0.15,Cash
T04435,2025-08-26 00:00:00,C191,P016,S005,4,0,Mobile Money
T04436,2023-12-15 00:00:00,C127,P003,S002,2,0,Cash
T04437,2024-06-20 00:00:00,C065,P004,S003,3,0.15,Cash
T04438,2024-06-29 00:00:00,C127,P017,S001,5,0.05,Cash
T04439,2025-05-13 00:00:00,C122,P027,S001,4,0.1,Bank Transfer
T04440,2025-06-17 00:00:00,C063,P045,S004,1,0.05,Credit Card
T04441,2023-12-18 00:00:00,C195,P010,S003,3,0.05,Credit Card
T04442,2024-08-17 00:00:00,C093,P041,S002,1,0.15,Cash
T04443,2023-12-23 00:00:00,C037,P039,S003,2,0.05,Bank Transfer
T04444,2023-11-19 00:00:00,C194,P008,S001,2,0,Bank Transfer
T04445,2024-11-03 00:00:00,C079,P049,S004,4,0.05,Mobile Money
T04446,2024-01-31 00:00:00,C158,P043,S001,2,0.05,Mobile Money
T04447,2025-04-11 00:00:00,C165,P049,S003,3,0,Credit Card
T04448,2024-04-10 00:00:00,C034,P014,S004,4,0,Mobile Money
T04449,2024-05-22 00:00:00,C155,P032,S003,5,0,Credit Card
T04450,2024-11-25 00:00:00,C070,P036,S003,3,0.1,Cash
T04451,2025-01-19 00:00:00,C098,P020,S001,2,0,Cash
T04452,2024-05-09 00:00:00,C148,P033,S001,3,0,Credit Card
T04453,2025-04-23 00:00:00,C111,P009,S005,4,0.1,Mobile Money
T04454,2024-01-27 00:00:00,C066,P032,S004,5,0.15,Mobile Money
T04455,2024-08-02 00:00:00,C033,P007,S002,4,0.15,Cash
T04456,2023-10-04 00:00:00,C003,P024,S005,5,0.1,Bank Transfer
T04457,2024-01-11 00:00:00,C117,P007,S003,1,0.05,Mobile Money
T04458,2023-11-10 00:00:00,C169,P004,S005,1,0,Cash
T04459,2025-01-31 00:00:00,C126,P019,S003,5,0.05,Cash
T04460,2025-05-16 00:00:00,C112,P028,S003,1,0,Mobile Money
T04461,2025-06-06 00:00:00,C147,P023,S005,2,0.15,Credit Card
T04462,2025-06-17 00:00:00,C051,P034,S003,2,0.1,Bank Transfer
T04463,2024-12-25 00:00:00,C131,P011,S004,3,0.15,Cash
T04464,2025-03-27 00:00:00,C130,P045,S002,1,0.05,Mobile Money
T04465,2023-10-07 00:00:00,C082,P033,S003,4,0.05,Credit Card
T04466,2025-06-15 00:00:00,C183,P001,S001,2,0,Credit Card
T04467,2024-10-04 00:00:00,C052,P034,S004,2,0,Bank Transfer
T04468,2024-11-05 00:00:00,C085,P015,S001,2,0.05,Cash
T04469,2024-01-28 00:00:00,C016,P013,S001,1,0.15,Credit Card
T04470,2025-06-01 00:00:00,C075,P036,S004,4,0.05,Cash
T04471,2024-09-01 00:00:00,C157,P013,S001,1,0,Cash
T04472,2024-02-26 00:00:00,C065,P034,S001,4,0,Cash
T04473,2024-11-29 00:00:00,C149,P025,S001,4,0.05,Credit Card
T04474,2024-03-24 00:00:00,C036,P043,S004,2,0.15,Mobile Money
T04475,2025-02-06 00:00:00,C190,P001,S005,1,0.15,Cash
T04476,2025-08-03 00:00:00,C139,P017,S003,3,0,Mobile Money
T04477,2025-06-06 00:00:00,C123,P047,S003,4,0.05,Cash
T04478,2024-12-11 00:00:00,C013,P025,S001,5,0.1,Credit Card
T04479,2024-11-20 00:00:00,C064,P027,S004,1,0,Credit Card
T04480,2024-08-14 00:00:00,C115,P037,S001,1,0,Bank Transfer
T04481,2025-08-27 00:00:00,C024,P005,S005,5,0.1,Bank Transfer
T04482,2024-01-31 00:00:00,C085,P035,S005,2,0.1,Credit Card
T04483,2024-12-20 00:00:00,C005,P038,S002,3,0,Cash
T04484,2024-07-04 00:00:00,C093,P031,S002,3,0.05,Bank Transfer
T04485,2025-07-15 00:00:00,C106,P047,S004,1,0.15,Bank Transfer
T04486,2024-02-29 00:00:00,C097,P024,S005,5,0.1,Bank Transfer
T04487,2024-04-21 00:00:00,C149,P019,S003,4,0.15,Mobile Money
T04488,2025-01-14 00:00:00,C038,P026,S001,1,0,Credit Card
T04489,2024-08-20 00:00:00,C069,P008,S001,2,0,Credit Card
T04490,2024-03-13 00:00:00,C036,P026,S002,5,0.15,Bank Transfer
T04491,2025-05-30 00:00:00,C001,P013,S002,4,0.05,Cash
T04492,2024-02-15 00:00:00,C136,P002,S003,5,0,Mobile Money
T04493,2025-07-06 00:00:00,C068,P042,S003,2,0.15,Credit Card
T04494,2024-06-27 00:00:00,C092,P043,S002,4,0.1,Credit Card
T04495,2023-09-18 00:00:00,C057,P034,S003,4,0,Cash
T04496,2024-01-10 00:00:00,C076,P002,S001,2,0,Credit Card
T04497,2024-03-17 00:00:00,C142,P025,S003,1,0,Mobile Money
T04498,2023-10-15 00:00:00,C018,P023,S002,3,0.1,Cash
T04499,2025-04-02 00:00:00,C074,P037,S004,1,0,Cash
T04500,2025-03-01 00:00:00,C119,P045,S005,2,0.05,Cash
T04501,2023-09-30 00:00:00,C068,P049,S004,4,0,Cash
T04502,2025-04-17 00:00:00,C022,P008,S002,5,0.05,Credit Card
T04503,2025-03-15 00:00:00,C118,P006,S001,1,0,Credit Card
T04504,2025-05-17 00:00:00,C052,P002,S002,5,0.15,Cash
T04505,2024-12-04 00:00:00,C090,P029,S001,2,0,Bank Transfer
T04506,2023-09-11 00:00:00,C137,P026,S003,1,0.15,Mobile Money
T04507,2023-10-08 00:00:00,C112,P032,S003,2,0.1,Bank Transfer
T04508,2024-12-24 00:00:00,C098,P018,S001,3,0.05,Credit Card
T04509,2024-12-17 00:00:00,C113,P035,S004,2,0.1,Mobile Money
T04510,2024-09-09 00:00:00,C007,P038,S001,5,0,Bank Transfer
T04511,2025-03-15 00:00:00,C061,P031,S001,3,0.15,Credit Card
T04512,2023-09-24 00:00:00,C188,P026,S003,4,0.05,Bank Transfer
T04513,2023-12-11 00:00:00,C061,P046,S003,5,0.15,Cash
T04514,2025-03-02 00:00:00,C126,P024,S004,5,0.05,Credit Card
T04515,2025-06-03 00:00:00,C082,P001,S001,2,0.15,Credit Card
T04516,2024-08-03 00:00:00,C101,P005,S004,1,0.15,Mobile Money
T04517,2024-05-18 00:00:00,C181,P029,S004,3,0.15,Credit Card
T04518,2024-05-16 00:00:00,C034,P036,S003,1,0.15,Mobile Money
T04519,2024-06-24 00:00:00,C140,P005,S004,5,0.1,Bank Transfer
T04520,2025-06-09 00:00:00,C122,P040,S004,1,0.05,Cash
T04521,2024-06-12 00:00:00,C164,P049,S002,3,0,Cash
T04522,2025-03-07 00:00:00,C106,P002,S001,5,0.1,Mobile Money
T04523,2025-04-05 00:00:00,C078,P019,S002,2,0.05,Bank Transfer
T04524,2025-08-28 00:00:00,C070,P049,S002,3,0,Bank Transfer
T04525,2024-04-24 00:00:00,C186,P009,S004,4,0.05,Cash
T04526,2024-03-15 00:00:00,C039,P002,S001,3,0.15,Bank Transfer
T04527,2024-10-06 00:00:00,C155,P042,S003,2,0.1,Bank Transfer
T04528,2025-07-15 00:00:00,C148,P016,S002,1,0.15,Bank Transfer
T04529,2025-02-23 00:00:00,C073,P007,S001,1,0,Mobile Money
T04530,2025-05-31 00:00:00,C199,P045,S002,5,0,Credit Card
T04531,2024-04-05 00:00:00,C119,P005,S002,1,0.15,Credit Card
T04532,2025-06-18 00:00:00,C079,P044,S002,3,0.1,Credit Card
T04533,2025-04-02 00:00:00,C186,P011,S001,5,0.1,Mobile Money
T04534,2024-12-15 00:00:00,C138,P006,S001,4,0.15,Bank Transfer
T04535,2025-04-25 00:00:00,C199,P018,S001,3,0,Cash
T04536,2024-09-11 00:00:00,C012,P031,S002,1,0.05,Bank Transfer
T04537,2023-11-19 00:00:00,C080,P020,S002,3,0,Credit Card
T04538,2024-08-02 00:00:00,C064,P018,S001,1,0.15,Cash
T04539,2024-09-30 00:00:00,C080,P020,S005,5,0.15,Cash
T04540,2025-08-16 00:00:00,C062,P022,S004,2,0,Mobile Money
T04541,2024-12-19 00:00:00,C014,P043,S001,2,0.05,Cash
T04542,2025-01-06 00:00:00,C179,P026,S002,1,0.15,Cash
T04543,2024-06-09 00:00:00,C021,P044,S001,3,0,Cash
T04544,2023-10-28 00:00:00,C054,P019,S003,4,0,Credit Card
T04545,2023-09-29 00:00:00,C028,P020,S004,1,0.15,Mobile Money
T04546,2025-08-23 00:00:00,C012,P043,S001,4,0.05,Bank Transfer
T04547,2025-05-29 00:00:00,C176,P042,S005,1,0.1,Cash
T04548,2024-01-13 00:00:00,C149,P036,S003,4,0.1,Bank Transfer
T04549,2024-05-27 00:00:00,C003,P034,S001,1,0.05,Mobile Money
T04550,2024-05-02 00:00:00,C088,P019,S002,3,0.05,Cash
T04551,2023-12-04 00:00:00,C006,P007,S004,2,0.15,Cash
T04552,2023-09-29 00:00:00,C121,P034,S002,4,0,Credit Card
T04553,2023-12-26 00:00:00,C120,P049,S001,4,0,Mobile Money
T04554,2025-03-24 00:00:00,C008,P037,S005,5,0,Mobile Money
T04555,2025-03-30 00:00:00,C040,P006,S002,2,0.15,Bank Transfer
T04556,2024-11-26 00:00:00,C124,P048,S004,1,0.05,Mobile Money
T04557,2024-01-01 00:00:00,C087,P049,S002,1,0.15,Mobile Money
T04558,2025-04-02 00:00:00,C144,P005,S001,1,0.05,Bank Transfer
T04559,2024-04-20 00:00:00,C141,P007,S001,5,0.1,Bank Transfer
T04560,2023-09-12 00:00:00,C120,P046,S005,1,0,Credit Card
T04561,2024-08-04 00:00:00,C167,P041,S003,3,0.05,Credit Card
T04562,2023-12-02 00:00:00,C055,P046,S004,2,0.05,Cash
T04563,2023-09-24 00:00:00,C101,P038,S005,1,0.15,Mobile Money
T04564,2025-07-11 00:00:00,C142,P009,S003,4,0.1,Mobile Money
T04565,2025-06-02 00:00:00,C171,P004,S004,1,0.15,Mobile Money
T04566,2023-10-15 00:00:00,C175,P027,S003,1,0.15,Cash
T04567,2024-04-25 00:00:00,C063,P030,S005,3,0.05,Cash
T04568,2023-11-29 00:00:00,C083,P031,S001,1,0.15,Bank Transfer
T04569,2025-02-08 00:00:00,C038,P014,S004,1,0,Mobile Money
T04570,2025-06-25 00:00:00,C003,P021,S002,2,0.1,Cash
T04571,2024-07-31 00:00:00,C167,P005,S005,3,0.05,Bank Transfer
T04572,2023-11-22 00:00:00,C055,P029,S001,5,0.05,Credit Card
T04573,2025-02-04 00:00:00,C074,P050,S005,3,0,Credit Card
T04574,2024-12-06 00:00:00,C007,P006,S001,3,0,Mobile Money
T04575,2025-02-19 00:00:00,C154,P050,S001,1,0.1,Credit Card
T04576,2023-11-15 00:00:00,C012,P009,S002,1,0.1,Cash
T04577,2025-02-06 00:00:00,C097,P031,S004,3,0.15,Bank Transfer
T04578,2024-09-19 00:00:00,C104,P043,S002,2,0.1,Credit Card
T04579,2024-10-29 00:00:00,C080,P037,S005,1,0,Cash
T04580,2025-03-29 00:00:00,C084,P019,S001,1,0.1,Mobile Money
T04581,2025-07-09 00:00:00,C108,P028,S003,2,0.15,Mobile Money
T04582,2025-07-02 00:00:00,C032,P030,S003,4,0.05,Bank Transfer
T04583,2024-06-11 00:00:00,C083,P001,S001,2,0,Mobile Money
T04584,2024-09-22 00:00:00,C127,P034,S003,1,0.05,Credit Card
T04585,2024-06-17 00:00:00,C152,P010,S003,5,0.15,Cash
T04586,2025-01-11 00:00:00,C088,P018,S003,3,0.05,Mobile Money
T04587,2025-05-21 00:00:00,C164,P040,S001,5,0.15,Credit Card
T04588,2024-07-03 00:00:00,C059,P037,S004,1,0.05,Bank Transfer
T04589,2025-02-17 00:00:00,C075,P044,S004,3,0.1,Mobile Money
T04590,2025-05-24 00:00:00,C198,P037,S004,4,0.05,Cash
T04591,2025-04-07 00:00:00,C092,P048,S001,4,0,Cash
T04592,2025-06-23 00:00:00,C118,P042,S002,1,0.15,Cash
T04593,2025-07-23 00:00:00,C093,P038,S004,3,0.15,Credit Card
T04594,2025-01-09 00:00:00,C124,P029,S001,2,0,Mobile Money
T04595,2025-03-16 00:00:00,C082,P005,S003,2,0,Credit Card
T04596,2025-01-06 00:00:00,C114,P018,S003,1,0.1,Bank Transfer
T04597,2025-05-21 00:00:00,C181,P012,S004,2,0.15,Cash
T04598,2025-06-24 00:00:00,C042,P017,S005,2,0.1,Bank Transfer
T04599,2024-03-15 00:00:00,C198,P006,S004,5,0.15,Credit Card
T04600,2024-12-19 00:00:00,C116,P021,S002,5,0.1,Cash
T04601,2025-05-30 00:00:00,C115,P049,S004,4,0.1,Credit Card
T04602,2024-03-23 00:00:00,C003,P003,S004,4,0.05,Credit Card
T04603,2023-12-01 00:00:00,C123,P024,S001,2,0.1,Credit Card
T04604,2025-02-15 00:00:00,C187,P007,S005,4,0.15,Mobile Money
T04605,2024-10-08 00:00:00,C178,P031,S002,3,0.05,Credit Card
T04606,2025-03-25 00:00:00,C136,P044,S004,5,0.15,Cash
T04607,2024-11-27 00:00:00,C105,P043,S001,3,0.15,Credit Card
T04608,2025-05-15 00:00:00,C046,P008,S001,3,0.1,Credit Card
T04609,2024-12-17 00:00:00,C067,P010,S001,3,0,Credit Card
T04610,2024-06-28 00:00:00,C122,P034,S002,5,0.15,Cash
T04611,2025-08-24 00:00:00,C084,P007,S005,4,0.15,Bank Transfer
T04612,2025-02-19 00:00:00,C199,P031,S001,3,0.05,Bank Transfer
T04613,2024-01-06 00:00:00,C106,P003,S004,1,0.15,Mobile Money
T04614,2024-09-29 00:00:00,C128,P045,S003,3,0.1,Credit Card
T04615,2023-12-19 00:00:00,C112,P041,S001,5,0,Credit Card
T04616,2023-11-16 00:00:00,C135,P015,S003,2,0.05,Mobile Money
T04617,2023-09-15 00:00:00,C054,P012,S004,2,0.15,Credit Card
T04618,2025-07-14 00:00:00,C047,P045,S001,2,0.05,Credit Card
T04619,2025-02-10 00:00:00,C124,P004,S001,1,0,Mobile Money
T04620,2024-02-22 00:00:00,C095,P027,S004,4,0,Mobile Money
T04621,2023-11-15 00:00:00,C028,P003,S004,2,0,Bank Transfer
T04622,2023-11-19 00:00:00,C041,P023,S005,5,0.1,Cash
T04623,2025-06-02 00:00:00,C074,P013,S003,5,0.15,Credit Card
T04624,2025-07-06 00:00:00,C009,P018,S003,2,0,Mobile Money
T04625,2024-04-21 00:00:00,C149,P041,S001,2,0.05,Credit Card
T04626,2024-02-23 00:00:00,C008,P049,S002,4,0,Cash
T04627,2025-06-17 00:00:00,C069,P025,S002,4,0.1,Mobile Money
T04628,2025-04-06 00:00:00,C020,P017,S001,4,0,Cash
T04629,2025-07-01 00:00:00,C116,P032,S004,1,0.05,Cash
T04630,2023-11-28 00:00:00,C103,P024,S002,4,0,Bank Transfer
T04631,2024-07-24 00:00:00,C176,P010,S001,1,0.1,Credit Card
T04632,2023-12-30 00:00:00,C054,P018,S002,4,0.15,Credit Card
T04633,2025-02-09 00:00:00,C065,P044,S003,4,0.05,Cash
T04634,2024-07-22 00:00:00,C113,P013,S002,5,0.1,Mobile Money
T04635,2025-01-16 00:00:00,C111,P037,S002,5,0,Credit Card
T04636,2024-08-18 00:00:00,C145,P049,S001,4,0.1,Bank Transfer
T04637,2024-08-06 00:00:00,C016,P016,S002,3,0.1,Cash
T04638,2025-04-10 00:00:00,C179,P035,S005,2,0.05,Credit Card
T04639,2024-03-22 00:00:00,C119,P011,S002,4,0.05,Cash
T04640,2024-04-24 00:00:00,C041,P045,S005,1,0.15,Credit Card
T04641,2024-05-28 00:00:00,C090,P039,S001,3,0.15,Cash
T04642,2024-12-05 00:00:00,C033,P026,S004,4,0.15,Mobile Money
T04643,2025-08-21 00:00:00,C166,P047,S003,2,0.15,Credit Card
T04644,2024-05-03 00:00:00,C142,P005,S003,3,0.05,Mobile Money
T04645,2024-11-20 00:00:00,C068,P004,S005,5,0.1,Cash
T04646,2025-04-11 00:00:00,C116,P039,S001,5,0.15,Bank Transfer
T04647,2024-12-06 00:00:00,C001,P010,S004,4,0.1,Mobile Money
T04648,2023-09-14 00:00:00,C006,P034,S002,1,0,Cash
T04649,2024-09-03 00:00:00,C145,P005,S002,5,0,Credit Card
T04650,2024-09-26 00:00:00,C048,P033,S001,3,0.1,Credit Card
T04651,2024-11-10 00:00:00,C159,P034,S001,3,0.1,Cash
T04652,2024-08-04 00:00:00,C150,P030,S002,2,0.05,Bank Transfer
T04653,2024-03-07 00:00:00,C050,P019,S002,2,0.05,Cash
T04654,2024-07-05 00:00:00,C043,P028,S002,3,0,Cash
T04655,2024-06-27 00:00:00,C040,P043,S003,3,0.1,Cash
T04656,2025-05-26 00:00:00,C030,P038,S005,2,0.1,Bank Transfer
T04657,2024-01-04 00:00:00,C085,P011,S001,2,0.15,Bank Transfer
T04658,2025-06-24 00:00:00,C178,P017,S002,5,0.05,Credit Card
T04659,2023-10-16 00:00:00,C050,P019,S002,3,0.05,Mobile Money
T04660,2024-06-19 00:00:00,C042,P031,S005,4,0.05,Cash
T04661,2024-03-13 00:00:00,C138,P034,S001,3,0.05,Cash
T04662,2025-04-21 00:00:00,C033,P027,S003,3,0,Credit Card
T04663,2023-11-16 00:00:00,C149,P008,S001,4,0.1,Mobile Money
T04664,2025-06-17 00:00:00,C081,P034,S005,5,0.05,Cash
T04665,2024-06-06 00:00:00,C031,P028,S002,2,0.15,Mobile Money
T04666,2024-01-31 00:00:00,C051,P039,S001,4,0.15,Bank Transfer
T04667,2025-08-28 00:00:00,C151,P025,S003,3,0.05,Cash
T04668,2023-12-10 00:00:00,C004,P028,S004,2,0.1,Cash
T04669,2025-02-27 00:00:00,C145,P045,S002,4,0.1,Cash
T04670,2024-02-26 00:00:00,C151,P010,S002,2,0.15,Mobile Money
T04671,2025-05-26 00:00:00,C020,P046,S002,1,0.15,Bank Transfer
T04672,2024-08-02 00:00:00,C060,P048,S004,2,0.15,Bank Transfer
T04673,2025-03-02 00:00:00,C122,P002,S003,2,0.15,Bank Transfer
T04674,2024-07-08 00:00:00,C099,P022,S001,2,0,Mobile Money
T04675,2023-11-12 00:00:00,C031,P017,S004,2,0,Cash
T04676,2023-11-25 00:00:00,C147,P020,S005,2,0.1,Bank Transfer
T04677,2025-06-01 00:00:00,C036,P012,S003,1,0.05,Credit Card
T04678,2025-01-09 00:00:00,C181,P007,S001,1,0.1,Credit Card
T04679,2025-05-15 00:00:00,C085,P021,S003,1,0.1,Cash
T04680,2025-07-25 00:00:00,C070,P007,S002,2,0,Cash
T04681,2025-01-24 00:00:00,C077,P001,S002,1,0.15,Mobile Money
T04682,2025-07-03 00:00:00,C152,P047,S004,2,0.1,Mobile Money
T04683,2024-06-28 00:00:00,C155,P006,S002,3,0.1,Credit Card
T04684,2023-11-15 00:00:00,C040,P006,S001,5,0.05,Bank Transfer
T04685,2025-05-19 00:00:00,C161,P011,S003,5,0,Credit Card
T04686,2024-10-03 00:00:00,C189,P009,S001,3,0.15,Mobile Money
T04687,2024-08-11 00:00:00,C011,P032,S004,4,0.15,Credit Card
T04688,2025-08-07 00:00:00,C054,P047,S002,2,0.15,Bank Transfer
T04689,2023-09-22 00:00:00,C025,P023,S003,5,0,Credit Card
T04690,2024-07-16 00:00:00,C088,P007,S004,5,0.1,Mobile Money
T04691,2023-10-08 00:00:00,C071,P010,S001,5,0.1,Bank Transfer
T04692,2025-06-18 00:00:00,C189,P050,S005,5,0.05,Credit Card
T04693,2024-09-01 00:00:00,C199,P019,S003,4,0.15,Credit Card
T04694,2024-03-06 00:00:00,C104,P031,S002,1,0.1,Mobile Money
T04695,2024-07-30 00:00:00,C124,P008,S002,5,0.05,Bank Transfer
T04696,2023-11-05 00:00:00,C079,P035,S002,3,0.1,Cash
T04697,2024-07-18 00:00:00,C150,P005,S004,2,0.05,Credit Card
T04698,2023-10-25 00:00:00,C047,P035,S003,1,0,Credit Card
T04699,2024-04-02 00:00:00,C091,P032,S004,2,0.1,Mobile Money
T04700,2023-09-19 00:00:00,C045,P024,S005,4,0.05,Bank Transfer
T04701,2024-10-09 00:00:00,C047,P037,S001,1,0.05,Credit Card
T04702,2024-03-21 00:00:00,C063,P048,S003,1,0.1,Credit Card
T04703,2024-04-14 00:00:00,C153,P012,S001,1,0.15,Mobile Money
T04704,2024-05-21 00:00:00,C044,P041,S004,1,0.05,Mobile Money
T04705,2024-04-25 00:00:00,C103,P030,S001,3,0.1,Cash
T04706,2023-09-15 00:00:00,C149,P045,S003,4,0.05,Credit Card
T04707,2024-01-14 00:00:00,C018,P017,S004,3,0,Cash
T04708,2024-06-22 00:00:00,C184,P050,S002,5,0,Cash
T04709,2024-06-24 00:00:00,C189,P050,S001,5,0.05,Credit Card
T04710,2024-08-15 00:00:00,C095,P015,S002,5,0.05,Credit Card
T04711,2024-09-21 00:00:00,C042,P041,S003,4,0,Cash
T04712,2024-06-24 00:00:00,C152,P027,S002,4,0,Cash
T04713,2023-12-28 00:00:00,C108,P050,S001,5,0.05,Mobile Money
T04714,2024-05-06 00:00:00,C125,P024,S001,3,0.15,Bank Transfer
T04715,2025-08-11 00:00:00,C103,P046,S001,4,0,Mobile Money
T04716,2024-06-05 00:00:00,C112,P049,S002,4,0.1,Credit Card
T04717,2024-06-16 00:00:00,C182,P050,S005,3,0,Cash
T04718,2024-01-08 00:00:00,C147,P019,S003,2,0.15,Credit Card
T04719,2024-06-30 00:00:00,C052,P028,S003,4,0,Mobile Money
T04720,2023-10-17 00:00:00,C109,P016,S002,2,0,Credit Card
T04721,2024-04-14 00:00:00,C051,P026,S004,1,0,Bank Transfer
T04722,2024-09-25 00:00:00,C073,P045,S001,4,0.1,Credit Card
T04723,2025-05-12 00:00:00,C052,P012,S001,4,0.1,Bank Transfer
T04724,2025-03-18 00:00:00,C074,P025,S001,2,0.15,Credit Card
T04725,2024-05-28 00:00:00,C119,P047,S004,4,0.1,Mobile Money
T04726,2024-03-22 00:00:00,C108,P048,S001,4,0.05,Bank Transfer
T04727,2025-01-02 00:00:00,C155,P035,S003,2,0,Bank Transfer
T04728,2024-09-22 00:00:00,C110,P035,S001,4,0.1,Bank Transfer
T04729,2025-04-30 00:00:00,C026,P044,S005,5,0.15,Cash
T04730,2024-09-17 00:00:00,C023,P019,S004,5,0.05,Credit Card
T04731,2024-07-01 00:00:00,C077,P022,S002,1,0.05,Bank Transfer
T04732,2024-12-01 00:00:00,C144,P007,S002,4,0.1,Bank Transfer
T04733,2024-10-26 00:00:00,C198,P009,S003,1,0.15,Credit Card
T04734,2024-08-16 00:00:00,C057,P024,S003,3,0.15,Bank Transfer
T04735,2024-11-18 00:00:00,C051,P015,S005,4,0.1,Mobile Money
T04736,2025-06-02 00:00:00,C146,P014,S001,2,0.1,Bank Transfer
T04737,2024-01-14 00:00:00,C198,P023,S005,3,0.05,Mobile Money
T04738,2024-06-23 00:00:00,C195,P011,S002,4,0,Bank Transfer
T04739,2023-11-23 00:00:00,C177,P026,S004,2,0.05,Mobile Money
T04740,2025-08-19 00:00:00,C188,P005,S003,1,0,Cash
T04741,2025-01-26 00:00:00,C153,P019,S003,2,0.1,Bank Transfer
T04742,2025-05-05 00:00:00,C124,P014,S003,2,0,Mobile Money
T04743,2024-05-19 00:00:00,C186,P028,S003,2,0.1,Cash
T04744,2025-06-07 00:00:00,C009,P031,S005,2,0.15,Cash
T04745,2024-02-12 00:00:00,C068,P013,S004,1,0.1,Mobile Money
T04746,2025-01-05 00:00:00,C166,P047,S004,1,0.1,Credit Card
T04747,2024-10-20 00:00:00,C117,P016,S005,5,0.1,Bank Transfer
T04748,2025-07-13 00:00:00,C055,P048,S004,1,0.15,Mobile Money
T04749,2024-01-20 00:00:00,C022,P023,S005,4,0.1,Mobile Money
T04750,2023-11-07 00:00:00,C066,P031,S004,4,0.05,Mobile Money
T04751,2024-03-13 00:00:00,C194,P012,S002,4,0,Bank Transfer
T04752,2025-01-22 00:00:00,C169,P020,S003,1,0.1,Cash
T04753,2024-10-27 00:00:00,C016,P029,S002,4,0.15,Credit Card
T04754,2025-02-14 00:00:00,C148,P023,S001,1,0.1,Bank Transfer
T04755,2024-03-11 00:00:00,C011,P003,S004,5,0.15,Cash
T04756,2024-11-11 00:00:00,C075,P038,S002,3,0.15,Mobile Money
T04757,2025-07-11 00:00:00,C009,P010,S003,1,0.05,Credit Card
T04758,2025-05-19 00:00:00,C114,P047,S003,4,0.05,Credit Card
T04759,2025-05-09 00:00:00,C007,P023,S004,4,0.15,Credit Card
T04760,2024-04-15 00:00:00,C006,P013,S004,4,0,Credit Card
T04761,2025-02-10 00:00:00,C047,P028,S002,4,0.15,Mobile Money
T04762,2025-08-29 00:00:00,C148,P045,S003,1,0,Mobile Money
T04763,2025-08-22 00:00:00,C131,P050,S005,4,0.1,Credit Card
T04764,2025-02-21 00:00:00,C129,P043,S003,5,0,Mobile Money
T04765,2025-06-13 00:00:00,C121,P020,S002,5,0.15,Credit Card
T04766,2023-12-09 00:00:00,C078,P012,S002,5,0.15,Mobile Money
T04767,2024-09-19 00:00:00,C007,P047,S003,3,0,Bank Transfer
T04768,2024-07-10 00:00:00,C147,P001,S002,2,0,Mobile Money
T04769,2024-02-24 00:00:00,C016,P045,S003,5,0.15,Cash
T04770,2024-07-28 00:00:00,C140,P001,S004,4,0,Mobile Money
T04771,2025-06-07 00:00:00,C101,P021,S002,2,0,Cash
T04772,2024-09-26 00:00:00,C103,P041,S002,5,0,Mobile Money
T04773,2025-06-20 00:00:00,C050,P024,S005,5,0.05,Cash
T04774,2023-09-30 00:00:00,C173,P004,S005,5,0.05,Mobile Money
T04775,2024-02-22 00:00:00,C031,P005,S005,2,0.15,Bank Transfer
T04776,2024-06-18 00:00:00,C197,P016,S002,2,0.15,Cash
T04777,2025-09-08 00:00:00,C118,P018,S001,5,0.15,Bank Transfer
T04778,2024-06-21 00:00:00,C157,P002,S003,2,0.15,Bank Transfer
T04779,2024-10-27 00:00:00,C041,P049,S001,2,0.05,Cash
T04780,2024-11-05 00:00:00,C173,P011,S002,3,0.1,Cash
T04781,2024-05-28 00:00:00,C029,P024,S003,3,0.15,Mobile Money
T04782,2024-04-01 00:00:00,C007,P008,S004,5,0.05,Cash
T04783,2023-12-10 00:00:00,C158,P008,S003,5,0.15,Credit Card
T04784,2025-07-03 00:00:00,C001,P017,S003,3,0.05,Bank Transfer
T04785,2024-10-29 00:00:00,C060,P020,S005,5,0.1,Credit Card
T04786,2024-04-23 00:00:00,C014,P020,S002,1,0.15,Cash
T04787,2024-09-16 00:00:00,C107,P017,S004,5,0,Mobile Money
T04788,2023-10-29 00:00:00,C163,P006,S004,3,0.05,Cash
T04789,2025-03-15 00:00:00,C088,P048,S005,5,0,Cash
T04790,2024-03-30 00:00:00,C098,P032,S003,5,0.05,Cash
T04791,2025-01-18 00:00:00,C085,P029,S001,2,0.15,Cash
T04792,2024-01-20 00:00:00,C030,P032,S004,1,0.05,Mobile Money
T04793,2024-07-02 00:00:00,C162,P024,S003,1,0.15,Cash
T04794,2025-03-18 00:00:00,C053,P023,S001,5,0,Cash
T04795,2024-12-16 00:00:00,C117,P034,S002,4,0.05,Credit Card
T04796,2024-05-20 00:00:00,C154,P041,S004,5,0.05,Bank Transfer
T04797,2023-09-13 00:00:00,C077,P001,S005,3,0,Cash
T04798,2024-04-08 00:00:00,C118,P006,S002,5,0.1,Credit Card
T04799,2024-09-22 00:00:00,C165,P020,S004,3,0,Cash
T04800,2024-10-21 00:00:00,C108,P015,S005,1,0.15,Cash
T04801,2025-04-07 00:00:00,C185,P004,S005,4,0,Credit Card
T04802,2025-07-03 00:00:00,C121,P021,S004,4,0.05,Cash
T04803,2025-02-03 00:00:00,C143,P005,S001,5,0.05,Cash
T04804,2023-11-17 00:00:00,C062,P033,S005,1,0.15,Cash
T04805,2025-08-08 00:00:00,C163,P016,S002,4,0.05,Bank Transfer
T04806,2025-07-31 00:00:00,C072,P012,S003,2,0.1,Mobile Money
T04807,2025-08-21 00:00:00,C162,P020,S002,3,0.1,Mobile Money
T04808,2024-05-23 00:00:00,C002,P013,S001,2,0,Bank Transfer
T04809,2024-10-17 00:00:00,C170,P006,S002,3,0.05,Bank Transfer
T04810,2024-05-11 00:00:00,C056,P034,S004,5,0,Cash
T04811,2024-05-18 00:00:00,C040,P040,S002,4,0.1,Credit Card
T04812,2023-11-18 00:00:00,C003,P003,S002,5,0.1,Mobile Money
T04813,2024-05-04 00:00:00,C104,P016,S001,2,0.15,Mobile Money
T04814,2023-12-21 00:00:00,C001,P001,S002,3,0.05,Mobile Money
T04815,2024-04-18 00:00:00,C082,P047,S002,3,0,Bank Transfer
T04816,2024-05-28 00:00:00,C091,P045,S002,4,0.1,Cash
T04817,2024-01-17 00:00:00,C180,P007,S005,4,0.1,Bank Transfer
T04818,2024-03-19 00:00:00,C174,P036,S001,2,0.15,Bank Transfer
T04819,2024-12-04 00:00:00,C131,P041,S005,2,0,Bank Transfer
T04820,2024-10-17 00:00:00,C184,P004,S005,4,0.15,Credit Card
T04821,2025-04-03 00:00:00,C133,P029,S003,3,0.15,Mobile Money
T04822,2025-04-27 00:00:00,C039,P004,S002,2,0.05,Mobile Money
T04823,2024-03-17 00:00:00,C010,P028,S004,4,0.15,Mobile Money
T04824,2024-05-09 00:00:00,C073,P007,S005,1,0.05,Bank Transfer
T04825,2025-08-08 00:00:00,C149,P012,S003,5,0.15,Credit Card
T04826,2025-06-13 00:00:00,C035,P009,S001,3,0.05,Mobile Money
T04827,2024-12-07 00:00:00,C048,P023,S002,4,0.05,Cash
T04828,2024-12-21 00:00:00,C099,P035,S004,4,0,Mobile Money
T04829,2024-10-21 00:00:00,C146,P010,S005,4,0.05,Credit Card
T04830,2025-06-07 00:00:00,C089,P029,S004,5,0.05,Credit Card
T04831,2025-04-19 00:00:00,C056,P031,S003,5,0.15,Mobile Money
T04832,2024-09-04 00:00:00,C143,P037,S005,4,0.15,Mobile Money
T04833,2024-06-26 00:00:00,C157,P008,S002,3,0.15,Cash
T04834,2025-03-14 00:00:00,C078,P050,S001,2,0.1,Credit Card
T04835,2025-03-14 00:00:00,C013,P036,S005,3,0.05,Cash
T04836,2025-08-07 00:00:00,C084,P022,S002,5,0.05,Cash
T04837,2025-04-10 00:00:00,C040,P037,S002,4,0,Cash
T04838,2024-04-08 00:00:00,C002,P032,S001,3,0.1,Cash
T04839,2024-11-19 00:00:00,C168,P040,S004,4,0.05,Cash
T04840,2024-02-23 00:00:00,C079,P032,S002,1,0.1,Cash
T04841,2024-01-22 00:00:00,C056,P001,S003,1,0,Credit Card
T04842,2024-12-09 00:00:00,C133,P007,S005,4,0.1,Credit Card
T04843,2024-04-29 00:00:00,C163,P031,S005,4,0.05,Cash
T04844,2023-10-01 00:00:00,C152,P013,S005,5,0.15,Bank Transfer
T04845,2023-12-31 00:00:00,C172,P018,S004,3,0.05,Credit Card
T04846,2024-03-09 00:00:00,C076,P018,S001,3,0.05,Cash
T04847,2024-11-06 00:00:00,C133,P008,S002,2,0.1,Credit Card
T04848,2023-12-28 00:00:00,C008,P041,S005,4,0.15,Mobile Money
T04849,2024-04-17 00:00:00,C156,P022,S001,5,0.1,Mobile Money
T04850,2025-08-31 00:00:00,C033,P029,S005,5,0,Bank Transfer
T04851,2024-05-29 00:00:00,C103,P037,S005,2,0,Cash
T04852,2025-04-08 00:00:00,C122,P006,S003,2,0,Mobile Money
T04853,2024-08-20 00:00:00,C158,P043,S004,4,0,Mobile Money
T04854,2025-02-02 00:00:00,C147,P020,S003,4,0.05,Bank Transfer
T04855,2025-03-25 00:00:00,C002,P018,S003,2,0.1,Mobile Money
T04856,2025-01-01 00:00:00,C066,P012,S001,2,0.1,Credit Card
T04857,2024-01-16 00:00:00,C019,P014,S002,4,0.1,Mobile Money
T04858,2025-05-05 00:00:00,C025,P010,S001,1,0.15,Mobile Money
T04859,2024-05-02 00:00:00,C127,P017,S002,2,0,Mobile Money
T04860,2025-01-17 00:00:00,C090,P041,S001,2,0.15,Cash
T04861,2023-11-18 00:00:00,C194,P010,S005,2,0,Credit Card
T04862,2024-02-29 00:00:00,C178,P003,S003,5,0,Credit Card
T04863,2025-08-11 00:00:00,C133,P050,S004,2,0.05,Mobile Money
T04864,2023-12-13 00:00:00,C011,P010,S002,3,0.05,Bank Transfer
T04865,2023-09-12 00:00:00,C080,P002,S003,4,0.1,Cash
T04866,2025-04-09 00:00:00,C200,P007,S003,4,0.15,Cash
T04867,2025-08-31 00:00:00,C114,P030,S005,4,0.05,Credit Card
T04868,2024-05-15 00:00:00,C081,P002,S001,1,0.15,Mobile Money
T04869,2025-06-23 00:00:00,C083,P049,S001,5,0,Mobile Money
T04870,2024-08-22 00:00:00,C162,P035,S001,5,0.1,Cash
T04871,2025-05-22 00:00:00,C124,P031,S002,2,0.1,Cash
T04872,2025-02-14 00:00:00,C069,P015,S003,4,0.05,Bank Transfer
T04873,2024-03-16 00:00:00,C010,P037,S005,1,0.1,Cash
T04874,2023-12-16 00:00:00,C089,P023,S003,5,0,Cash
T04875,2024-11-12 00:00:00,C083,P007,S004,3,0.1,Mobile Money
T04876,2025-08-09 00:00:00,C172,P035,S003,2,0,Mobile Money
T04877,2024-04-04 00:00:00,C013,P007,S004,4,0,Cash
T04878,2024-10-10 00:00:00,C073,P015,S001,5,0.05,Cash
T04879,2024-01-22 00:00:00,C184,P007,S003,3,0.1,Cash
T04880,2023-12-30 00:00:00,C139,P045,S003,1,0.05,Credit Card
T04881,2025-05-26 00:00:00,C046,P022,S001,5,0,Credit Card
T04882,2024-11-02 00:00:00,C151,P002,S004,4,0.05,Cash
T04883,2025-03-23 00:00:00,C062,P047,S005,3,0.15,Bank Transfer
T04884,2025-06-18 00:00:00,C161,P044,S001,4,0,Credit Card
T04885,2024-05-28 00:00:00,C101,P032,S003,2,0.1,Cash
T04886,2024-12-24 00:00:00,C098,P001,S003,4,0.05,Credit Card
T04887,2023-12-15 00:00:00,C185,P015,S002,3,0.15,Credit Card
T04888,2023-09-17 00:00:00,C052,P033,S001,2,0.15,Bank Transfer
T04889,2025-04-22 00:00:00,C068,P022,S001,5,0,Mobile Money
T04890,2024-05-11 00:00:00,C125,P001,S001,5,0.15,Cash
T04891,2025-01-15 00:00:00,C153,P033,S002,1,0,Cash
T04892,2025-01-28 00:00:00,C139,P020,S003,2,0,Cash
T04893,2024-01-15 00:00:00,C052,P030,S002,4,0.15,Cash
T04894,2023-11-10 00:00:00,C025,P018,S003,5,0.1,Bank Transfer
T04895,2025-05-03 00:00:00,C144,P029,S001,3,0.05,Mobile Money
T04896,2024-04-22 00:00:00,C062,P018,S002,1,0,Mobile Money
T04897,2025-03-10 00:00:00,C009,P002,S003,4,0.05,Credit Card
T04898,2025-03-09 00:00:00,C005,P031,S003,2,0.15,Cash
T04899,2023-11-27 00:00:00,C122,P036,S004,3,0.1,Bank Transfer
T04900,2024-01-31 00:00:00,C076,P009,S004,1,0.05,Credit Card
T04901,2025-07-10 00:00:00,C021,P036,S004,1,0.1,Mobile Money
T04902,2024-12-11 00:00:00,C191,P010,S001,5,0.1,Credit Card
T04903,2025-03-10 00:00:00,C148,P009,S003,4,0.15,Mobile Money
T04904,2024-06-15 00:00:00,C105,P048,S002,4,0.05,Credit Card
T04905,2025-05-19 00:00:00,C084,P012,S005,4,0,Bank Transfer
T04906,2024-11-07 00:00:00,C060,P036,S001,2,0.15,Cash
T04907,2025-04-01 00:00:00,C190,P017,S005,3,0,Credit Card
T04908,2024-09-30 00:00:00,C096,P029,S004,5,0.15,Cash
T04909,2024-06-30 00:00:00,C056,P006,S004,5,0.15,Cash
T04910,2024-03-14 00:00:00,C085,P029,S001,4,0.05,Cash
T04911,2024-10-20 00:00:00,C102,P029,S004,2,0.15,Cash
T04912,2024-01-06 00:00:00,C095,P019,S001,2,0,Mobile Money
T04913,2024-09-23 00:00:00,C069,P007,S001,5,0,Cash
T04914,2025-05-09 00:00:00,C056,P044,S005,1,0,Credit Card
T04915,2024-05-13 00:00:00,C016,P015,S002,1,0.05,Bank Transfer
T04916,2024-09-08 00:00:00,C035,P005,S001,5,0.1,Bank Transfer
T04917,2024-08-30 00:00:00,C041,P025,S002,4,0.1,Mobile Money
T04918,2024-10-14 00:00:00,C179,P002,S005,3,0.05,Cash
T04919,2025-02-27 00:00:00,C148,P011,S002,4,0,Cash
T04920,2024-05-19 00:00:00,C160,P014,S005,4,0,Credit Card
T04921,2024-12-03 00:00:00,C119,P047,S003,4,0.1,Bank Transfer
T04922,2024-05-08 00:00:00,C066,P031,S003,5,0.05,Cash
T04923,2025-02-11 00:00:00,C082,P003,S003,5,0.1,Bank Transfer
T04924,2025-08-27 00:00:00,C085,P012,S002,5,0,Cash
T04925,2024-08-26 00:00:00,C143,P035,S001,5,0,Mobile Money
T04926,2024-12-05 00:00:00,C090,P037,S003,5,0.05,Bank Transfer
T04927,2025-08-21 00:00:00,C073,P048,S003,4,0.15,Credit Card
T04928,2025-05-02 00:00:00,C043,P046,S005,3,0.05,Cash
T04929,2025-04-28 00:00:00,C127,P015,S005,4,0,Bank Transfer
T04930,2024-05-04 00:00:00,C180,P003,S004,4,0,Credit Card
T04931,2023-10-22 00:00:00,C105,P006,S001,4,0.05,Bank Transfer
T04932,2024-07-10 00:00:00,C139,P009,S004,1,0.15,Cash
T04933,2025-04-01 00:00:00,C076,P018,S004,2,0.15,Mobile Money
T04934,2024-01-22 00:00:00,C005,P025,S002,2,0.1,Cash
T04935,2025-02-24 00:00:00,C094,P042,S005,3,0,Cash
T04936,2024-03-02 00:00:00,C096,P027,S002,1,0,Mobile Money
T04937,2024-08-19 00:00:00,C059,P017,S001,4,0.15,Cash
T04938,2025-01-18 00:00:00,C081,P046,S004,1,0.1,Mobile Money
T04939,2024-09-21 00:00:00,C147,P021,S001,3,0.05,Credit Card
T04940,2025-02-27 00:00:00,C066,P023,S003,1,0.05,Credit Card
T04941,2025-01-10 00:00:00,C152,P028,S003,3,0.15,Bank Transfer
T04942,2024-01-04 00:00:00,C015,P044,S004,3,0.1,Credit Card
T04943,2023-12-23 00:00:00,C025,P028,S003,4,0,Bank Transfer
T04944,2024-01-11 00:00:00,C186,P047,S004,1,0,Mobile Money
T04945,2023-11-12 00:00:00,C112,P037,S003,4,0.05,Mobile Money
T04946,2024-12-27 00:00:00,C085,P043,S004,1,0.05,Credit Card
T04947,2025-08-30 00:00:00,C083,P013,S005,4,0.1,Mobile Money
T04948,2025-01-24 00:00:00,C102,P016,S005,1,0.1,Mobile Money
T04949,2024-05-10 00:00:00,C013,P001,S002,2,0.15,Mobile Money
T04950,2024-11-10 00:00:00,C188,P015,S001,5,0.1,Credit Card
T04951,2024-02-09 00:00:00,C002,P022,S001,5,0.05,Credit Card
T04952,2023-12-26 00:00:00,C007,P004,S005,3,0.15,Mobile Money
T04953,2025-02-02 00:00:00,C062,P046,S002,2,0.05,Mobile Money
T04954,2024-01-04 00:00:00,C055,P028,S002,2,0.15,Bank Transfer
T04955,2024-03-27 00:00:00,C067,P025,S001,2,0.05,Bank Transfer
T04956,2024-01-26 00:00:00,C062,P034,S002,4,0.15,Mobile Money
T04957,2023-10-28 00:00:00,C159,P031,S005,2,0.1,Credit Card
T04958,2024-09-19 00:00:00,C113,P019,S004,2,0.05,Credit Card
T04959,2025-08-12 00:00:00,C185,P034,S005,3,0.05,Cash
T04960,2024-03-21 00:00:00,C035,P004,S002,2,0,Cash
T04961,2025-04-19 00:00:00,C065,P021,S001,1,0.15,Credit Card
T04962,2025-07-06 00:00:00,C059,P009,S002,5,0.1,Bank Transfer
T04963,2024-11-25 00:00:00,C036,P043,S002,3,0.15,Cash
T04964,2025-04-08 00:00:00,C155,P010,S005,5,0.05,Cash
T04965,2025-04-13 00:00:00,C173,P013,S004,3,0.1,Cash
T04966,2023-11-25 00:00:00,C085,P023,S003,3,0.05,Mobile Money
T04967,2025-05-04 00:00:00,C015,P024,S004,3,0.15,Cash
T04968,2023-12-21 00:00:00,C052,P012,S005,2,0,Cash
T04969,2024-04-21 00:00:00,C001,P002,S004,3,0.05,Credit Card
T04970,2024-05-02 00:00:00,C173,P019,S002,2,0.15,Credit Card
T04971,2024-09-17 00:00:00,C033,P045,S004,4,0.15,Mobile Money
T04972,2024-04-07 00:00:00,C056,P004,S002,1,0.15,Cash
T04973,2025-07-04 00:00:00,C102,P046,S004,3,0.15,Cash
T04974,2024-10-21 00:00:00,C114,P039,S001,2,0.1,Cash
T04975,2024-07-12 00:00:00,C061,P010,S004,1,0.1,Bank Transfer
T04976,2024-01-22 00:00:00,C044,P032,S005,5,0.1,Credit Card
T04977,2024-02-07 00:00:00,C162,P011,S003,1,0,Mobile Money
T04978,2024-10-26 00:00:00,C182,P038,S003,1,0.05,Mobile Money
T04979,2025-02-11 00:00:00,C070,P013,S001,4,0.15,Bank Transfer
T04980,2025-07-16 00:00:00,C130,P001,S002,4,0.15,Mobile Money
T04981,2024-08-31 00:00:00,C036,P022,S003,5,0,Mobile Money
T04982,2025-06-08 00:00:00,C041,P037,S001,1,0.05,Mobile Money
T04983,2025-09-08 00:00:00,C049,P030,S005,3,0.15,Bank Transfer
T04984,2023-12-02 00:00:00,C106,P025,S001,3,0.15,Bank Transfer
T04985,2024-09-26 00:00:00,C081,P006,S005,4,0.05,Cash
T04986,2023-09-21 00:00:00,C134,P039,S002,5,0.15,Bank Transfer
T04987,2024-09-06 00:00:00,C154,P001,S001,3,0.15,Cash
T04988,2023-09-20 00:00:00,C151,P023,S005,3,0.1,Cash
T04989,2024-02-09 00:00:00,C073,P035,S005,2,0.05,Mobile Money
T04990,2024-08-29 00:00:00,C199,P036,S004,3,0.05,Credit Card
T04991,2025-06-18 00:00:00,C034,P009,S002,5,0.1,Mobile Money
T04992,2024-09-17 00:00:00,C026,P040,S002,1,0.05,Cash
T04993,2024-07-02 00:00:00,C170,P040,S001,3,0.1,Bank Transfer
T04994,2024-07-25 00:00:00,C059,P004,S003,1,0,Cash
T04995,2025-04-07 00:00:00,C047,P032,S004,4,0.05,Credit Card
T04996,2025-08-14 00:00:00,C050,P039,S005,5,0.1,Mobile Money
T04997,2024-11-24 00:00:00,C077,P021,S002,2,0.1,Mobile Money
T04998,2025-08-08 00:00:00,C184,P005,S004,5,0.15,Cash
T04999,2024-03-14 00:00:00,C132,P004,S005,5,0.05,Credit Card
T05000,2024-07-16 00:00:00,C053,P034,S004,5,0.15,Cash
